2026-02-25 00:00:00 Loggr <#51> [FileLogWriter] - Completed OpenFile. forceNew: True, reason: Date changed since last Write. LogLevel: Verbose
2026-02-25 00:00:00 Info  <#51> [MessageSender] - Resetting authorize counter
2026-02-25 00:00:00 Info  <#63> [MessageSender] - Resetting event counter
2026-02-25 00:00:00 Info  <#63> [VersionLoggerService] - Uptime: 4.17:44:34.3681646 (Since 02/20/2026 06:15:26 UTC)
2026-02-25 00:00:00 Info  <#63> [VersionLoggerService] - VERSIONS:
Operations version: 5.4
Operations settings version: 10
PowerManagement API level: 2
OS image:  Buildroot 2022.02.8-82-g10b7a47d4d
OS build:  5.0.5
OS kernel: Linux 4.14.213 #2 Tue Jul 25 09:18:22 UTC 2023
Model name: G-DC3ZFBT40
Serial number: 22030428

2026-02-25 00:00:00 Verb  <EVT> [ConnectorLogic 1] - LastState: Charging
2026-02-25 00:00:00 Verb  <EVT> [ConnectorLogic 2] - LastState: ChargingPausedByEv
2026-02-25 00:00:01 Verb  <EVT> [ConnectorLogic 1] - LastState: Charging
2026-02-25 00:00:01 Verb  <EVT> [ConnectorLogic 2] - LastState: ChargingPausedByEv
2026-02-25 00:00:02 Verb  <EVT> [ConnectorLogic 1] - LastState: Charging
2026-02-25 00:00:02 Verb  <EVT> [ConnectorLogic 2] - LastState: ChargingPausedByEv
2026-02-25 00:00:03 Verb  <EVT> [ConnectorLogic 1] - LastState: Charging
2026-02-25 00:00:03 Verb  <EVT> [ConnectorLogic 2] - LastState: ChargingPausedByEv
2026-02-25 00:00:04 Verb  <EVT> [ConnectorLogic 1] - LastState: Charging
2026-02-25 00:00:04 Verb  <EVT> [ConnectorLogic 2] - LastState: ChargingPausedByEv
2026-02-25 00:00:05 Verb  <EVT> [ConnectorLogic 1] - LastState: Charging
2026-02-25 00:00:05 Verb  <EVT> [ConnectorLogic 2] - LastState: ChargingPausedByEv
2026-02-25 00:00:06 Verb  <EVT> [ConnectorLogic 1] - LastState: Charging
2026-02-25 00:00:06 Verb  <EVT> [ConnectorLogic 2] - LastState: ChargingPausedByEv
2026-02-25 00:00:07 Verb  <#58> [SystemMonitor] - CPU loads: 1.36 1.66 1.76
2026-02-25 00:00:07 Verb  <EVT> [ConnectorLogic 1] - LastState: Charging
2026-02-25 00:00:07 Verb  <EVT> [Evse 1] - Created ConnectorShortStatusData: {
  "ConnectorId": 1,
  "Current": {
    "L1": 15.585,
    "L2": 15.09,
    "L3": 14.991
  },
  "Power": {
    "L1": 3.7037,
    "L2": 3.5791001,
    "L3": 3.5695,
    "Total": 10.8527
  },
  "Consumption": {
    "L1": 0.0,
    "L2": 0.0,
    "L3": 0.0,
    "Total": 29.5
  },
  "LocalTarget": 16,
  "IsMaxCurrentKnown": true
}
2026-02-25 00:00:07 Verb  <EVT> [ConnectorLogic 2] - LastState: ChargingPausedByEv
2026-02-25 00:00:08 Verb  <EVT> [ConnectorLogic 1] - LastState: Charging
2026-02-25 00:00:08 Verb  <EVT> [ConnectorLogic 2] - LastState: ChargingPausedByEv
2026-02-25 00:00:09 Verb  <EVT> [ConnectorLogic 1] - LastState: Charging
2026-02-25 00:00:09 Verb  <EVT> [ConnectorLogic 2] - LastState: ChargingPausedByEv
2026-02-25 00:00:10 Verb  <EVT> [ConnectorLogic 1] - LastState: Charging
2026-02-25 00:00:10 Verb  <EVT> [ConnectorLogic 2] - LastState: ChargingPausedByEv
2026-02-25 00:00:11 Verb  <EVT> [ConnectorLogic 1] - LastState: Charging
2026-02-25 00:00:11 Verb  <EVT> [ConnectorLogic 2] - LastState: ChargingPausedByEv
2026-02-25 00:00:13 Verb  <EVT> [ConnectorLogic 1] - LastState: Charging
2026-02-25 00:00:15 Verb  <EVT> [ConnectorLogic 2] - LastState: ChargingPausedByEv
2026-02-25 00:00:15 Verb  <EVT> [ConnectorLogic 1] - LastState: Charging
2026-02-25 00:00:15 Verb  <EVT> [ConnectorLogic 2] - LastState: ChargingPausedByEv
2026-02-25 00:00:17 Verb  <EVT> [ConnectorLogic 1] - LastState: Charging
2026-02-25 00:00:17 Verb  <EVT> [ConnectorLogic 2] - LastState: ChargingPausedByEv
2026-02-25 00:00:17 Verb  <EVT> [ConnectorLogic 1] - LastState: Charging
2026-02-25 00:00:17 Verb  <EVT> [ConnectorLogic 2] - LastState: ChargingPausedByEv
2026-02-25 00:00:18 Verb  <#51> [SystemMonitor] - CPU loads: 1.31 1.63 1.75
2026-02-25 00:00:18 Verb  <EVT> [ConnectorLogic 1] - LastState: Charging
2026-02-25 00:00:18 Verb  <EVT> [ConnectorLogic 2] - LastState: ChargingPausedByEv
2026-02-25 00:00:18 Verb  <EVT> [ConnectorLogic 1] - LastState: Charging
2026-02-25 00:00:18 Verb  <EVT> [ConnectorLogic 2] - LastState: ChargingPausedByEv
2026-02-25 00:00:18 Verb  <EVT> [ConnectorLogic 1] - LastState: Charging
2026-02-25 00:00:18 Verb  <EVT> [ConnectorLogic 2] - LastState: ChargingPausedByEv
2026-02-25 00:00:19 Verb  <EVT> [ConnectorLogic 1] - LastState: Charging
2026-02-25 00:00:19 Verb  <EVT> [ConnectorLogic 2] - LastState: ChargingPausedByEv
2026-02-25 00:00:20 Verb  <EVT> [ConnectorLogic 1] - LastState: Charging
2026-02-25 00:00:20 Verb  <EVT> [Evse 1] - Created ConnectorStatusData: {
  "ConnectorId": 1,
  "Status": "Charging",
  "Current": {
    "L1": 15.581,
    "L2": 15.161,
    "L3": 14.954
  },
  "Power": {
    "L1": 3.6985,
    "L2": 3.5923,
    "L3": 3.5633001,
    "Total": 10.8543
  },
  "Consumption": {
    "L1": 0.0,
    "L2": 0.0,
    "L3": 0.0,
    "Total": 29.5
  },
  "CurrentSession": {
    "StartTime": "2026-02-24T20:49:51.0918872Z",
    "ConsumedEnergy": 29.5,
    "PhaseUsedByVehicle": "L123",
    "VehicleMinCurrentA": 6.0,
    "VehicleMaxCurrentA": 15.599,
    "IsVehicleMaxCurrentKnown": true,
    "IsVehicleResponsive": true
  },
  "ChargingUserPreferences": {
    "ChargingMode": "Fast",
    "PlannedDepartureTime": "2026-02-25T06:30:00Z",
    "PlannedEnergyConsumption": 100.0
  },
  "CurrentSetpoint": 16
}
2026-02-25 00:00:20 Verb  <EVT> [ConnectorLogic 2] - LastState: ChargingPausedByEv
2026-02-25 00:00:20 Verb  <EVT> [Evse 2] - Created ConnectorStatusData: {
  "ConnectorId": 2,
  "Status": "ChargingPausedByEv",
  "Current": {
    "L1": 0.0,
    "L2": 0.0,
    "L3": 0.0
  },
  "Power": {
    "L1": 0.0,
    "L2": 0.0,
    "L3": 0.0,
    "Total": 0.0
  },
  "Consumption": {
    "L1": 0.0,
    "L2": 0.0,
    "L3": 0.0,
    "Total": 33.2
  },
  "CurrentSession": {
    "StartTime": "2026-02-24T19:36:48.6309339Z",
    "ConsumedEnergy": 33.2,
    "PhaseUsedByVehicle": "L123",
    "VehicleMinCurrentA": 6.0,
    "VehicleMaxCurrentA": 15.952,
    "IsVehicleMaxCurrentKnown": true,
    "IsVehicleResponsive": true
  },
  "ChargingUserPreferences": {
    "ChargingMode": "Fast",
    "PlannedDepartureTime": "2026-02-24T22:00:00Z",
    "PlannedEnergyConsumption": 100.0
  },
  "CurrentSetpoint": 16
}
2026-02-25 00:00:20 Verb  <EVT> [ConnectorLogic 1] - LastState: Charging
2026-02-25 00:00:20 Verb  <EVT> [ConnectorLogic 2] - LastState: ChargingPausedByEv
2026-02-25 00:00:21 Verb  <EVT> [ConnectorLogic 1] - LastState: Charging
2026-02-25 00:00:21 Verb  <EVT> [ConnectorLogic 2] - LastState: ChargingPausedByEv
2026-02-25 00:00:22 Verb  <EVT> [ConnectorLogic 1] - LastState: Charging
2026-02-25 00:00:22 Verb  <EVT> [ConnectorLogic 2] - LastState: ChargingPausedByEv
2026-02-25 00:00:23 Verb  <EVT> [ConnectorLogic 1] - LastState: Charging
2026-02-25 00:00:23 Verb  <EVT> [ConnectorLogic 2] - LastState: ChargingPausedByEv
2026-02-25 00:00:24 Verb  <EVT> [ConnectorLogic 1] - LastState: Charging
2026-02-25 00:00:24 Verb  <EVT> [ConnectorLogic 2] - LastState: ChargingPausedByEv
2026-02-25 00:00:25 Verb  <EVT> [ConnectorLogic 1] - LastState: Charging
2026-02-25 00:00:25 Verb  <EVT> [ConnectorLogic 2] - LastState: ChargingPausedByEv
2026-02-25 00:00:26 Verb  <EVT> [ConnectorLogic 1] - LastState: Charging
2026-02-25 00:00:26 Verb  <EVT> [ConnectorLogic 2] - LastState: ChargingPausedByEv
2026-02-25 00:00:27 Verb  <#65> [SystemMonitor] - CPU loads: 1.34 1.63 1.75
2026-02-25 00:00:27 Verb  <EVT> [ConnectorLogic 1] - LastState: Charging
2026-02-25 00:00:27 Verb  <EVT> [ConnectorLogic 2] - LastState: ChargingPausedByEv
2026-02-25 00:00:28 Verb  <EVT> [ConnectorLogic 1] - LastState: Charging
2026-02-25 00:00:28 Verb  <EVT> [ConnectorLogic 2] - LastState: ChargingPausedByEv
2026-02-25 00:00:29 Verb  <EVT> [ConnectorLogic 1] - LastState: Charging
2026-02-25 00:00:29 Verb  <EVT> [ConnectorLogic 2] - LastState: ChargingPausedByEv
2026-02-25 00:00:30 Verb  <EVT> [ConnectorLogic 1] - LastState: Charging
2026-02-25 00:00:30 Verb  <EVT> [ConnectorLogic 2] - LastState: ChargingPausedByEv
2026-02-25 00:00:31 Verb  <EVT> [ConnectorLogic 1] - LastState: Charging
2026-02-25 00:00:31 Verb  <EVT> [ConnectorLogic 2] - LastState: ChargingPausedByEv
2026-02-25 00:00:32 Verb  <EVT> [ConnectorLogic 1] - LastState: Charging
2026-02-25 00:00:32 Verb  <EVT> [ConnectorLogic 2] - LastState: ChargingPausedByEv
2026-02-25 00:00:33 Verb  <EVT> [ConnectorLogic 1] - LastState: Charging
2026-02-25 00:00:33 Verb  <EVT> [ConnectorLogic 2] - LastState: ChargingPausedByEv
2026-02-25 00:00:34 Verb  <EVT> [ConnectorLogic 1] - LastState: Charging
2026-02-25 00:00:34 Verb  <EVT> [ConnectorLogic 2] - LastState: ChargingPausedByEv
2026-02-25 00:00:35 Verb  <EVT> [ConnectorLogic 1] - LastState: Charging
2026-02-25 00:00:35 Verb  <EVT> [ConnectorLogic 2] - LastState: ChargingPausedByEv
2026-02-25 00:00:36 Verb  <EVT> [ConnectorLogic 1] - LastState: Charging
2026-02-25 00:00:36 Verb  <EVT> [ConnectorLogic 2] - LastState: ChargingPausedByEv
2026-02-25 00:00:37 Verb  <#61> [SystemMonitor] - CPU loads: 1.13 1.57 1.73
2026-02-25 00:00:37 Verb  <EVT> [ConnectorLogic 1] - LastState: Charging
2026-02-25 00:00:37 Verb  <EVT> [ConnectorLogic 2] - LastState: ChargingPausedByEv
2026-02-25 00:00:38 Verb  <EVT> [ConnectorLogic 1] - LastState: Charging
2026-02-25 00:00:38 Verb  <EVT> [ConnectorLogic 2] - LastState: ChargingPausedByEv
2026-02-25 00:00:39 Verb  <EVT> [ConnectorLogic 1] - LastState: Charging
2026-02-25 00:00:39 Verb  <EVT> [Evse 1] - Created ConnectorShortStatusData: {
  "ConnectorId": 1,
  "Current": {
    "L1": 15.572,
    "L2": 15.131,
    "L3": 14.947
  },
  "Power": {
    "L1": 3.7038,
    "L2": 3.5878,
    "L3": 3.564,
    "Total": 10.855599
  },
  "Consumption": {
    "L1": 0.0,
    "L2": 0.0,
    "L3": 0.0,
    "Total": 29.6
  },
  "LocalTarget": 16,
  "IsMaxCurrentKnown": true
}
2026-02-25 00:00:39 Verb  <EVT> [ConnectorLogic 2] - LastState: ChargingPausedByEv
2026-02-25 00:00:40 Verb  <EVT> [ConnectorLogic 1] - LastState: Charging
2026-02-25 00:00:40 Verb  <EVT> [ConnectorLogic 2] - LastState: ChargingPausedByEv
2026-02-25 00:00:41 Verb  <EVT> [ConnectorLogic 1] - LastState: Charging
2026-02-25 00:00:41 Verb  <EVT> [ConnectorLogic 2] - LastState: ChargingPausedByEv
2026-02-25 00:00:42 Verb  <EVT> [ConnectorLogic 1] - LastState: Charging
2026-02-25 00:00:42 Verb  <EVT> [ConnectorLogic 2] - LastState: ChargingPausedByEv
2026-02-25 00:00:43 Verb  <EVT> [ConnectorLogic 1] - LastState: Charging
2026-02-25 00:00:43 Verb  <EVT> [ConnectorLogic 2] - LastState: ChargingPausedByEv
2026-02-25 00:00:44 Verb  <EVT> [ConnectorLogic 1] - LastState: Charging
2026-02-25 00:00:44 Verb  <EVT> [ConnectorLogic 2] - LastState: ChargingPausedByEv
2026-02-25 00:00:45 Verb  <EVT> [ConnectorLogic 1] - LastState: Charging
2026-02-25 00:00:45 Verb  <EVT> [ConnectorLogic 2] - LastState: ChargingPausedByEv
2026-02-25 00:00:46 Verb  <EVT> [ConnectorLogic 1] - LastState: Charging
2026-02-25 00:00:46 Verb  <EVT> [ConnectorLogic 2] - LastState: ChargingPausedByEv
2026-02-25 00:00:47 Verb  <#67> [SystemMonitor] - CPU loads: 1.11 1.56 1.72
2026-02-25 00:00:47 Verb  <EVT> [ConnectorLogic 1] - LastState: Charging
2026-02-25 00:00:47 Verb  <EVT> [ConnectorLogic 2] - LastState: ChargingPausedByEv
2026-02-25 00:00:48 Warn  <#67> [AfeEnergyMeter] - Cannot read temperature from AFE: Could not find file '/sys/bus/spi/drivers/afe_at90e36/spi1.1/Temp'.
2026-02-25 00:00:48 Error <#67> [EnergyMeterService evse2] - SendMeasurements - Temperature: could not read value (AfeSystemFault)
2026-02-25 00:00:48 Verb  <EVT> [ConnectorLogic 1] - LastState: Charging
2026-02-25 00:00:48 Verb  <EVT> [ConnectorLogic 2] - LastState: ChargingPausedByEv
2026-02-25 00:00:49 Verb  <#70> [OcppClient] - Sent: [2,"19d3","MeterValues",{"connectorId":2,"meterValue":[{"timestamp":"2026-02-25T00:00:47.738Z","sampledValue":[{"value":"0","context":"Sample.Periodic","measurand":"Current.Import","phase":"L1","unit":"A"},{"value":"0","context":"Sample.Periodic","measurand":"Current.Import","phase":"L2","unit":"A"},{"value":"0","context":"Sample.Periodic","measurand":"Current.Import","phase":"L3","unit":"A"},{"value":"35855.8","context":"Sample.Periodic","measurand":"Energy.Active.Import.Register","unit":"kWh"},{"value":"49.99","context":"Sample.Periodic","measurand":"Frequency"},{"value":"0","context":"Sample.Periodic","measurand":"Power.Active.Import","phase":"L1","unit":"kW"},{"value":"0","context":"Sample.Periodic","measurand":"Power.Active.Import","phase":"L2","unit":"kW"},{"value":"0","context":"Sample.Periodic","measurand":"Power.Active.Import","phase":"L3","unit":"kW"},{"value":"0","context":"Sample.Periodic","measurand":"Power.Active.Import","unit":"kW"},{"value":"-1","context":"Sample.Periodic","measurand":"Power.Factor"},{"value":"239","context":"Sample.Periodic","measurand":"Voltage","phase":"L1","unit":"V"},{"value":"238.6","context":"Sample.Periodic","measurand":"Voltage","phase":"L2","unit":"V"},{"value":"237.9","context":"Sample.Periodic","measurand":"Voltage","phase":"L3","unit":"V"},{"value":"16","context":"Sample.Periodic","measurand":"Current.Offered","unit":"A"}]}],"transactionId":2027725}]
2026-02-25 00:00:49 Verb  <EVT> [ConnectorLogic 1] - LastState: Charging
2026-02-25 00:00:49 Verb  <EVT> [ConnectorLogic 2] - LastState: ChargingPausedByEv
2026-02-25 00:00:49 Verb  <#67> [OcppClient] - Received: [3,"19d3",{}]
2026-02-25 00:00:49 Verb  <CommHandler first queue> [OcppMessageSender] - OcppMessageSender received response 
OcppAction: MeterValues
OcppMessage response: {}
2026-02-25 00:00:50 Verb  <EVT> [ConnectorLogic 1] - LastState: Charging
2026-02-25 00:00:50 Verb  <EVT> [Evse 1] - Created ConnectorStatusData: {
  "ConnectorId": 1,
  "Status": "Charging",
  "Current": {
    "L1": 15.583,
    "L2": 15.134,
    "L3": 14.975
  },
  "Power": {
    "L1": 3.7008,
    "L2": 3.587,
    "L3": 3.5716002,
    "Total": 10.8587
  },
  "Consumption": {
    "L1": 0.0,
    "L2": 0.0,
    "L3": 0.0,
    "Total": 29.6
  },
  "CurrentSession": {
    "StartTime": "2026-02-24T20:49:51.0918872Z",
    "ConsumedEnergy": 29.6,
    "PhaseUsedByVehicle": "L123",
    "VehicleMinCurrentA": 6.0,
    "VehicleMaxCurrentA": 15.599,
    "IsVehicleMaxCurrentKnown": true,
    "IsVehicleResponsive": true
  },
  "ChargingUserPreferences": {
    "ChargingMode": "Fast",
    "PlannedDepartureTime": "2026-02-25T06:30:00Z",
    "PlannedEnergyConsumption": 100.0
  },
  "CurrentSetpoint": 16
}
2026-02-25 00:00:50 Verb  <EVT> [ConnectorLogic 2] - LastState: ChargingPausedByEv
2026-02-25 00:00:50 Verb  <EVT> [Evse 2] - Created ConnectorStatusData: {
  "ConnectorId": 2,
  "Status": "ChargingPausedByEv",
  "Current": {
    "L1": 0.0,
    "L2": 0.0,
    "L3": 0.0
  },
  "Power": {
    "L1": 0.0,
    "L2": 0.0,
    "L3": 0.0,
    "Total": 0.0
  },
  "Consumption": {
    "L1": 0.0,
    "L2": 0.0,
    "L3": 0.0,
    "Total": 33.2
  },
  "CurrentSession": {
    "StartTime": "2026-02-24T19:36:48.6309339Z",
    "ConsumedEnergy": 33.2,
    "PhaseUsedByVehicle": "L123",
    "VehicleMinCurrentA": 6.0,
    "VehicleMaxCurrentA": 15.952,
    "IsVehicleMaxCurrentKnown": true,
    "IsVehicleResponsive": true
  },
  "ChargingUserPreferences": {
    "ChargingMode": "Fast",
    "PlannedDepartureTime": "2026-02-24T22:00:00Z",
    "PlannedEnergyConsumption": 100.0
  },
  "CurrentSetpoint": 16
}
2026-02-25 00:00:50 Verb  <EVT> [ConnectorLogic 1] - LastState: Charging
2026-02-25 00:00:50 Verb  <EVT> [ConnectorLogic 2] - LastState: ChargingPausedByEv
2026-02-25 00:00:51 Verb  <EVT> [ConnectorLogic 1] - LastState: Charging
2026-02-25 00:00:51 Info  <#51> [AfeEnergyMeter] - Calibrating AFE at 1.1
2026-02-25 00:00:51 Verb  <EVT> [ConnectorLogic 2] - LastState: ChargingPausedByEv
2026-02-25 00:00:51 Warn  <#51> [AfeEnergyMeter] - Cannot read temperature from AFE: Could not find file '/sys/bus/spi/drivers/afe_at90e36/spi1.1/Temp'.
2026-02-25 00:00:51 Error <#51> [EnergyMeterService evse1] - SendMeasurements - Temperature: could not read value (AfeSystemFault)
2026-02-25 00:00:51 Verb  <#51> [OcppClient] - Sent: [2,"19d4","MeterValues",{"connectorId":1,"meterValue":[{"timestamp":"2026-02-25T00:00:50.71Z","sampledValue":[{"value":"15.583","context":"Sample.Periodic","measurand":"Current.Import","phase":"L1","unit":"A"},{"value":"15.134","context":"Sample.Periodic","measurand":"Current.Import","phase":"L2","unit":"A"},{"value":"14.975","context":"Sample.Periodic","measurand":"Current.Import","phase":"L3","unit":"A"},{"value":"24360.3","context":"Sample.Periodic","measurand":"Energy.Active.Import.Register","unit":"kWh"},{"value":"49.96","context":"Sample.Periodic","measurand":"Frequency"},{"value":"3.7008","context":"Sample.Periodic","measurand":"Power.Active.Import","phase":"L1","unit":"kW"},{"value":"3.587","context":"Sample.Periodic","measurand":"Power.Active.Import","phase":"L2","unit":"kW"},{"value":"3.5716002","context":"Sample.Periodic","measurand":"Power.Active.Import","phase":"L3","unit":"kW"},{"value":"10.8587","context":"Sample.Periodic","measurand":"Power.Active.Import","unit":"kW"},{"value":"0.9971","context":"Sample.Periodic","measurand":"Power.Factor"},{"value":"238.4","context":"Sample.Periodic","measurand":"Voltage","phase":"L1","unit":"V"},{"value":"237.5","context":"Sample.Periodic","measurand":"Voltage","phase":"L2","unit":"V"},{"value":"239.1","context":"Sample.Periodic","measurand":"Voltage","phase":"L3","unit":"V"},{"value":"16","context":"Sample.Periodic","measurand":"Current.Offered","unit":"A"}]}],"transactionId":2027882}]
2026-02-25 00:00:52 Verb  <#70> [OcppClient] - Received: [3,"19d4",{}]
2026-02-25 00:00:52 Verb  <CommHandler first queue> [OcppMessageSender] - OcppMessageSender received response 
OcppAction: MeterValues
OcppMessage response: {}
2026-02-25 00:00:52 Verb  <EVT> [ConnectorLogic 1] - LastState: Charging
2026-02-25 00:00:52 Verb  <EVT> [ConnectorLogic 2] - LastState: ChargingPausedByEv
2026-02-25 00:00:53 Verb  <EVT> [ConnectorLogic 1] - LastState: Charging
2026-02-25 00:00:53 Verb  <EVT> [ConnectorLogic 2] - LastState: ChargingPausedByEv
2026-02-25 00:00:54 Verb  <EVT> [ConnectorLogic 1] - LastState: Charging
2026-02-25 00:00:54 Verb  <EVT> [ConnectorLogic 2] - LastState: ChargingPausedByEv
2026-02-25 00:00:55 Verb  <EVT> [ConnectorLogic 1] - LastState: Charging
2026-02-25 00:00:55 Verb  <EVT> [ConnectorLogic 2] - LastState: ChargingPausedByEv
2026-02-25 00:00:56 Verb  <EVT> [ConnectorLogic 1] - LastState: Charging
2026-02-25 00:00:56 Verb  <EVT> [ConnectorLogic 2] - LastState: ChargingPausedByEv
2026-02-25 00:00:57 Verb  <#63> [SystemMonitor] - CPU loads: 1.17 1.55 1.72
2026-02-25 00:00:57 Verb  <EVT> [ConnectorLogic 1] - LastState: Charging
2026-02-25 00:00:57 Verb  <EVT> [ConnectorLogic 2] - LastState: ChargingPausedByEv
2026-02-25 00:00:58 Verb  <EVT> [ConnectorLogic 1] - LastState: Charging
2026-02-25 00:00:58 Verb  <EVT> [ConnectorLogic 2] - LastState: ChargingPausedByEv
2026-02-25 00:00:59 Verb  <EVT> [ConnectorLogic 1] - LastState: Charging
2026-02-25 00:00:59 Verb  <EVT> [ConnectorLogic 2] - LastState: ChargingPausedByEv
2026-02-25 00:01:00 Verb  <EVT> [ConnectorLogic 1] - LastState: Charging
2026-02-25 00:01:00 Verb  <EVT> [ConnectorLogic 2] - LastState: ChargingPausedByEv
2026-02-25 00:01:01 Verb  <EVT> [ConnectorLogic 1] - LastState: Charging
2026-02-25 00:01:01 Verb  <EVT> [ConnectorLogic 2] - LastState: ChargingPausedByEv
2026-02-25 00:01:02 Verb  <EVT> [ConnectorLogic 1] - LastState: Charging
2026-02-25 00:01:02 Verb  <EVT> [ConnectorLogic 2] - LastState: ChargingPausedByEv
2026-02-25 00:01:03 Verb  <EVT> [ConnectorLogic 1] - LastState: Charging
2026-02-25 00:01:03 Verb  <EVT> [ConnectorLogic 2] - LastState: ChargingPausedByEv
2026-02-25 00:01:04 Verb  <EVT> [ConnectorLogic 1] - LastState: Charging
2026-02-25 00:01:04 Verb  <EVT> [ConnectorLogic 2] - LastState: ChargingPausedByEv
2026-02-25 00:01:05 Verb  <EVT> [ConnectorLogic 1] - LastState: Charging
2026-02-25 00:01:05 Verb  <EVT> [ConnectorLogic 2] - LastState: ChargingPausedByEv
2026-02-25 00:01:06 Verb  <EVT> [ConnectorLogic 1] - LastState: Charging
2026-02-25 00:01:06 Verb  <EVT> [ConnectorLogic 2] - LastState: ChargingPausedByEv
2026-02-25 00:01:07 Verb  <#58> [SystemMonitor] - CPU loads: 1.22 1.55 1.72
2026-02-25 00:01:07 Verb  <EVT> [ConnectorLogic 1] - LastState: Charging
2026-02-25 00:01:07 Verb  <EVT> [ConnectorLogic 2] - LastState: ChargingPausedByEv
2026-02-25 00:01:08 Verb  <EVT> [ConnectorLogic 1] - LastState: Charging
2026-02-25 00:01:08 Verb  <EVT> [ConnectorLogic 2] - LastState: ChargingPausedByEv
2026-02-25 00:01:09 Verb  <EVT> [ConnectorLogic 1] - LastState: Charging
2026-02-25 00:01:09 Verb  <EVT> [ConnectorLogic 2] - LastState: ChargingPausedByEv
2026-02-25 00:01:10 Verb  <EVT> [ConnectorLogic 1] - LastState: Charging
2026-02-25 00:01:10 Verb  <EVT> [ConnectorLogic 2] - LastState: ChargingPausedByEv
2026-02-25 00:01:11 Verb  <EVT> [ConnectorLogic 1] - LastState: Charging
2026-02-25 00:01:11 Verb  <EVT> [ConnectorLogic 2] - LastState: ChargingPausedByEv
2026-02-25 00:01:12 Verb  <EVT> [ConnectorLogic 1] - LastState: Charging
2026-02-25 00:01:12 Verb  <EVT> [ConnectorLogic 2] - LastState: ChargingPausedByEv
2026-02-25 00:01:13 Verb  <EVT> [ConnectorLogic 1] - LastState: Charging
2026-02-25 00:01:13 Verb  <EVT> [Evse 1] - Created ConnectorShortStatusData: {
  "ConnectorId": 1,
  "Current": {
    "L1": 15.58,
    "L2": 15.159,
    "L3": 14.975
  },
  "Power": {
    "L1": 3.6989,
    "L2": 3.5961,
    "L3": 3.5708,
    "Total": 10.866
  },
  "Consumption": {
    "L1": 0.0,
    "L2": 0.0,
    "L3": 0.0,
    "Total": 29.7
  },
  "LocalTarget": 16,
  "IsMaxCurrentKnown": true
}
2026-02-25 00:01:13 Verb  <EVT> [ConnectorLogic 2] - LastState: ChargingPausedByEv
2026-02-25 00:01:14 Verb  <EVT> [ConnectorLogic 1] - LastState: Charging
2026-02-25 00:01:14 Verb  <EVT> [ConnectorLogic 2] - LastState: ChargingPausedByEv
2026-02-25 00:01:15 Verb  <EVT> [ConnectorLogic 1] - LastState: Charging
2026-02-25 00:01:15 Verb  <EVT> [ConnectorLogic 2] - LastState: ChargingPausedByEv
2026-02-25 00:01:16 Verb  <EVT> [ConnectorLogic 1] - LastState: Charging
2026-02-25 00:01:16 Verb  <EVT> [ConnectorLogic 2] - LastState: ChargingPausedByEv
2026-02-25 00:01:17 Verb  <#58> [SystemMonitor] - CPU loads: 1.18 1.53 1.71
2026-02-25 00:01:17 Verb  <EVT> [ConnectorLogic 1] - LastState: Charging
2026-02-25 00:01:17 Verb  <EVT> [ConnectorLogic 2] - LastState: ChargingPausedByEv
2026-02-25 00:01:18 Verb  <EVT> [ConnectorLogic 1] - LastState: Charging
2026-02-25 00:01:18 Verb  <EVT> [ConnectorLogic 2] - LastState: ChargingPausedByEv
2026-02-25 00:01:19 Verb  <EVT> [ConnectorLogic 1] - LastState: Charging
2026-02-25 00:01:19 Verb  <EVT> [ConnectorLogic 2] - LastState: ChargingPausedByEv
2026-02-25 00:01:20 Verb  <EVT> [ConnectorLogic 1] - LastState: Charging
2026-02-25 00:01:21 Verb  <EVT> [Evse 1] - Created ConnectorStatusData: {
  "ConnectorId": 1,
  "Status": "Charging",
  "Current": {
    "L1": 15.595,
    "L2": 15.067,
    "L3": 15.002
  },
  "Power": {
    "L1": 3.7093,
    "L2": 3.5771,
    "L3": 3.5797,
    "Total": 10.866099
  },
  "Consumption": {
    "L1": 0.0,
    "L2": 0.0,
    "L3": 0.0,
    "Total": 29.7
  },
  "CurrentSession": {
    "StartTime": "2026-02-24T20:49:51.0918872Z",
    "ConsumedEnergy": 29.7,
    "PhaseUsedByVehicle": "L123",
    "VehicleMinCurrentA": 6.0,
    "VehicleMaxCurrentA": 15.601,
    "IsVehicleMaxCurrentKnown": true,
    "IsVehicleResponsive": true
  },
  "ChargingUserPreferences": {
    "ChargingMode": "Fast",
    "PlannedDepartureTime": "2026-02-25T06:30:00Z",
    "PlannedEnergyConsumption": 100.0
  },
  "CurrentSetpoint": 16
}
2026-02-25 00:01:21 Verb  <EVT> [ConnectorLogic 2] - LastState: ChargingPausedByEv
2026-02-25 00:01:21 Verb  <EVT> [Evse 2] - Created ConnectorStatusData: {
  "ConnectorId": 2,
  "Status": "ChargingPausedByEv",
  "Current": {
    "L1": 0.0,
    "L2": 0.0,
    "L3": 0.0
  },
  "Power": {
    "L1": 0.0,
    "L2": 0.0,
    "L3": 0.0,
    "Total": 0.0
  },
  "Consumption": {
    "L1": 0.0,
    "L2": 0.0,
    "L3": 0.0,
    "Total": 33.2
  },
  "CurrentSession": {
    "StartTime": "2026-02-24T19:36:48.6309339Z",
    "ConsumedEnergy": 33.2,
    "PhaseUsedByVehicle": "L123",
    "VehicleMinCurrentA": 6.0,
    "VehicleMaxCurrentA": 15.952,
    "IsVehicleMaxCurrentKnown": true,
    "IsVehicleResponsive": true
  },
  "ChargingUserPreferences": {
    "ChargingMode": "Fast",
    "PlannedDepartureTime": "2026-02-24T22:00:00Z",
    "PlannedEnergyConsumption": 100.0
  },
  "CurrentSetpoint": 16
}
2026-02-25 00:01:21 Verb  <EVT> [ConnectorLogic 1] - LastState: Charging
2026-02-25 00:01:21 Verb  <EVT> [ConnectorLogic 2] - LastState: ChargingPausedByEv
2026-02-25 00:01:21 Verb  <EVT> [ConnectorLogic 1] - LastState: Charging
2026-02-25 00:01:21 Verb  <EVT> [ConnectorLogic 2] - LastState: ChargingPausedByEv
2026-02-25 00:01:22 Verb  <EVT> [ConnectorLogic 1] - LastState: Charging
2026-02-25 00:01:22 Verb  <EVT> [ConnectorLogic 2] - LastState: ChargingPausedByEv
2026-02-25 00:01:23 Verb  <EVT> [ConnectorLogic 1] - LastState: Charging
2026-02-25 00:01:23 Verb  <EVT> [ConnectorLogic 1] - TargetCurrents {
  "ChargingProfiles": {
    "Current": null,
    "Unit": "A",
    "Source": "ChargingProfiles"
  },
  "SmartCluster": {
    "Current": 16,
    "Unit": "A",
    "Source": "SmartCluster"
  }
}
2026-02-25 00:01:23 Info  <EVT> [ConnectorLogic 1] - TargetCurrent from SmartCluster, current: 16
2026-02-25 00:01:23 Verb  <EVT> [ConnectorLogic 1] - Applying 16 A from SmartCluster triggered by ConnectorMaxOutput (SmartCluster)
2026-02-25 00:01:23 Verb  <EVT> [ConnectorLogic 2] - LastState: ChargingPausedByEv
2026-02-25 00:01:23 Verb  <EVT> [ConnectorLogic 1] - LastState: Charging
2026-02-25 00:01:23 Verb  <EVT> [ConnectorLogic 2] - LastState: ChargingPausedByEv
2026-02-25 00:01:24 Verb  <EVT> [ConnectorLogic 1] - LastState: Charging
2026-02-25 00:01:24 Verb  <EVT> [ConnectorLogic 2] - LastState: ChargingPausedByEv
2026-02-25 00:01:25 Verb  <EVT> [ConnectorLogic 1] - LastState: Charging
2026-02-25 00:01:25 Verb  <EVT> [ConnectorLogic 2] - LastState: ChargingPausedByEv
2026-02-25 00:01:26 Verb  <EVT> [ConnectorLogic 1] - LastState: Charging
2026-02-25 00:01:26 Verb  <EVT> [ConnectorLogic 2] - LastState: ChargingPausedByEv
2026-02-25 00:01:27 Verb  <#51> [SystemMonitor] - CPU loads: 1.23 1.53 1.71
2026-02-25 00:01:27 Verb  <EVT> [ConnectorLogic 1] - LastState: Charging
2026-02-25 00:01:27 Verb  <EVT> [ConnectorLogic 2] - LastState: ChargingPausedByEv
2026-02-25 00:01:28 Verb  <EVT> [ConnectorLogic 1] - LastState: Charging
2026-02-25 00:01:28 Verb  <EVT> [ConnectorLogic 2] - LastState: ChargingPausedByEv
2026-02-25 00:01:29 Verb  <EVT> [ConnectorLogic 1] - LastState: Charging
2026-02-25 00:01:29 Verb  <EVT> [ConnectorLogic 2] - LastState: ChargingPausedByEv
2026-02-25 00:01:30 Verb  <EVT> [ConnectorLogic 1] - LastState: Charging
2026-02-25 00:01:30 Verb  <EVT> [ConnectorLogic 2] - LastState: ChargingPausedByEv
2026-02-25 00:01:31 Verb  <EVT> [ConnectorLogic 1] - LastState: Charging
2026-02-25 00:01:31 Verb  <EVT> [ConnectorLogic 2] - LastState: ChargingPausedByEv
2026-02-25 00:01:32 Verb  <EVT> [ConnectorLogic 1] - LastState: Charging
2026-02-25 00:01:32 Verb  <EVT> [ConnectorLogic 2] - LastState: ChargingPausedByEv
2026-02-25 00:01:33 Verb  <EVT> [ConnectorLogic 1] - LastState: Charging
2026-02-25 00:01:33 Verb  <EVT> [ConnectorLogic 2] - LastState: ChargingPausedByEv
2026-02-25 00:01:34 Verb  <EVT> [ConnectorLogic 1] - LastState: Charging
2026-02-25 00:01:34 Verb  <EVT> [ConnectorLogic 2] - LastState: ChargingPausedByEv
2026-02-25 00:01:35 Verb  <EVT> [ConnectorLogic 1] - LastState: Charging
2026-02-25 00:01:35 Verb  <EVT> [ConnectorLogic 2] - LastState: ChargingPausedByEv
2026-02-25 00:01:36 Verb  <EVT> [ConnectorLogic 1] - LastState: Charging
2026-02-25 00:01:36 Verb  <EVT> [ConnectorLogic 2] - LastState: ChargingPausedByEv
2026-02-25 00:01:37 Verb  <#66> [SystemMonitor] - CPU loads: 1.42 1.56 1.72
2026-02-25 00:01:37 Verb  <EVT> [ConnectorLogic 1] - LastState: Charging
2026-02-25 00:01:37 Verb  <EVT> [ConnectorLogic 2] - LastState: ChargingPausedByEv
2026-02-25 00:01:38 Verb  <EVT> [ConnectorLogic 1] - LastState: Charging
2026-02-25 00:01:38 Verb  <EVT> [ConnectorLogic 2] - LastState: ChargingPausedByEv
2026-02-25 00:01:39 Verb  <EVT> [ConnectorLogic 1] - LastState: Charging
2026-02-25 00:01:39 Verb  <EVT> [ConnectorLogic 2] - LastState: ChargingPausedByEv
2026-02-25 00:01:40 Verb  <EVT> [ConnectorLogic 1] - LastState: Charging
2026-02-25 00:01:40 Verb  <EVT> [ConnectorLogic 2] - LastState: ChargingPausedByEv
2026-02-25 00:01:41 Verb  <EVT> [ConnectorLogic 1] - LastState: Charging
2026-02-25 00:01:41 Verb  <EVT> [ConnectorLogic 2] - LastState: ChargingPausedByEv
2026-02-25 00:01:42 Verb  <EVT> [ConnectorLogic 1] - LastState: Charging
2026-02-25 00:01:42 Verb  <EVT> [ConnectorLogic 2] - LastState: ChargingPausedByEv
2026-02-25 00:01:43 Verb  <EVT> [ConnectorLogic 1] - LastState: Charging
2026-02-25 00:01:43 Verb  <EVT> [ConnectorLogic 2] - LastState: ChargingPausedByEv
2026-02-25 00:01:44 Verb  <EVT> [ConnectorLogic 1] - LastState: Charging
2026-02-25 00:01:44 Verb  <EVT> [ConnectorLogic 2] - LastState: ChargingPausedByEv
2026-02-25 00:01:45 Verb  <EVT> [ConnectorLogic 1] - LastState: Charging
2026-02-25 00:01:45 Verb  <EVT> [Evse 1] - Created ConnectorShortStatusData: {
  "ConnectorId": 1,
  "Current": {
    "L1": 15.593,
    "L2": 15.145,
    "L3": 15.035
  },
  "Power": {
    "L1": 3.703,
    "L2": 3.5902,
    "L3": 3.5765,
    "Total": 10.8698
  },
  "Consumption": {
    "L1": 0.0,
    "L2": 0.0,
    "L3": 0.0,
    "Total": 29.8
  },
  "LocalTarget": 16,
  "IsMaxCurrentKnown": true
}
2026-02-25 00:01:45 Verb  <EVT> [ConnectorLogic 2] - LastState: ChargingPausedByEv
2026-02-25 00:01:46 Verb  <EVT> [ConnectorLogic 1] - LastState: Charging
2026-02-25 00:01:46 Verb  <EVT> [ConnectorLogic 2] - LastState: ChargingPausedByEv
2026-02-25 00:01:47 Verb  <#55> [SystemMonitor] - CPU loads: 1.36 1.54 1.71
2026-02-25 00:01:47 Verb  <EVT> [ConnectorLogic 1] - LastState: Charging
2026-02-25 00:01:47 Verb  <EVT> [ConnectorLogic 2] - LastState: ChargingPausedByEv
2026-02-25 00:01:48 Verb  <EVT> [ConnectorLogic 1] - LastState: Charging
2026-02-25 00:01:48 Verb  <EVT> [ConnectorLogic 2] - LastState: ChargingPausedByEv
2026-02-25 00:01:48 Warn  <#79> [AfeEnergyMeter] - Cannot read temperature from AFE: Could not find file '/sys/bus/spi/drivers/afe_at90e36/spi1.1/Temp'.
2026-02-25 00:01:48 Error <#79> [EnergyMeterService evse2] - SendMeasurements - Temperature: could not read value (AfeSystemFault)
2026-02-25 00:01:49 Verb  <#79> [OcppClient] - Sent: [2,"19d5","MeterValues",{"connectorId":2,"meterValue":[{"timestamp":"2026-02-25T00:01:47.708Z","sampledValue":[{"value":"0","context":"Sample.Periodic","measurand":"Current.Import","phase":"L1","unit":"A"},{"value":"0","context":"Sample.Periodic","measurand":"Current.Import","phase":"L2","unit":"A"},{"value":"0","context":"Sample.Periodic","measurand":"Current.Import","phase":"L3","unit":"A"},{"value":"35855.8","context":"Sample.Periodic","measurand":"Energy.Active.Import.Register","unit":"kWh"},{"value":"49.98","context":"Sample.Periodic","measurand":"Frequency"},{"value":"0","context":"Sample.Periodic","measurand":"Power.Active.Import","phase":"L1","unit":"kW"},{"value":"0","context":"Sample.Periodic","measurand":"Power.Active.Import","phase":"L2","unit":"kW"},{"value":"0","context":"Sample.Periodic","measurand":"Power.Active.Import","phase":"L3","unit":"kW"},{"value":"0","context":"Sample.Periodic","measurand":"Power.Active.Import","unit":"kW"},{"value":"-1","context":"Sample.Periodic","measurand":"Power.Factor"},{"value":"238.2","context":"Sample.Periodic","measurand":"Voltage","phase":"L1","unit":"V"},{"value":"238.5","context":"Sample.Periodic","measurand":"Voltage","phase":"L2","unit":"V"},{"value":"237.9","context":"Sample.Periodic","measurand":"Voltage","phase":"L3","unit":"V"},{"value":"16","context":"Sample.Periodic","measurand":"Current.Offered","unit":"A"}]}],"transactionId":2027725}]
2026-02-25 00:01:49 Verb  <EVT> [ConnectorLogic 1] - LastState: Charging
2026-02-25 00:01:49 Verb  <EVT> [ConnectorLogic 2] - LastState: ChargingPausedByEv
2026-02-25 00:01:49 Verb  <#79> [OcppClient] - Received: [3,"19d5",{}]
2026-02-25 00:01:49 Verb  <CommHandler first queue> [OcppMessageSender] - OcppMessageSender received response 
OcppAction: MeterValues
OcppMessage response: {}
2026-02-25 00:01:50 Verb  <EVT> [ConnectorLogic 1] - LastState: Charging
2026-02-25 00:01:50 Verb  <EVT> [ConnectorLogic 2] - LastState: ChargingPausedByEv
2026-02-25 00:01:51 Verb  <EVT> [ConnectorLogic 1] - LastState: Charging
2026-02-25 00:01:51 Verb  <EVT> [Evse 1] - Created ConnectorStatusData: {
  "ConnectorId": 1,
  "Status": "Charging",
  "Current": {
    "L1": 15.623,
    "L2": 15.088,
    "L3": 15.0
  },
  "Power": {
    "L1": 3.7159,
    "L2": 3.5839,
    "L3": 3.5718,
    "Total": 10.871599
  },
  "Consumption": {
    "L1": 0.0,
    "L2": 0.0,
    "L3": 0.0,
    "Total": 29.8
  },
  "CurrentSession": {
    "StartTime": "2026-02-24T20:49:51.0918872Z",
    "ConsumedEnergy": 29.8,
    "PhaseUsedByVehicle": "L123",
    "VehicleMinCurrentA": 6.0,
    "VehicleMaxCurrentA": 15.623,
    "IsVehicleMaxCurrentKnown": true,
    "IsVehicleResponsive": true
  },
  "ChargingUserPreferences": {
    "ChargingMode": "Fast",
    "PlannedDepartureTime": "2026-02-25T06:30:00Z",
    "PlannedEnergyConsumption": 100.0
  },
  "CurrentSetpoint": 16
}
2026-02-25 00:01:51 Verb  <EVT> [ConnectorLogic 2] - LastState: ChargingPausedByEv
2026-02-25 00:01:51 Verb  <EVT> [Evse 2] - Created ConnectorStatusData: {
  "ConnectorId": 2,
  "Status": "ChargingPausedByEv",
  "Current": {
    "L1": 0.0,
    "L2": 0.0,
    "L3": 0.0
  },
  "Power": {
    "L1": 0.0,
    "L2": 0.0,
    "L3": 0.0,
    "Total": 0.0
  },
  "Consumption": {
    "L1": 0.0,
    "L2": 0.0,
    "L3": 0.0,
    "Total": 33.2
  },
  "CurrentSession": {
    "StartTime": "2026-02-24T19:36:48.6309339Z",
    "ConsumedEnergy": 33.2,
    "PhaseUsedByVehicle": "L123",
    "VehicleMinCurrentA": 6.0,
    "VehicleMaxCurrentA": 15.952,
    "IsVehicleMaxCurrentKnown": true,
    "IsVehicleResponsive": true
  },
  "ChargingUserPreferences": {
    "ChargingMode": "Fast",
    "PlannedDepartureTime": "2026-02-24T22:00:00Z",
    "PlannedEnergyConsumption": 100.0
  },
  "CurrentSetpoint": 16
}
2026-02-25 00:01:51 Verb  <EVT> [ConnectorLogic 1] - LastState: Charging
2026-02-25 00:01:51 Verb  <EVT> [ConnectorLogic 2] - LastState: ChargingPausedByEv
2026-02-25 00:01:51 Info  <#55> [AfeEnergyMeter] - Calibrating AFE at 1.1
2026-02-25 00:01:51 Warn  <#55> [AfeEnergyMeter] - Cannot read temperature from AFE: Could not find file '/sys/bus/spi/drivers/afe_at90e36/spi1.1/Temp'.
2026-02-25 00:01:51 Error <#55> [EnergyMeterService evse1] - SendMeasurements - Temperature: could not read value (AfeSystemFault)
2026-02-25 00:01:51 Verb  <#55> [OcppClient] - Sent: [2,"19d6","MeterValues",{"connectorId":1,"meterValue":[{"timestamp":"2026-02-25T00:01:51.059Z","sampledValue":[{"value":"15.623","context":"Sample.Periodic","measurand":"Current.Import","phase":"L1","unit":"A"},{"value":"15.088","context":"Sample.Periodic","measurand":"Current.Import","phase":"L2","unit":"A"},{"value":"15","context":"Sample.Periodic","measurand":"Current.Import","phase":"L3","unit":"A"},{"value":"24360.5","context":"Sample.Periodic","measurand":"Energy.Active.Import.Register","unit":"kWh"},{"value":"49.99","context":"Sample.Periodic","measurand":"Frequency"},{"value":"3.7159","context":"Sample.Periodic","measurand":"Power.Active.Import","phase":"L1","unit":"kW"},{"value":"3.5839","context":"Sample.Periodic","measurand":"Power.Active.Import","phase":"L2","unit":"kW"},{"value":"3.5718","context":"Sample.Periodic","measurand":"Power.Active.Import","phase":"L3","unit":"kW"},{"value":"10.871599","context":"Sample.Periodic","measurand":"Power.Active.Import","unit":"kW"},{"value":"0.9971","context":"Sample.Periodic","measurand":"Power.Factor"},{"value":"238.7","context":"Sample.Periodic","measurand":"Voltage","phase":"L1","unit":"V"},{"value":"238","context":"Sample.Periodic","measurand":"Voltage","phase":"L2","unit":"V"},{"value":"238.7","context":"Sample.Periodic","measurand":"Voltage","phase":"L3","unit":"V"},{"value":"16","context":"Sample.Periodic","measurand":"Current.Offered","unit":"A"}]}],"transactionId":2027882}]
2026-02-25 00:01:52 Verb  <#55> [OcppClient] - Received: [3,"19d6",{}]
2026-02-25 00:01:52 Verb  <CommHandler first queue> [OcppMessageSender] - OcppMessageSender received response 
OcppAction: MeterValues
OcppMessage response: {}
2026-02-25 00:01:52 Verb  <EVT> [ConnectorLogic 1] - LastState: Charging
2026-02-25 00:01:52 Verb  <EVT> [ConnectorLogic 2] - LastState: ChargingPausedByEv
2026-02-25 00:01:53 Verb  <EVT> [ConnectorLogic 1] - LastState: Charging
2026-02-25 00:01:53 Verb  <EVT> [ConnectorLogic 1] - TargetCurrents {
  "ChargingProfiles": {
    "Current": null,
    "Unit": "A",
    "Source": "ChargingProfiles"
  },
  "SmartCluster": {
    "Current": 16,
    "Unit": "A",
    "Source": "SmartCluster"
  }
}
2026-02-25 00:01:53 Info  <EVT> [ConnectorLogic 1] - TargetCurrent from SmartCluster, current: 16
2026-02-25 00:01:53 Verb  <EVT> [ConnectorLogic 1] - Applying 16 A from SmartCluster triggered by ConnectorMaxOutput (SmartCluster)
2026-02-25 00:01:53 Verb  <EVT> [ConnectorLogic 2] - LastState: ChargingPausedByEv
2026-02-25 00:01:53 Verb  <EVT> [ConnectorLogic 1] - LastState: Charging
2026-02-25 00:01:53 Verb  <EVT> [ConnectorLogic 2] - LastState: ChargingPausedByEv
2026-02-25 00:01:54 Verb  <EVT> [ConnectorLogic 1] - LastState: Charging
2026-02-25 00:01:54 Verb  <EVT> [ConnectorLogic 2] - LastState: ChargingPausedByEv
2026-02-25 00:01:55 Verb  <EVT> [ConnectorLogic 1] - LastState: Charging
2026-02-25 00:01:55 Verb  <EVT> [ConnectorLogic 2] - LastState: ChargingPausedByEv
2026-02-25 00:01:56 Verb  <EVT> [ConnectorLogic 1] - LastState: Charging
2026-02-25 00:01:56 Verb  <EVT> [ConnectorLogic 2] - LastState: ChargingPausedByEv
2026-02-25 00:01:57 Verb  <#66> [SystemMonitor] - CPU loads: 1.3 1.53 1.7
2026-02-25 00:01:57 Verb  <EVT> [ConnectorLogic 1] - LastState: Charging
2026-02-25 00:01:57 Verb  <EVT> [ConnectorLogic 2] - LastState: ChargingPausedByEv
2026-02-25 00:01:58 Verb  <EVT> [ConnectorLogic 1] - LastState: Charging
2026-02-25 00:01:58 Verb  <EVT> [ConnectorLogic 2] - LastState: ChargingPausedByEv
2026-02-25 00:01:59 Verb  <EVT> [ConnectorLogic 1] - LastState: Charging
2026-02-25 00:01:59 Verb  <EVT> [ConnectorLogic 2] - LastState: ChargingPausedByEv
2026-02-25 00:02:00 Verb  <EVT> [ConnectorLogic 1] - LastState: Charging
2026-02-25 00:02:00 Verb  <EVT> [ConnectorLogic 2] - LastState: ChargingPausedByEv
2026-02-25 00:02:01 Verb  <EVT> [ConnectorLogic 1] - LastState: Charging
2026-02-25 00:02:01 Verb  <EVT> [ConnectorLogic 2] - LastState: ChargingPausedByEv
2026-02-25 00:02:02 Verb  <EVT> [ConnectorLogic 1] - LastState: Charging
2026-02-25 00:02:02 Verb  <EVT> [ConnectorLogic 2] - LastState: ChargingPausedByEv
2026-02-25 00:02:03 Verb  <EVT> [ConnectorLogic 1] - LastState: Charging
2026-02-25 00:02:03 Verb  <EVT> [ConnectorLogic 2] - LastState: ChargingPausedByEv
2026-02-25 00:02:04 Verb  <EVT> [ConnectorLogic 1] - LastState: Charging
2026-02-25 00:02:04 Verb  <EVT> [ConnectorLogic 2] - LastState: ChargingPausedByEv
2026-02-25 00:02:05 Verb  <EVT> [ConnectorLogic 1] - LastState: Charging
2026-02-25 00:02:05 Verb  <EVT> [ConnectorLogic 2] - LastState: ChargingPausedByEv
2026-02-25 00:02:06 Verb  <EVT> [ConnectorLogic 1] - LastState: Charging
2026-02-25 00:02:06 Verb  <EVT> [ConnectorLogic 2] - LastState: ChargingPausedByEv
2026-02-25 00:02:07 Verb  <#55> [SystemMonitor] - CPU loads: 1.48 1.56 1.71
2026-02-25 00:02:07 Verb  <EVT> [ConnectorLogic 1] - LastState: Charging
2026-02-25 00:02:07 Verb  <EVT> [ConnectorLogic 2] - LastState: ChargingPausedByEv
2026-02-25 00:02:08 Verb  <EVT> [ConnectorLogic 1] - LastState: Charging
2026-02-25 00:02:08 Verb  <EVT> [ConnectorLogic 2] - LastState: ChargingPausedByEv
2026-02-25 00:02:09 Verb  <EVT> [ConnectorLogic 1] - LastState: Charging
2026-02-25 00:02:09 Verb  <EVT> [ConnectorLogic 2] - LastState: ChargingPausedByEv
2026-02-25 00:02:10 Verb  <EVT> [ConnectorLogic 1] - LastState: Charging
2026-02-25 00:02:10 Verb  <EVT> [ConnectorLogic 2] - LastState: ChargingPausedByEv
2026-02-25 00:02:11 Verb  <EVT> [ConnectorLogic 1] - LastState: Charging
2026-02-25 00:02:11 Verb  <EVT> [ConnectorLogic 2] - LastState: ChargingPausedByEv
2026-02-25 00:02:12 Verb  <EVT> [ConnectorLogic 1] - LastState: Charging
2026-02-25 00:02:12 Verb  <EVT> [ConnectorLogic 2] - LastState: ChargingPausedByEv
2026-02-25 00:02:13 Verb  <EVT> [ConnectorLogic 1] - LastState: Charging
2026-02-25 00:02:13 Verb  <EVT> [ConnectorLogic 2] - LastState: ChargingPausedByEv
2026-02-25 00:02:14 Verb  <EVT> [ConnectorLogic 1] - LastState: Charging
2026-02-25 00:02:14 Verb  <EVT> [ConnectorLogic 2] - LastState: ChargingPausedByEv
2026-02-25 00:02:15 Verb  <EVT> [ConnectorLogic 1] - LastState: Charging
2026-02-25 00:02:15 Verb  <EVT> [ConnectorLogic 2] - LastState: ChargingPausedByEv
2026-02-25 00:02:16 Verb  <EVT> [ConnectorLogic 1] - LastState: Charging
2026-02-25 00:02:16 Verb  <EVT> [ConnectorLogic 2] - LastState: ChargingPausedByEv
2026-02-25 00:02:17 Verb  <#67> [SystemMonitor] - CPU loads: 1.49 1.56 1.71
2026-02-25 00:02:17 Verb  <EVT> [ConnectorLogic 1] - LastState: Charging
2026-02-25 00:02:17 Verb  <EVT> [ConnectorLogic 2] - LastState: ChargingPausedByEv
2026-02-25 00:02:18 Verb  <EVT> [ConnectorLogic 1] - LastState: Charging
2026-02-25 00:02:18 Verb  <EVT> [ConnectorLogic 2] - LastState: ChargingPausedByEv
2026-02-25 00:02:19 Verb  <EVT> [ConnectorLogic 1] - LastState: Charging
2026-02-25 00:02:19 Verb  <EVT> [Evse 1] - Created ConnectorShortStatusData: {
  "ConnectorId": 1,
  "Current": {
    "L1": 15.648,
    "L2": 15.073,
    "L3": 15.044
  },
  "Power": {
    "L1": 3.7093,
    "L2": 3.5853999,
    "L3": 3.5802,
    "Total": 10.875099
  },
  "Consumption": {
    "L1": 0.0,
    "L2": 0.0,
    "L3": 0.0,
    "Total": 29.9
  },
  "LocalTarget": 16,
  "IsMaxCurrentKnown": true
}
2026-02-25 00:02:19 Verb  <EVT> [ConnectorLogic 2] - LastState: ChargingPausedByEv
2026-02-25 00:02:20 Verb  <EVT> [ConnectorLogic 1] - LastState: Charging
2026-02-25 00:02:20 Verb  <EVT> [ConnectorLogic 2] - LastState: ChargingPausedByEv
2026-02-25 00:02:21 Verb  <EVT> [ConnectorLogic 1] - LastState: Charging
2026-02-25 00:02:21 Verb  <EVT> [Evse 1] - Created ConnectorStatusData: {
  "ConnectorId": 1,
  "Status": "Charging",
  "Current": {
    "L1": 15.638,
    "L2": 15.068,
    "L3": 15.044
  },
  "Power": {
    "L1": 3.708,
    "L2": 3.5845,
    "L3": 3.5805,
    "Total": 10.8728
  },
  "Consumption": {
    "L1": 0.0,
    "L2": 0.0,
    "L3": 0.0,
    "Total": 29.9
  },
  "CurrentSession": {
    "StartTime": "2026-02-24T20:49:51.0918872Z",
    "ConsumedEnergy": 29.9,
    "PhaseUsedByVehicle": "L123",
    "VehicleMinCurrentA": 6.0,
    "VehicleMaxCurrentA": 15.649,
    "IsVehicleMaxCurrentKnown": true,
    "IsVehicleResponsive": true
  },
  "ChargingUserPreferences": {
    "ChargingMode": "Fast",
    "PlannedDepartureTime": "2026-02-25T06:30:00Z",
    "PlannedEnergyConsumption": 100.0
  },
  "CurrentSetpoint": 16
}
2026-02-25 00:02:21 Verb  <EVT> [ConnectorLogic 2] - LastState: ChargingPausedByEv
2026-02-25 00:02:21 Verb  <EVT> [Evse 2] - Created ConnectorStatusData: {
  "ConnectorId": 2,
  "Status": "ChargingPausedByEv",
  "Current": {
    "L1": 0.0,
    "L2": 0.0,
    "L3": 0.0
  },
  "Power": {
    "L1": 0.0,
    "L2": 0.0,
    "L3": 0.0,
    "Total": 0.0
  },
  "Consumption": {
    "L1": 0.0,
    "L2": 0.0,
    "L3": 0.0,
    "Total": 33.2
  },
  "CurrentSession": {
    "StartTime": "2026-02-24T19:36:48.6309339Z",
    "ConsumedEnergy": 33.2,
    "PhaseUsedByVehicle": "L123",
    "VehicleMinCurrentA": 6.0,
    "VehicleMaxCurrentA": 15.952,
    "IsVehicleMaxCurrentKnown": true,
    "IsVehicleResponsive": true
  },
  "ChargingUserPreferences": {
    "ChargingMode": "Fast",
    "PlannedDepartureTime": "2026-02-24T22:00:00Z",
    "PlannedEnergyConsumption": 100.0
  },
  "CurrentSetpoint": 16
}
2026-02-25 00:02:21 Verb  <EVT> [ConnectorLogic 1] - LastState: Charging
2026-02-25 00:02:21 Verb  <EVT> [ConnectorLogic 2] - LastState: ChargingPausedByEv
2026-02-25 00:02:22 Verb  <EVT> [ConnectorLogic 1] - LastState: Charging
2026-02-25 00:02:22 Verb  <EVT> [ConnectorLogic 2] - LastState: ChargingPausedByEv
2026-02-25 00:02:23 Verb  <EVT> [ConnectorLogic 1] - LastState: Charging
2026-02-25 00:02:23 Verb  <EVT> [ConnectorLogic 1] - TargetCurrents {
  "ChargingProfiles": {
    "Current": null,
    "Unit": "A",
    "Source": "ChargingProfiles"
  },
  "SmartCluster": {
    "Current": 16,
    "Unit": "A",
    "Source": "SmartCluster"
  }
}
2026-02-25 00:02:23 Info  <EVT> [ConnectorLogic 1] - TargetCurrent from SmartCluster, current: 16
2026-02-25 00:02:23 Verb  <EVT> [ConnectorLogic 1] - Applying 16 A from SmartCluster triggered by ConnectorMaxOutput (SmartCluster)
2026-02-25 00:02:23 Verb  <EVT> [ConnectorLogic 2] - LastState: ChargingPausedByEv
2026-02-25 00:02:23 Verb  <EVT> [ConnectorLogic 1] - LastState: Charging
2026-02-25 00:02:23 Verb  <EVT> [ConnectorLogic 2] - LastState: ChargingPausedByEv
2026-02-25 00:02:24 Verb  <EVT> [ConnectorLogic 1] - LastState: Charging
2026-02-25 00:02:24 Verb  <EVT> [ConnectorLogic 2] - LastState: ChargingPausedByEv
2026-02-25 00:02:25 Verb  <EVT> [ConnectorLogic 1] - LastState: Charging
2026-02-25 00:02:25 Verb  <EVT> [ConnectorLogic 2] - LastState: ChargingPausedByEv
2026-02-25 00:02:26 Verb  <EVT> [ConnectorLogic 1] - LastState: Charging
2026-02-25 00:02:26 Verb  <EVT> [ConnectorLogic 2] - LastState: ChargingPausedByEv
2026-02-25 00:02:27 Verb  <#63> [SystemMonitor] - CPU loads: 1.33 1.52 1.7
2026-02-25 00:02:27 Verb  <EVT> [ConnectorLogic 1] - LastState: Charging
2026-02-25 00:02:27 Verb  <EVT> [ConnectorLogic 2] - LastState: ChargingPausedByEv
2026-02-25 00:02:28 Verb  <EVT> [ConnectorLogic 1] - LastState: Charging
2026-02-25 00:02:28 Verb  <EVT> [ConnectorLogic 2] - LastState: ChargingPausedByEv
2026-02-25 00:02:29 Verb  <EVT> [ConnectorLogic 1] - LastState: Charging
2026-02-25 00:02:29 Verb  <EVT> [ConnectorLogic 2] - LastState: ChargingPausedByEv
2026-02-25 00:02:30 Verb  <EVT> [ConnectorLogic 1] - LastState: Charging
2026-02-25 00:02:30 Verb  <EVT> [ConnectorLogic 2] - LastState: ChargingPausedByEv
2026-02-25 00:02:31 Verb  <EVT> [ConnectorLogic 1] - LastState: Charging
2026-02-25 00:02:31 Verb  <EVT> [ConnectorLogic 2] - LastState: ChargingPausedByEv
2026-02-25 00:02:32 Verb  <EVT> [ConnectorLogic 1] - LastState: Charging
2026-02-25 00:02:32 Verb  <EVT> [ConnectorLogic 2] - LastState: ChargingPausedByEv
2026-02-25 00:02:33 Verb  <EVT> [ConnectorLogic 1] - LastState: Charging
2026-02-25 00:02:33 Verb  <EVT> [ConnectorLogic 2] - LastState: ChargingPausedByEv
2026-02-25 00:02:34 Verb  <EVT> [ConnectorLogic 1] - LastState: Charging
2026-02-25 00:02:34 Verb  <EVT> [ConnectorLogic 2] - LastState: ChargingPausedByEv
2026-02-25 00:02:35 Verb  <EVT> [ConnectorLogic 1] - LastState: Charging
2026-02-25 00:02:35 Verb  <EVT> [ConnectorLogic 2] - LastState: ChargingPausedByEv
2026-02-25 00:02:36 Verb  <EVT> [ConnectorLogic 1] - LastState: Charging
2026-02-25 00:02:36 Verb  <EVT> [ConnectorLogic 2] - LastState: ChargingPausedByEv
2026-02-25 00:02:37 Verb  <#63> [SystemMonitor] - CPU loads: 1.28 1.5 1.69
2026-02-25 00:02:37 Verb  <EVT> [ConnectorLogic 1] - LastState: Charging
2026-02-25 00:02:37 Verb  <EVT> [ConnectorLogic 2] - LastState: ChargingPausedByEv
2026-02-25 00:02:38 Verb  <EVT> [ConnectorLogic 1] - LastState: Charging
2026-02-25 00:02:38 Verb  <EVT> [ConnectorLogic 2] - LastState: ChargingPausedByEv
2026-02-25 00:02:39 Verb  <EVT> [ConnectorLogic 1] - LastState: Charging
2026-02-25 00:02:39 Verb  <EVT> [ConnectorLogic 2] - LastState: ChargingPausedByEv
2026-02-25 00:02:40 Verb  <EVT> [ConnectorLogic 1] - LastState: Charging
2026-02-25 00:02:40 Verb  <EVT> [ConnectorLogic 2] - LastState: ChargingPausedByEv
2026-02-25 00:02:41 Verb  <EVT> [ConnectorLogic 1] - LastState: Charging
2026-02-25 00:02:41 Verb  <EVT> [ConnectorLogic 2] - LastState: ChargingPausedByEv
2026-02-25 00:02:42 Verb  <EVT> [ConnectorLogic 1] - LastState: Charging
2026-02-25 00:02:42 Verb  <EVT> [ConnectorLogic 2] - LastState: ChargingPausedByEv
2026-02-25 00:02:43 Verb  <EVT> [ConnectorLogic 1] - LastState: Charging
2026-02-25 00:02:43 Verb  <EVT> [ConnectorLogic 2] - LastState: ChargingPausedByEv
2026-02-25 00:02:44 Verb  <EVT> [ConnectorLogic 1] - LastState: Charging
2026-02-25 00:02:44 Verb  <EVT> [ConnectorLogic 2] - LastState: ChargingPausedByEv
2026-02-25 00:02:45 Verb  <EVT> [ConnectorLogic 1] - LastState: Charging
2026-02-25 00:02:45 Verb  <EVT> [ConnectorLogic 2] - LastState: ChargingPausedByEv
2026-02-25 00:02:46 Verb  <EVT> [ConnectorLogic 1] - LastState: Charging
2026-02-25 00:02:46 Verb  <EVT> [ConnectorLogic 2] - LastState: ChargingPausedByEv
2026-02-25 00:02:47 Verb  <#63> [SystemMonitor] - CPU loads: 1.23 1.49 1.68
2026-02-25 00:02:47 Verb  <EVT> [ConnectorLogic 1] - LastState: Charging
2026-02-25 00:02:47 Verb  <EVT> [ConnectorLogic 2] - LastState: ChargingPausedByEv
2026-02-25 00:02:48 Verb  <EVT> [ConnectorLogic 1] - LastState: Charging
2026-02-25 00:02:48 Verb  <EVT> [ConnectorLogic 2] - LastState: ChargingPausedByEv
2026-02-25 00:02:48 Warn  <#66> [AfeEnergyMeter] - Cannot read temperature from AFE: Could not find file '/sys/bus/spi/drivers/afe_at90e36/spi1.1/Temp'.
2026-02-25 00:02:48 Error <#66> [EnergyMeterService evse2] - SendMeasurements - Temperature: could not read value (AfeSystemFault)
2026-02-25 00:02:48 Verb  <#66> [OcppClient] - Sent: [2,"19d7","MeterValues",{"connectorId":2,"meterValue":[{"timestamp":"2026-02-25T00:02:47.741Z","sampledValue":[{"value":"0","context":"Sample.Periodic","measurand":"Current.Import","phase":"L1","unit":"A"},{"value":"0","context":"Sample.Periodic","measurand":"Current.Import","phase":"L2","unit":"A"},{"value":"0","context":"Sample.Periodic","measurand":"Current.Import","phase":"L3","unit":"A"},{"value":"35855.8","context":"Sample.Periodic","measurand":"Energy.Active.Import.Register","unit":"kWh"},{"value":"49.98","context":"Sample.Periodic","measurand":"Frequency"},{"value":"0","context":"Sample.Periodic","measurand":"Power.Active.Import","phase":"L1","unit":"kW"},{"value":"0","context":"Sample.Periodic","measurand":"Power.Active.Import","phase":"L2","unit":"kW"},{"value":"0","context":"Sample.Periodic","measurand":"Power.Active.Import","phase":"L3","unit":"kW"},{"value":"0","context":"Sample.Periodic","measurand":"Power.Active.Import","unit":"kW"},{"value":"-1","context":"Sample.Periodic","measurand":"Power.Factor"},{"value":"238.5","context":"Sample.Periodic","measurand":"Voltage","phase":"L1","unit":"V"},{"value":"238.2","context":"Sample.Periodic","measurand":"Voltage","phase":"L2","unit":"V"},{"value":"238.8","context":"Sample.Periodic","measurand":"Voltage","phase":"L3","unit":"V"},{"value":"16","context":"Sample.Periodic","measurand":"Current.Offered","unit":"A"}]}],"transactionId":2027725}]
2026-02-25 00:02:49 Verb  <EVT> [ConnectorLogic 1] - LastState: Charging
2026-02-25 00:02:49 Verb  <EVT> [ConnectorLogic 2] - LastState: ChargingPausedByEv
2026-02-25 00:02:49 Verb  <#63> [OcppClient] - Received: [3,"19d7",{}]
2026-02-25 00:02:49 Verb  <CommHandler first queue> [OcppMessageSender] - OcppMessageSender received response 
OcppAction: MeterValues
OcppMessage response: {}
2026-02-25 00:02:50 Verb  <EVT> [ConnectorLogic 1] - LastState: Charging
2026-02-25 00:02:50 Verb  <EVT> [ConnectorLogic 2] - LastState: ChargingPausedByEv
2026-02-25 00:02:51 Verb  <EVT> [ConnectorLogic 1] - LastState: Charging
2026-02-25 00:02:51 Verb  <EVT> [Evse 1] - Created ConnectorShortStatusData: {
  "ConnectorId": 1,
  "Current": {
    "L1": 15.613,
    "L2": 15.134,
    "L3": 14.999
  },
  "Power": {
    "L1": 3.7047,
    "L2": 3.5991,
    "L3": 3.5734,
    "Total": 10.8777
  },
  "Consumption": {
    "L1": 0.0,
    "L2": 0.0,
    "L3": 0.0,
    "Total": 30.0
  },
  "LocalTarget": 16,
  "IsMaxCurrentKnown": true
}
2026-02-25 00:02:51 Verb  <EVT> [ConnectorLogic 2] - LastState: ChargingPausedByEv
2026-02-25 00:02:51 Verb  <EVT> [ConnectorLogic 1] - LastState: Charging
2026-02-25 00:02:51 Info  <#40> [AfeEnergyMeter] - Calibrating AFE at 1.1
2026-02-25 00:02:51 Verb  <EVT> [Evse 1] - Created ConnectorStatusData: {
  "ConnectorId": 1,
  "Status": "Charging",
  "Current": {
    "L1": 15.613,
    "L2": 15.134,
    "L3": 14.999
  },
  "Power": {
    "L1": 3.7047,
    "L2": 3.5991,
    "L3": 3.5734,
    "Total": 10.8777
  },
  "Consumption": {
    "L1": 0.0,
    "L2": 0.0,
    "L3": 0.0,
    "Total": 30.0
  },
  "CurrentSession": {
    "StartTime": "2026-02-24T20:49:51.0918872Z",
    "ConsumedEnergy": 30.0,
    "PhaseUsedByVehicle": "L123",
    "VehicleMinCurrentA": 6.0,
    "VehicleMaxCurrentA": 15.654,
    "IsVehicleMaxCurrentKnown": true,
    "IsVehicleResponsive": true
  },
  "ChargingUserPreferences": {
    "ChargingMode": "Fast",
    "PlannedDepartureTime": "2026-02-25T06:30:00Z",
    "PlannedEnergyConsumption": 100.0
  },
  "CurrentSetpoint": 16
}
2026-02-25 00:02:51 Verb  <EVT> [ConnectorLogic 2] - LastState: ChargingPausedByEv
2026-02-25 00:02:51 Verb  <EVT> [Evse 2] - Created ConnectorStatusData: {
  "ConnectorId": 2,
  "Status": "ChargingPausedByEv",
  "Current": {
    "L1": 0.0,
    "L2": 0.0,
    "L3": 0.0
  },
  "Power": {
    "L1": 0.0,
    "L2": 0.0,
    "L3": 0.0,
    "Total": 0.0
  },
  "Consumption": {
    "L1": 0.0,
    "L2": 0.0,
    "L3": 0.0,
    "Total": 33.2
  },
  "CurrentSession": {
    "StartTime": "2026-02-24T19:36:48.6309339Z",
    "ConsumedEnergy": 33.2,
    "PhaseUsedByVehicle": "L123",
    "VehicleMinCurrentA": 6.0,
    "VehicleMaxCurrentA": 15.952,
    "IsVehicleMaxCurrentKnown": true,
    "IsVehicleResponsive": true
  },
  "ChargingUserPreferences": {
    "ChargingMode": "Fast",
    "PlannedDepartureTime": "2026-02-24T22:00:00Z",
    "PlannedEnergyConsumption": 100.0
  },
  "CurrentSetpoint": 16
}
2026-02-25 00:02:51 Warn  <#40> [AfeEnergyMeter] - Cannot read temperature from AFE: Could not find file '/sys/bus/spi/drivers/afe_at90e36/spi1.1/Temp'.
2026-02-25 00:02:51 Error <#40> [EnergyMeterService evse1] - SendMeasurements - Temperature: could not read value (AfeSystemFault)
2026-02-25 00:02:51 Verb  <#40> [OcppClient] - Sent: [2,"19d8","MeterValues",{"connectorId":1,"meterValue":[{"timestamp":"2026-02-25T00:02:51.377Z","sampledValue":[{"value":"15.613","context":"Sample.Periodic","measurand":"Current.Import","phase":"L1","unit":"A"},{"value":"15.134","context":"Sample.Periodic","measurand":"Current.Import","phase":"L2","unit":"A"},{"value":"14.999","context":"Sample.Periodic","measurand":"Current.Import","phase":"L3","unit":"A"},{"value":"24360.7","context":"Sample.Periodic","measurand":"Energy.Active.Import.Register","unit":"kWh"},{"value":"49.96","context":"Sample.Periodic","measurand":"Frequency"},{"value":"3.7047","context":"Sample.Periodic","measurand":"Power.Active.Import","phase":"L1","unit":"kW"},{"value":"3.5991","context":"Sample.Periodic","measurand":"Power.Active.Import","phase":"L2","unit":"kW"},{"value":"3.5734","context":"Sample.Periodic","measurand":"Power.Active.Import","phase":"L3","unit":"kW"},{"value":"10.8777","context":"Sample.Periodic","measurand":"Power.Active.Import","unit":"kW"},{"value":"0.9971","context":"Sample.Periodic","measurand":"Power.Factor"},{"value":"238.2","context":"Sample.Periodic","measurand":"Voltage","phase":"L1","unit":"V"},{"value":"238.3","context":"Sample.Periodic","measurand":"Voltage","phase":"L2","unit":"V"},{"value":"238.8","context":"Sample.Periodic","measurand":"Voltage","phase":"L3","unit":"V"},{"value":"16","context":"Sample.Periodic","measurand":"Current.Offered","unit":"A"}]}],"transactionId":2027882}]
2026-02-25 00:02:52 Verb  <#40> [OcppClient] - Received: [3,"19d8",{}]
2026-02-25 00:02:52 Verb  <CommHandler first queue> [OcppMessageSender] - OcppMessageSender received response 
OcppAction: MeterValues
OcppMessage response: {}
2026-02-25 00:02:52 Verb  <EVT> [ConnectorLogic 1] - LastState: Charging
2026-02-25 00:02:52 Verb  <EVT> [ConnectorLogic 2] - LastState: ChargingPausedByEv
2026-02-25 00:02:53 Verb  <EVT> [ConnectorLogic 1] - LastState: Charging
2026-02-25 00:02:53 Verb  <EVT> [ConnectorLogic 1] - TargetCurrents {
  "ChargingProfiles": {
    "Current": null,
    "Unit": "A",
    "Source": "ChargingProfiles"
  },
  "SmartCluster": {
    "Current": 16,
    "Unit": "A",
    "Source": "SmartCluster"
  }
}
2026-02-25 00:02:53 Info  <EVT> [ConnectorLogic 1] - TargetCurrent from SmartCluster, current: 16
2026-02-25 00:02:53 Verb  <EVT> [ConnectorLogic 1] - Applying 16 A from SmartCluster triggered by ConnectorMaxOutput (SmartCluster)
2026-02-25 00:02:53 Verb  <EVT> [ConnectorLogic 2] - LastState: ChargingPausedByEv
2026-02-25 00:02:53 Verb  <EVT> [ConnectorLogic 1] - LastState: Charging
2026-02-25 00:02:53 Verb  <EVT> [ConnectorLogic 2] - LastState: ChargingPausedByEv
2026-02-25 00:02:54 Verb  <EVT> [ConnectorLogic 1] - LastState: Charging
2026-02-25 00:02:54 Verb  <EVT> [ConnectorLogic 2] - LastState: ChargingPausedByEv
2026-02-25 00:02:55 Verb  <EVT> [ConnectorLogic 1] - LastState: Charging
2026-02-25 00:02:55 Verb  <EVT> [Evse 1] - Created ConnectorShortStatusData: {
  "ConnectorId": 1,
  "Current": {
    "L1": 15.824,
    "L2": 15.277,
    "L3": 15.182
  },
  "Power": {
    "L1": 3.7106001,
    "L2": 3.5918999,
    "L3": 3.5703,
    "Total": 10.8726
  },
  "Consumption": {
    "L1": 0.0,
    "L2": 0.0,
    "L3": 0.0,
    "Total": 30.0
  },
  "LocalTarget": 16,
  "IsMaxCurrentKnown": true
}
2026-02-25 00:02:55 Verb  <EVT> [ConnectorLogic 2] - LastState: ChargingPausedByEv
2026-02-25 00:02:56 Verb  <EVT> [ConnectorLogic 1] - LastState: Charging
2026-02-25 00:02:56 Verb  <EVT> [ConnectorLogic 2] - LastState: ChargingPausedByEv
2026-02-25 00:02:57 Verb  <#65> [SystemMonitor] - CPU loads: 1.28 1.49 1.68
2026-02-25 00:02:57 Verb  <#65> [SystemMonitor] - TotalPhysMem: 508,092 KiB, AvailPhysMem: 370,496 KiB
2026-02-25 00:02:57 Verb  <EVT> [ConnectorLogic 1] - LastState: Charging
2026-02-25 00:02:57 Verb  <EVT> [ConnectorLogic 2] - LastState: ChargingPausedByEv
2026-02-25 00:02:58 Verb  <EVT> [ConnectorLogic 1] - LastState: Charging
2026-02-25 00:02:58 Verb  <EVT> [ConnectorLogic 2] - LastState: ChargingPausedByEv
2026-02-25 00:02:59 Verb  <EVT> [ConnectorLogic 1] - LastState: Charging
2026-02-25 00:02:59 Verb  <EVT> [ConnectorLogic 2] - LastState: ChargingPausedByEv
2026-02-25 00:03:00 Verb  <EVT> [ConnectorLogic 1] - LastState: Charging
2026-02-25 00:03:00 Verb  <EVT> [ConnectorLogic 2] - LastState: ChargingPausedByEv
2026-02-25 00:03:01 Verb  <EVT> [ConnectorLogic 1] - LastState: Charging
2026-02-25 00:03:01 Verb  <EVT> [ConnectorLogic 2] - LastState: ChargingPausedByEv
2026-02-25 00:03:02 Verb  <EVT> [ConnectorLogic 1] - LastState: Charging
2026-02-25 00:03:02 Verb  <EVT> [ConnectorLogic 2] - LastState: ChargingPausedByEv
2026-02-25 00:03:03 Verb  <EVT> [ConnectorLogic 1] - LastState: Charging
2026-02-25 00:03:03 Verb  <EVT> [ConnectorLogic 2] - LastState: ChargingPausedByEv
2026-02-25 00:03:04 Verb  <EVT> [ConnectorLogic 1] - LastState: Charging
2026-02-25 00:03:04 Verb  <EVT> [ConnectorLogic 2] - LastState: ChargingPausedByEv
2026-02-25 00:03:05 Verb  <EVT> [ConnectorLogic 1] - LastState: Charging
2026-02-25 00:03:05 Verb  <EVT> [ConnectorLogic 2] - LastState: ChargingPausedByEv
2026-02-25 00:03:06 Verb  <EVT> [ConnectorLogic 1] - LastState: Charging
2026-02-25 00:03:06 Verb  <EVT> [ConnectorLogic 2] - LastState: ChargingPausedByEv
2026-02-25 00:03:07 Verb  <#65> [SystemMonitor] - CPU loads: 1.16 1.45 1.67
2026-02-25 00:03:07 Verb  <EVT> [ConnectorLogic 1] - LastState: Charging
2026-02-25 00:03:07 Verb  <EVT> [ConnectorLogic 2] - LastState: ChargingPausedByEv
2026-02-25 00:03:08 Verb  <EVT> [ConnectorLogic 1] - LastState: Charging
2026-02-25 00:03:08 Verb  <EVT> [ConnectorLogic 2] - LastState: ChargingPausedByEv
2026-02-25 00:03:09 Verb  <EVT> [ConnectorLogic 1] - LastState: Charging
2026-02-25 00:03:09 Verb  <EVT> [ConnectorLogic 2] - LastState: ChargingPausedByEv
2026-02-25 00:03:10 Verb  <EVT> [ConnectorLogic 1] - LastState: Charging
2026-02-25 00:03:10 Verb  <EVT> [ConnectorLogic 2] - LastState: ChargingPausedByEv
2026-02-25 00:03:11 Verb  <EVT> [ConnectorLogic 1] - LastState: Charging
2026-02-25 00:03:11 Verb  <EVT> [ConnectorLogic 2] - LastState: ChargingPausedByEv
2026-02-25 00:03:12 Verb  <EVT> [ConnectorLogic 1] - LastState: Charging
2026-02-25 00:03:12 Verb  <EVT> [ConnectorLogic 2] - LastState: ChargingPausedByEv
2026-02-25 00:03:13 Verb  <EVT> [ConnectorLogic 1] - LastState: Charging
2026-02-25 00:03:13 Verb  <EVT> [ConnectorLogic 2] - LastState: ChargingPausedByEv
2026-02-25 00:03:14 Verb  <EVT> [ConnectorLogic 1] - LastState: Charging
2026-02-25 00:03:14 Verb  <EVT> [ConnectorLogic 2] - LastState: ChargingPausedByEv
2026-02-25 00:03:15 Verb  <EVT> [ConnectorLogic 1] - LastState: Charging
2026-02-25 00:03:15 Verb  <EVT> [ConnectorLogic 2] - LastState: ChargingPausedByEv
2026-02-25 00:03:16 Verb  <EVT> [ConnectorLogic 1] - LastState: Charging
2026-02-25 00:03:16 Verb  <EVT> [ConnectorLogic 2] - LastState: ChargingPausedByEv
2026-02-25 00:03:17 Verb  <#79> [SystemMonitor] - CPU loads: 1.57 1.54 1.69
2026-02-25 00:03:17 Verb  <EVT> [ConnectorLogic 1] - LastState: Charging
2026-02-25 00:03:17 Verb  <EVT> [ConnectorLogic 2] - LastState: ChargingPausedByEv
2026-02-25 00:03:18 Verb  <EVT> [ConnectorLogic 1] - LastState: Charging
2026-02-25 00:03:18 Verb  <EVT> [ConnectorLogic 2] - LastState: ChargingPausedByEv
2026-02-25 00:03:19 Verb  <EVT> [ConnectorLogic 1] - LastState: Charging
2026-02-25 00:03:19 Verb  <EVT> [ConnectorLogic 2] - LastState: ChargingPausedByEv
2026-02-25 00:03:20 Verb  <EVT> [ConnectorLogic 1] - LastState: Charging
2026-02-25 00:03:20 Verb  <EVT> [ConnectorLogic 2] - LastState: ChargingPausedByEv
2026-02-25 00:03:21 Verb  <EVT> [ConnectorLogic 1] - LastState: Charging
2026-02-25 00:03:21 Verb  <EVT> [ConnectorLogic 2] - LastState: ChargingPausedByEv
2026-02-25 00:03:21 Verb  <EVT> [ConnectorLogic 1] - LastState: Charging
2026-02-25 00:03:21 Verb  <EVT> [Evse 1] - Created ConnectorStatusData: {
  "ConnectorId": 1,
  "Status": "Charging",
  "Current": {
    "L1": 15.717,
    "L2": 15.31,
    "L3": 15.195
  },
  "Power": {
    "L1": 3.6985,
    "L2": 3.597,
    "L3": 3.5785,
    "Total": 10.8738
  },
  "Consumption": {
    "L1": 0.0,
    "L2": 0.0,
    "L3": 0.0,
    "Total": 30.0
  },
  "CurrentSession": {
    "StartTime": "2026-02-24T20:49:51.0918872Z",
    "ConsumedEnergy": 30.0,
    "PhaseUsedByVehicle": "L123",
    "VehicleMinCurrentA": 6.0,
    "VehicleMaxCurrentA": 15.824,
    "IsVehicleMaxCurrentKnown": true,
    "IsVehicleResponsive": true
  },
  "ChargingUserPreferences": {
    "ChargingMode": "Fast",
    "PlannedDepartureTime": "2026-02-25T06:30:00Z",
    "PlannedEnergyConsumption": 100.0
  },
  "CurrentSetpoint": 16
}
2026-02-25 00:03:21 Verb  <EVT> [ConnectorLogic 2] - LastState: ChargingPausedByEv
2026-02-25 00:03:21 Verb  <EVT> [Evse 2] - Created ConnectorStatusData: {
  "ConnectorId": 2,
  "Status": "ChargingPausedByEv",
  "Current": {
    "L1": 0.0,
    "L2": 0.0,
    "L3": 0.0
  },
  "Power": {
    "L1": 0.0,
    "L2": 0.0,
    "L3": 0.0,
    "Total": 0.0
  },
  "Consumption": {
    "L1": 0.0,
    "L2": 0.0,
    "L3": 0.0,
    "Total": 33.2
  },
  "CurrentSession": {
    "StartTime": "2026-02-24T19:36:48.6309339Z",
    "ConsumedEnergy": 33.2,
    "PhaseUsedByVehicle": "L123",
    "VehicleMinCurrentA": 6.0,
    "VehicleMaxCurrentA": 15.952,
    "IsVehicleMaxCurrentKnown": true,
    "IsVehicleResponsive": true
  },
  "ChargingUserPreferences": {
    "ChargingMode": "Fast",
    "PlannedDepartureTime": "2026-02-24T22:00:00Z",
    "PlannedEnergyConsumption": 100.0
  },
  "CurrentSetpoint": 16
}
2026-02-25 00:03:22 Verb  <EVT> [ConnectorLogic 1] - LastState: Charging
2026-02-25 00:03:22 Verb  <EVT> [ConnectorLogic 2] - LastState: ChargingPausedByEv
2026-02-25 00:03:23 Verb  <EVT> [ConnectorLogic 1] - LastState: Charging
2026-02-25 00:03:23 Verb  <EVT> [ConnectorLogic 1] - TargetCurrents {
  "ChargingProfiles": {
    "Current": null,
    "Unit": "A",
    "Source": "ChargingProfiles"
  },
  "SmartCluster": {
    "Current": 16,
    "Unit": "A",
    "Source": "SmartCluster"
  }
}
2026-02-25 00:03:23 Info  <EVT> [ConnectorLogic 1] - TargetCurrent from SmartCluster, current: 16
2026-02-25 00:03:23 Verb  <EVT> [ConnectorLogic 1] - Applying 16 A from SmartCluster triggered by ConnectorMaxOutput (SmartCluster)
2026-02-25 00:03:23 Verb  <EVT> [ConnectorLogic 2] - LastState: ChargingPausedByEv
2026-02-25 00:03:23 Verb  <EVT> [ConnectorLogic 1] - LastState: Charging
2026-02-25 00:03:23 Verb  <EVT> [ConnectorLogic 2] - LastState: ChargingPausedByEv
2026-02-25 00:03:24 Verb  <EVT> [ConnectorLogic 1] - LastState: Charging
2026-02-25 00:03:24 Verb  <EVT> [ConnectorLogic 2] - LastState: ChargingPausedByEv
2026-02-25 00:03:25 Verb  <EVT> [ConnectorLogic 1] - LastState: Charging
2026-02-25 00:03:25 Verb  <EVT> [Evse 1] - Created ConnectorShortStatusData: {
  "ConnectorId": 1,
  "Current": {
    "L1": 15.707,
    "L2": 15.314,
    "L3": 15.197
  },
  "Power": {
    "L1": 3.6958,
    "L2": 3.5976999,
    "L3": 3.5791001,
    "Total": 10.873099
  },
  "Consumption": {
    "L1": 0.0,
    "L2": 0.0,
    "L3": 0.0,
    "Total": 30.1
  },
  "LocalTarget": 16,
  "IsMaxCurrentKnown": true
}
2026-02-25 00:03:25 Verb  <EVT> [ConnectorLogic 2] - LastState: ChargingPausedByEv
2026-02-25 00:03:26 Verb  <EVT> [ConnectorLogic 1] - LastState: Charging
2026-02-25 00:03:26 Verb  <EVT> [ConnectorLogic 2] - LastState: ChargingPausedByEv
2026-02-25 00:03:27 Verb  <#40> [SystemMonitor] - CPU loads: 1.94 1.62 1.72
2026-02-25 00:03:27 Verb  <EVT> [ConnectorLogic 1] - LastState: Charging
2026-02-25 00:03:27 Verb  <EVT> [ConnectorLogic 2] - LastState: ChargingPausedByEv
2026-02-25 00:03:28 Verb  <EVT> [ConnectorLogic 1] - LastState: Charging
2026-02-25 00:03:28 Verb  <EVT> [ConnectorLogic 2] - LastState: ChargingPausedByEv
2026-02-25 00:03:29 Verb  <EVT> [ConnectorLogic 1] - LastState: Charging
2026-02-25 00:03:29 Verb  <EVT> [ConnectorLogic 2] - LastState: ChargingPausedByEv
2026-02-25 00:03:30 Verb  <EVT> [ConnectorLogic 1] - LastState: Charging
2026-02-25 00:03:30 Verb  <EVT> [ConnectorLogic 2] - LastState: ChargingPausedByEv
2026-02-25 00:03:31 Verb  <EVT> [ConnectorLogic 1] - LastState: Charging
2026-02-25 00:03:31 Verb  <EVT> [ConnectorLogic 2] - LastState: ChargingPausedByEv
2026-02-25 00:03:32 Verb  <EVT> [ConnectorLogic 1] - LastState: Charging
2026-02-25 00:03:32 Verb  <EVT> [ConnectorLogic 2] - LastState: ChargingPausedByEv
2026-02-25 00:03:33 Verb  <EVT> [ConnectorLogic 1] - LastState: Charging
2026-02-25 00:03:33 Verb  <EVT> [ConnectorLogic 2] - LastState: ChargingPausedByEv
2026-02-25 00:03:34 Verb  <EVT> [ConnectorLogic 1] - LastState: Charging
2026-02-25 00:03:34 Verb  <EVT> [ConnectorLogic 2] - LastState: ChargingPausedByEv
2026-02-25 00:03:35 Verb  <EVT> [ConnectorLogic 1] - LastState: Charging
2026-02-25 00:03:35 Verb  <EVT> [ConnectorLogic 2] - LastState: ChargingPausedByEv
2026-02-25 00:03:36 Verb  <EVT> [ConnectorLogic 1] - LastState: Charging
2026-02-25 00:03:36 Verb  <EVT> [ConnectorLogic 2] - LastState: ChargingPausedByEv
2026-02-25 00:03:37 Verb  <#40> [SystemMonitor] - CPU loads: 1.72 1.58 1.7
2026-02-25 00:03:37 Verb  <EVT> [ConnectorLogic 1] - LastState: Charging
2026-02-25 00:03:37 Verb  <EVT> [ConnectorLogic 2] - LastState: ChargingPausedByEv
2026-02-25 00:03:38 Verb  <EVT> [ConnectorLogic 1] - LastState: Charging
2026-02-25 00:03:38 Verb  <EVT> [ConnectorLogic 2] - LastState: ChargingPausedByEv
2026-02-25 00:03:39 Verb  <EVT> [ConnectorLogic 1] - LastState: Charging
2026-02-25 00:03:39 Verb  <EVT> [ConnectorLogic 2] - LastState: ChargingPausedByEv
2026-02-25 00:03:40 Verb  <EVT> [ConnectorLogic 1] - LastState: Charging
2026-02-25 00:03:40 Verb  <EVT> [ConnectorLogic 2] - LastState: ChargingPausedByEv
2026-02-25 00:03:41 Verb  <EVT> [ConnectorLogic 1] - LastState: Charging
2026-02-25 00:03:41 Verb  <EVT> [ConnectorLogic 2] - LastState: ChargingPausedByEv
2026-02-25 00:03:42 Verb  <EVT> [ConnectorLogic 1] - LastState: Charging
2026-02-25 00:03:42 Verb  <EVT> [ConnectorLogic 2] - LastState: ChargingPausedByEv
2026-02-25 00:03:43 Verb  <EVT> [ConnectorLogic 1] - LastState: Charging
2026-02-25 00:03:43 Verb  <EVT> [ConnectorLogic 2] - LastState: ChargingPausedByEv
2026-02-25 00:03:44 Verb  <EVT> [ConnectorLogic 1] - LastState: Charging
2026-02-25 00:03:44 Verb  <EVT> [ConnectorLogic 2] - LastState: ChargingPausedByEv
2026-02-25 00:03:45 Verb  <EVT> [ConnectorLogic 1] - LastState: Charging
2026-02-25 00:03:45 Verb  <EVT> [ConnectorLogic 2] - LastState: ChargingPausedByEv
2026-02-25 00:03:46 Verb  <EVT> [ConnectorLogic 1] - LastState: Charging
2026-02-25 00:03:46 Verb  <EVT> [ConnectorLogic 2] - LastState: ChargingPausedByEv
2026-02-25 00:03:47 Verb  <#51> [SystemMonitor] - CPU loads: 1.77 1.6 1.71
2026-02-25 00:03:47 Verb  <EVT> [ConnectorLogic 1] - LastState: Charging
2026-02-25 00:03:47 Verb  <EVT> [ConnectorLogic 2] - LastState: ChargingPausedByEv
2026-02-25 00:03:48 Verb  <EVT> [ConnectorLogic 1] - LastState: Charging
2026-02-25 00:03:48 Verb  <EVT> [ConnectorLogic 2] - LastState: ChargingPausedByEv
2026-02-25 00:03:48 Warn  <#63> [AfeEnergyMeter] - Cannot read temperature from AFE: Could not find file '/sys/bus/spi/drivers/afe_at90e36/spi1.1/Temp'.
2026-02-25 00:03:48 Error <#63> [EnergyMeterService evse2] - SendMeasurements - Temperature: could not read value (AfeSystemFault)
2026-02-25 00:03:49 Verb  <#63> [OcppClient] - Sent: [2,"19d9","MeterValues",{"connectorId":2,"meterValue":[{"timestamp":"2026-02-25T00:03:48.872Z","sampledValue":[{"value":"0","context":"Sample.Periodic","measurand":"Current.Import","phase":"L1","unit":"A"},{"value":"0","context":"Sample.Periodic","measurand":"Current.Import","phase":"L2","unit":"A"},{"value":"0","context":"Sample.Periodic","measurand":"Current.Import","phase":"L3","unit":"A"},{"value":"35855.8","context":"Sample.Periodic","measurand":"Energy.Active.Import.Register","unit":"kWh"},{"value":"49.99","context":"Sample.Periodic","measurand":"Frequency"},{"value":"0","context":"Sample.Periodic","measurand":"Power.Active.Import","phase":"L1","unit":"kW"},{"value":"0","context":"Sample.Periodic","measurand":"Power.Active.Import","phase":"L2","unit":"kW"},{"value":"0","context":"Sample.Periodic","measurand":"Power.Active.Import","phase":"L3","unit":"kW"},{"value":"0","context":"Sample.Periodic","measurand":"Power.Active.Import","unit":"kW"},{"value":"-1","context":"Sample.Periodic","measurand":"Power.Factor"},{"value":"235.7","context":"Sample.Periodic","measurand":"Voltage","phase":"L1","unit":"V"},{"value":"236","context":"Sample.Periodic","measurand":"Voltage","phase":"L2","unit":"V"},{"value":"235.7","context":"Sample.Periodic","measurand":"Voltage","phase":"L3","unit":"V"},{"value":"16","context":"Sample.Periodic","measurand":"Current.Offered","unit":"A"}]}],"transactionId":2027725}]
2026-02-25 00:03:49 Verb  <EVT> [ConnectorLogic 1] - LastState: Charging
2026-02-25 00:03:49 Verb  <EVT> [ConnectorLogic 2] - LastState: ChargingPausedByEv
2026-02-25 00:03:49 Verb  <#79> [OcppClient] - Received: [3,"19d9",{}]
2026-02-25 00:03:49 Verb  <CommHandler first queue> [OcppMessageSender] - OcppMessageSender received response 
OcppAction: MeterValues
OcppMessage response: {}
2026-02-25 00:03:50 Verb  <EVT> [ConnectorLogic 1] - LastState: Charging
2026-02-25 00:03:50 Verb  <EVT> [ConnectorLogic 2] - LastState: ChargingPausedByEv
2026-02-25 00:03:51 Verb  <EVT> [ConnectorLogic 1] - LastState: Charging
2026-02-25 00:03:51 Verb  <EVT> [ConnectorLogic 2] - LastState: ChargingPausedByEv
2026-02-25 00:03:51 Warn  <#79> [AfeEnergyMeter] - Cannot read temperature from AFE: Could not find file '/sys/bus/spi/drivers/afe_at90e36/spi1.1/Temp'.
2026-02-25 00:03:51 Error <#79> [EnergyMeterService evse1] - SendMeasurements - Temperature: could not read value (AfeSystemFault)
2026-02-25 00:03:51 Verb  <#79> [OcppClient] - Sent: [2,"19da","MeterValues",{"connectorId":1,"meterValue":[{"timestamp":"2026-02-25T00:03:51.328Z","sampledValue":[{"value":"15.724","context":"Sample.Periodic","measurand":"Current.Import","phase":"L1","unit":"A"},{"value":"15.313","context":"Sample.Periodic","measurand":"Current.Import","phase":"L2","unit":"A"},{"value":"15.204","context":"Sample.Periodic","measurand":"Current.Import","phase":"L3","unit":"A"},{"value":"24360.8","context":"Sample.Periodic","measurand":"Energy.Active.Import.Register","unit":"kWh"},{"value":"49.98","context":"Sample.Periodic","measurand":"Frequency"},{"value":"3.6976001","context":"Sample.Periodic","measurand":"Power.Active.Import","phase":"L1","unit":"kW"},{"value":"3.5988998","context":"Sample.Periodic","measurand":"Power.Active.Import","phase":"L2","unit":"kW"},{"value":"3.5795","context":"Sample.Periodic","measurand":"Power.Active.Import","phase":"L3","unit":"kW"},{"value":"10.8762","context":"Sample.Periodic","measurand":"Power.Active.Import","unit":"kW"},{"value":"0.9972","context":"Sample.Periodic","measurand":"Power.Factor"},{"value":"236","context":"Sample.Periodic","measurand":"Voltage","phase":"L1","unit":"V"},{"value":"235.5","context":"Sample.Periodic","measurand":"Voltage","phase":"L2","unit":"V"},{"value":"236","context":"Sample.Periodic","measurand":"Voltage","phase":"L3","unit":"V"},{"value":"16","context":"Sample.Periodic","measurand":"Current.Offered","unit":"A"}]}],"transactionId":2027882}]
2026-02-25 00:03:51 Verb  <EVT> [ConnectorLogic 1] - LastState: Charging
2026-02-25 00:03:51 Verb  <EVT> [Evse 1] - Created ConnectorStatusData: {
  "ConnectorId": 1,
  "Status": "Charging",
  "Current": {
    "L1": 15.724,
    "L2": 15.313,
    "L3": 15.204
  },
  "Power": {
    "L1": 3.6976001,
    "L2": 3.5988998,
    "L3": 3.5795,
    "Total": 10.8762
  },
  "Consumption": {
    "L1": 0.0,
    "L2": 0.0,
    "L3": 0.0,
    "Total": 30.1
  },
  "CurrentSession": {
    "StartTime": "2026-02-24T20:49:51.0918872Z",
    "ConsumedEnergy": 30.1,
    "PhaseUsedByVehicle": "L123",
    "VehicleMinCurrentA": 6.0,
    "VehicleMaxCurrentA": 15.824,
    "IsVehicleMaxCurrentKnown": true,
    "IsVehicleResponsive": true
  },
  "ChargingUserPreferences": {
    "ChargingMode": "Fast",
    "PlannedDepartureTime": "2026-02-25T06:30:00Z",
    "PlannedEnergyConsumption": 100.0
  },
  "CurrentSetpoint": 16
}
2026-02-25 00:03:51 Verb  <EVT> [ConnectorLogic 2] - LastState: ChargingPausedByEv
2026-02-25 00:03:51 Verb  <EVT> [Evse 2] - Created ConnectorStatusData: {
  "ConnectorId": 2,
  "Status": "ChargingPausedByEv",
  "Current": {
    "L1": 0.0,
    "L2": 0.0,
    "L3": 0.0
  },
  "Power": {
    "L1": 0.0,
    "L2": 0.0,
    "L3": 0.0,
    "Total": 0.0
  },
  "Consumption": {
    "L1": 0.0,
    "L2": 0.0,
    "L3": 0.0,
    "Total": 33.2
  },
  "CurrentSession": {
    "StartTime": "2026-02-24T19:36:48.6309339Z",
    "ConsumedEnergy": 33.2,
    "PhaseUsedByVehicle": "L123",
    "VehicleMinCurrentA": 6.0,
    "VehicleMaxCurrentA": 15.952,
    "IsVehicleMaxCurrentKnown": true,
    "IsVehicleResponsive": true
  },
  "ChargingUserPreferences": {
    "ChargingMode": "Fast",
    "PlannedDepartureTime": "2026-02-24T22:00:00Z",
    "PlannedEnergyConsumption": 100.0
  },
  "CurrentSetpoint": 16
}
2026-02-25 00:03:52 Verb  <#70> [OcppClient] - Received: [3,"19da",{}]
2026-02-25 00:03:52 Verb  <CommHandler first queue> [OcppMessageSender] - OcppMessageSender received response 
OcppAction: MeterValues
OcppMessage response: {}
2026-02-25 00:03:52 Verb  <EVT> [ConnectorLogic 1] - LastState: Charging
2026-02-25 00:03:52 Verb  <EVT> [ConnectorLogic 2] - LastState: ChargingPausedByEv
2026-02-25 00:03:52 Verb  <EVT> [ConnectorLogic 1] - LastState: Charging
2026-02-25 00:03:52 Verb  <EVT> [ConnectorLogic 1] - TargetCurrents {
  "ChargingProfiles": {
    "Current": null,
    "Unit": "A",
    "Source": "ChargingProfiles"
  },
  "SmartCluster": {
    "Current": 16,
    "Unit": "A",
    "Source": "SmartCluster"
  }
}
2026-02-25 00:03:52 Info  <EVT> [ConnectorLogic 1] - TargetCurrent from SmartCluster, current: 16
2026-02-25 00:03:52 Verb  <EVT> [ConnectorLogic 1] - Applying 16 A from SmartCluster triggered by ConnectorMaxOutput (SmartCluster)
2026-02-25 00:03:53 Verb  <EVT> [ConnectorLogic 2] - LastState: ChargingPausedByEv
2026-02-25 00:03:53 Verb  <EVT> [ConnectorLogic 1] - LastState: Charging
2026-02-25 00:03:53 Verb  <EVT> [ConnectorLogic 2] - LastState: ChargingPausedByEv
2026-02-25 00:03:54 Verb  <EVT> [ConnectorLogic 1] - LastState: Charging
2026-02-25 00:03:54 Verb  <EVT> [ConnectorLogic 2] - LastState: ChargingPausedByEv
2026-02-25 00:03:55 Verb  <EVT> [ConnectorLogic 1] - LastState: Charging
2026-02-25 00:03:55 Verb  <EVT> [ConnectorLogic 2] - LastState: ChargingPausedByEv
2026-02-25 00:03:56 Verb  <EVT> [ConnectorLogic 1] - LastState: Charging
2026-02-25 00:03:56 Verb  <EVT> [ConnectorLogic 2] - LastState: ChargingPausedByEv
2026-02-25 00:03:57 Verb  <#63> [SystemMonitor] - CPU loads: 1.73 1.59 1.71
2026-02-25 00:03:57 Verb  <EVT> [ConnectorLogic 1] - LastState: Charging
2026-02-25 00:03:57 Verb  <EVT> [Evse 1] - Created ConnectorShortStatusData: {
  "ConnectorId": 1,
  "Current": {
    "L1": 15.742,
    "L2": 15.213,
    "L3": 15.212
  },
  "Power": {
    "L1": 3.7065,
    "L2": 3.5807,
    "L3": 3.5866,
    "Total": 10.874
  },
  "Consumption": {
    "L1": 0.0,
    "L2": 0.0,
    "L3": 0.0,
    "Total": 30.2
  },
  "LocalTarget": 16,
  "IsMaxCurrentKnown": true
}
2026-02-25 00:03:57 Verb  <EVT> [ConnectorLogic 2] - LastState: ChargingPausedByEv
2026-02-25 00:03:58 Verb  <EVT> [ConnectorLogic 1] - LastState: Charging
2026-02-25 00:03:58 Verb  <EVT> [ConnectorLogic 2] - LastState: ChargingPausedByEv
2026-02-25 00:03:59 Verb  <EVT> [ConnectorLogic 1] - LastState: Charging
2026-02-25 00:03:59 Verb  <EVT> [ConnectorLogic 2] - LastState: ChargingPausedByEv
2026-02-25 00:04:00 Verb  <EVT> [ConnectorLogic 1] - LastState: Charging
2026-02-25 00:04:00 Verb  <EVT> [ConnectorLogic 2] - LastState: ChargingPausedByEv
2026-02-25 00:04:01 Verb  <EVT> [ConnectorLogic 1] - LastState: Charging
2026-02-25 00:04:01 Verb  <EVT> [ConnectorLogic 2] - LastState: ChargingPausedByEv
2026-02-25 00:04:02 Verb  <EVT> [ConnectorLogic 1] - LastState: Charging
2026-02-25 00:04:02 Verb  <EVT> [ConnectorLogic 2] - LastState: ChargingPausedByEv
2026-02-25 00:04:03 Verb  <EVT> [ConnectorLogic 1] - LastState: Charging
2026-02-25 00:04:03 Verb  <EVT> [ConnectorLogic 2] - LastState: ChargingPausedByEv
2026-02-25 00:04:04 Verb  <EVT> [ConnectorLogic 1] - LastState: Charging
2026-02-25 00:04:04 Verb  <EVT> [ConnectorLogic 2] - LastState: ChargingPausedByEv
2026-02-25 00:04:05 Verb  <EVT> [ConnectorLogic 1] - LastState: Charging
2026-02-25 00:04:05 Verb  <EVT> [ConnectorLogic 2] - LastState: ChargingPausedByEv
2026-02-25 00:04:06 Verb  <EVT> [ConnectorLogic 1] - LastState: Charging
2026-02-25 00:04:06 Verb  <EVT> [ConnectorLogic 2] - LastState: ChargingPausedByEv
2026-02-25 00:04:07 Verb  <#79> [SystemMonitor] - CPU loads: 1.54 1.56 1.69
2026-02-25 00:04:07 Verb  <EVT> [ConnectorLogic 1] - LastState: Charging
2026-02-25 00:04:07 Verb  <EVT> [ConnectorLogic 2] - LastState: ChargingPausedByEv
2026-02-25 00:04:08 Verb  <EVT> [ConnectorLogic 1] - LastState: Charging
2026-02-25 00:04:08 Verb  <EVT> [ConnectorLogic 2] - LastState: ChargingPausedByEv
2026-02-25 00:04:09 Verb  <EVT> [ConnectorLogic 1] - LastState: Charging
2026-02-25 00:04:09 Verb  <EVT> [ConnectorLogic 2] - LastState: ChargingPausedByEv
2026-02-25 00:04:10 Verb  <EVT> [ConnectorLogic 1] - LastState: Charging
2026-02-25 00:04:10 Verb  <EVT> [ConnectorLogic 2] - LastState: ChargingPausedByEv
2026-02-25 00:04:11 Verb  <EVT> [ConnectorLogic 1] - LastState: Charging
2026-02-25 00:04:11 Verb  <EVT> [ConnectorLogic 2] - LastState: ChargingPausedByEv
2026-02-25 00:04:12 Verb  <EVT> [ConnectorLogic 1] - LastState: Charging
2026-02-25 00:04:12 Verb  <EVT> [ConnectorLogic 2] - LastState: ChargingPausedByEv
2026-02-25 00:04:13 Verb  <EVT> [ConnectorLogic 1] - LastState: Charging
2026-02-25 00:04:13 Verb  <EVT> [ConnectorLogic 2] - LastState: ChargingPausedByEv
2026-02-25 00:04:14 Verb  <EVT> [ConnectorLogic 1] - LastState: Charging
2026-02-25 00:04:14 Verb  <EVT> [ConnectorLogic 2] - LastState: ChargingPausedByEv
2026-02-25 00:04:15 Verb  <EVT> [ConnectorLogic 1] - LastState: Charging
2026-02-25 00:04:15 Verb  <EVT> [ConnectorLogic 2] - LastState: ChargingPausedByEv
2026-02-25 00:04:16 Verb  <EVT> [ConnectorLogic 1] - LastState: Charging
2026-02-25 00:04:16 Verb  <EVT> [ConnectorLogic 2] - LastState: ChargingPausedByEv
2026-02-25 00:04:17 Verb  <#30> [SystemMonitor] - CPU loads: 1.62 1.57 1.7
2026-02-25 00:04:17 Verb  <EVT> [ConnectorLogic 1] - LastState: Charging
2026-02-25 00:04:17 Verb  <EVT> [ConnectorLogic 2] - LastState: ChargingPausedByEv
2026-02-25 00:04:18 Verb  <EVT> [ConnectorLogic 1] - LastState: Charging
2026-02-25 00:04:18 Verb  <EVT> [ConnectorLogic 2] - LastState: ChargingPausedByEv
2026-02-25 00:04:19 Verb  <EVT> [ConnectorLogic 1] - LastState: Charging
2026-02-25 00:04:19 Verb  <EVT> [ConnectorLogic 2] - LastState: ChargingPausedByEv
2026-02-25 00:04:20 Verb  <EVT> [ConnectorLogic 1] - LastState: Charging
2026-02-25 00:04:20 Verb  <EVT> [ConnectorLogic 2] - LastState: ChargingPausedByEv
2026-02-25 00:04:21 Verb  <EVT> [ConnectorLogic 1] - LastState: Charging
2026-02-25 00:04:21 Verb  <EVT> [ConnectorLogic 2] - LastState: ChargingPausedByEv
2026-02-25 00:04:21 Verb  <EVT> [ConnectorLogic 1] - LastState: Charging
2026-02-25 00:04:21 Verb  <EVT> [Evse 1] - Created ConnectorStatusData: {
  "ConnectorId": 1,
  "Status": "Charging",
  "Current": {
    "L1": 15.717,
    "L2": 15.315,
    "L3": 15.2
  },
  "Power": {
    "L1": 3.6963,
    "L2": 3.6013,
    "L3": 3.5816002,
    "Total": 10.8793
  },
  "Consumption": {
    "L1": 0.0,
    "L2": 0.0,
    "L3": 0.0,
    "Total": 30.2
  },
  "CurrentSession": {
    "StartTime": "2026-02-24T20:49:51.0918872Z",
    "ConsumedEnergy": 30.2,
    "PhaseUsedByVehicle": "L123",
    "VehicleMinCurrentA": 6.0,
    "VehicleMaxCurrentA": 15.824,
    "IsVehicleMaxCurrentKnown": true,
    "IsVehicleResponsive": true
  },
  "ChargingUserPreferences": {
    "ChargingMode": "Fast",
    "PlannedDepartureTime": "2026-02-25T06:30:00Z",
    "PlannedEnergyConsumption": 100.0
  },
  "CurrentSetpoint": 16
}
2026-02-25 00:04:21 Verb  <EVT> [ConnectorLogic 2] - LastState: ChargingPausedByEv
2026-02-25 00:04:21 Verb  <EVT> [Evse 2] - Created ConnectorStatusData: {
  "ConnectorId": 2,
  "Status": "ChargingPausedByEv",
  "Current": {
    "L1": 0.0,
    "L2": 0.0,
    "L3": 0.0
  },
  "Power": {
    "L1": 0.0,
    "L2": 0.0,
    "L3": 0.0,
    "Total": 0.0
  },
  "Consumption": {
    "L1": 0.0,
    "L2": 0.0,
    "L3": 0.0,
    "Total": 33.2
  },
  "CurrentSession": {
    "StartTime": "2026-02-24T19:36:48.6309339Z",
    "ConsumedEnergy": 33.2,
    "PhaseUsedByVehicle": "L123",
    "VehicleMinCurrentA": 6.0,
    "VehicleMaxCurrentA": 15.952,
    "IsVehicleMaxCurrentKnown": true,
    "IsVehicleResponsive": true
  },
  "ChargingUserPreferences": {
    "ChargingMode": "Fast",
    "PlannedDepartureTime": "2026-02-24T22:00:00Z",
    "PlannedEnergyConsumption": 100.0
  },
  "CurrentSetpoint": 16
}
2026-02-25 00:04:22 Verb  <EVT> [ConnectorLogic 1] - LastState: Charging
2026-02-25 00:04:22 Verb  <EVT> [ConnectorLogic 2] - LastState: ChargingPausedByEv
2026-02-25 00:04:23 Verb  <EVT> [ConnectorLogic 1] - LastState: Charging
2026-02-25 00:04:23 Verb  <EVT> [ConnectorLogic 1] - TargetCurrents {
  "ChargingProfiles": {
    "Current": null,
    "Unit": "A",
    "Source": "ChargingProfiles"
  },
  "SmartCluster": {
    "Current": 16,
    "Unit": "A",
    "Source": "SmartCluster"
  }
}
2026-02-25 00:04:23 Info  <EVT> [ConnectorLogic 1] - TargetCurrent from SmartCluster, current: 16
2026-02-25 00:04:23 Verb  <EVT> [ConnectorLogic 1] - Applying 16 A from SmartCluster triggered by ConnectorMaxOutput (SmartCluster)
2026-02-25 00:04:23 Verb  <EVT> [ConnectorLogic 2] - LastState: ChargingPausedByEv
2026-02-25 00:04:23 Verb  <EVT> [ConnectorLogic 1] - LastState: Charging
2026-02-25 00:04:23 Verb  <EVT> [ConnectorLogic 2] - LastState: ChargingPausedByEv
2026-02-25 00:04:24 Verb  <EVT> [ConnectorLogic 1] - LastState: Charging
2026-02-25 00:04:24 Verb  <EVT> [ConnectorLogic 2] - LastState: ChargingPausedByEv
2026-02-25 00:04:25 Verb  <EVT> [ConnectorLogic 1] - LastState: Charging
2026-02-25 00:04:25 Verb  <EVT> [ConnectorLogic 2] - LastState: ChargingPausedByEv
2026-02-25 00:04:26 Verb  <EVT> [ConnectorLogic 1] - LastState: Charging
2026-02-25 00:04:26 Verb  <EVT> [ConnectorLogic 2] - LastState: ChargingPausedByEv
2026-02-25 00:04:27 Verb  <#51> [SystemMonitor] - CPU loads: 1.61 1.57 1.69
2026-02-25 00:04:27 Verb  <EVT> [ConnectorLogic 1] - LastState: Charging
2026-02-25 00:04:27 Verb  <EVT> [ConnectorLogic 2] - LastState: ChargingPausedByEv
2026-02-25 00:04:28 Verb  <EVT> [ConnectorLogic 1] - LastState: Charging
2026-02-25 00:04:28 Verb  <EVT> [ConnectorLogic 2] - LastState: ChargingPausedByEv
2026-02-25 00:04:29 Verb  <EVT> [ConnectorLogic 1] - LastState: Charging
2026-02-25 00:04:29 Verb  <EVT> [ConnectorLogic 2] - LastState: ChargingPausedByEv
2026-02-25 00:04:30 Verb  <EVT> [ConnectorLogic 1] - LastState: Charging
2026-02-25 00:04:30 Verb  <EVT> [ConnectorLogic 2] - LastState: ChargingPausedByEv
2026-02-25 00:04:31 Verb  <EVT> [ConnectorLogic 1] - LastState: Charging
2026-02-25 00:04:31 Verb  <EVT> [Evse 1] - Created ConnectorShortStatusData: {
  "ConnectorId": 1,
  "Current": {
    "L1": 15.744,
    "L2": 15.328,
    "L3": 15.12
  },
  "Power": {
    "L1": 3.7069,
    "L2": 3.6052,
    "L3": 3.5704,
    "Total": 10.8826
  },
  "Consumption": {
    "L1": 0.0,
    "L2": 0.0,
    "L3": 0.0,
    "Total": 30.3
  },
  "LocalTarget": 16,
  "IsMaxCurrentKnown": true
}
2026-02-25 00:04:31 Verb  <EVT> [ConnectorLogic 2] - LastState: ChargingPausedByEv
2026-02-25 00:04:32 Verb  <EVT> [ConnectorLogic 1] - LastState: Charging
2026-02-25 00:04:32 Verb  <EVT> [ConnectorLogic 2] - LastState: ChargingPausedByEv
2026-02-25 00:04:33 Verb  <EVT> [ConnectorLogic 1] - LastState: Charging
2026-02-25 00:04:33 Verb  <EVT> [ConnectorLogic 2] - LastState: ChargingPausedByEv
2026-02-25 00:04:34 Verb  <EVT> [ConnectorLogic 1] - LastState: Charging
2026-02-25 00:04:34 Verb  <EVT> [ConnectorLogic 2] - LastState: ChargingPausedByEv
2026-02-25 00:04:35 Verb  <EVT> [ConnectorLogic 1] - LastState: Charging
2026-02-25 00:04:35 Verb  <EVT> [ConnectorLogic 2] - LastState: ChargingPausedByEv
2026-02-25 00:04:36 Verb  <EVT> [ConnectorLogic 1] - LastState: Charging
2026-02-25 00:04:36 Verb  <EVT> [ConnectorLogic 2] - LastState: ChargingPausedByEv
2026-02-25 00:04:37 Verb  <#51> [SystemMonitor] - CPU loads: 1.66 1.58 1.7
2026-02-25 00:04:37 Verb  <EVT> [ConnectorLogic 1] - LastState: Charging
2026-02-25 00:04:37 Verb  <EVT> [ConnectorLogic 2] - LastState: ChargingPausedByEv
2026-02-25 00:04:38 Verb  <EVT> [ConnectorLogic 1] - LastState: Charging
2026-02-25 00:04:38 Verb  <EVT> [ConnectorLogic 2] - LastState: ChargingPausedByEv
2026-02-25 00:04:39 Verb  <EVT> [ConnectorLogic 1] - LastState: Charging
2026-02-25 00:04:39 Verb  <EVT> [ConnectorLogic 2] - LastState: ChargingPausedByEv
2026-02-25 00:04:40 Verb  <EVT> [ConnectorLogic 1] - LastState: Charging
2026-02-25 00:04:40 Verb  <EVT> [ConnectorLogic 2] - LastState: ChargingPausedByEv
2026-02-25 00:04:41 Verb  <EVT> [ConnectorLogic 1] - LastState: Charging
2026-02-25 00:04:41 Verb  <EVT> [ConnectorLogic 2] - LastState: ChargingPausedByEv
2026-02-25 00:04:42 Verb  <EVT> [ConnectorLogic 1] - LastState: Charging
2026-02-25 00:04:42 Verb  <EVT> [ConnectorLogic 2] - LastState: ChargingPausedByEv
2026-02-25 00:04:43 Verb  <EVT> [ConnectorLogic 1] - LastState: Charging
2026-02-25 00:04:43 Verb  <EVT> [ConnectorLogic 2] - LastState: ChargingPausedByEv
2026-02-25 00:04:44 Verb  <EVT> [ConnectorLogic 1] - LastState: Charging
2026-02-25 00:04:44 Verb  <EVT> [ConnectorLogic 2] - LastState: ChargingPausedByEv
2026-02-25 00:04:45 Verb  <EVT> [ConnectorLogic 1] - LastState: Charging
2026-02-25 00:04:45 Verb  <EVT> [ConnectorLogic 2] - LastState: ChargingPausedByEv
2026-02-25 00:04:46 Verb  <EVT> [ConnectorLogic 1] - LastState: Charging
2026-02-25 00:04:46 Verb  <EVT> [ConnectorLogic 2] - LastState: ChargingPausedByEv
2026-02-25 00:04:47 Verb  <#63> [SystemMonitor] - CPU loads: 1.71 1.6 1.7
2026-02-25 00:04:47 Verb  <EVT> [ConnectorLogic 1] - LastState: Charging
2026-02-25 00:04:47 Verb  <EVT> [ConnectorLogic 2] - LastState: ChargingPausedByEv
2026-02-25 00:04:48 Verb  <EVT> [ConnectorLogic 1] - LastState: Charging
2026-02-25 00:04:48 Verb  <EVT> [ConnectorLogic 2] - LastState: ChargingPausedByEv
2026-02-25 00:04:48 Info  <#40> [AfeEnergyMeter] - Calibrating AFE at 1.1
2026-02-25 00:04:49 Warn  <#40> [AfeEnergyMeter] - Cannot read temperature from AFE: Could not find file '/sys/bus/spi/drivers/afe_at90e36/spi1.1/Temp'.
2026-02-25 00:04:49 Error <#40> [EnergyMeterService evse2] - SendMeasurements - Temperature: could not read value (AfeSystemFault)
2026-02-25 00:04:49 Verb  <#30> [OcppClient] - Sent: [2,"19db","MeterValues",{"connectorId":2,"meterValue":[{"timestamp":"2026-02-25T00:04:47.809Z","sampledValue":[{"value":"0","context":"Sample.Periodic","measurand":"Current.Import","phase":"L1","unit":"A"},{"value":"0","context":"Sample.Periodic","measurand":"Current.Import","phase":"L2","unit":"A"},{"value":"0","context":"Sample.Periodic","measurand":"Current.Import","phase":"L3","unit":"A"},{"value":"35855.8","context":"Sample.Periodic","measurand":"Energy.Active.Import.Register","unit":"kWh"},{"value":"50.01","context":"Sample.Periodic","measurand":"Frequency"},{"value":"0","context":"Sample.Periodic","measurand":"Power.Active.Import","phase":"L1","unit":"kW"},{"value":"0","context":"Sample.Periodic","measurand":"Power.Active.Import","phase":"L2","unit":"kW"},{"value":"0","context":"Sample.Periodic","measurand":"Power.Active.Import","phase":"L3","unit":"kW"},{"value":"0","context":"Sample.Periodic","measurand":"Power.Active.Import","unit":"kW"},{"value":"-1","context":"Sample.Periodic","measurand":"Power.Factor"},{"value":"236.1","context":"Sample.Periodic","measurand":"Voltage","phase":"L1","unit":"V"},{"value":"236","context":"Sample.Periodic","measurand":"Voltage","phase":"L2","unit":"V"},{"value":"235.7","context":"Sample.Periodic","measurand":"Voltage","phase":"L3","unit":"V"},{"value":"16","context":"Sample.Periodic","measurand":"Current.Offered","unit":"A"}]}],"transactionId":2027725}]
2026-02-25 00:04:49 Verb  <EVT> [ConnectorLogic 1] - LastState: Charging
2026-02-25 00:04:49 Verb  <EVT> [ConnectorLogic 2] - LastState: ChargingPausedByEv
2026-02-25 00:04:49 Verb  <#40> [OcppClient] - Received: [3,"19db",{}]
2026-02-25 00:04:49 Verb  <CommHandler first queue> [OcppMessageSender] - OcppMessageSender received response 
OcppAction: MeterValues
OcppMessage response: {}
2026-02-25 00:04:50 Verb  <EVT> [ConnectorLogic 1] - LastState: Charging
2026-02-25 00:04:50 Verb  <EVT> [ConnectorLogic 2] - LastState: ChargingPausedByEv
2026-02-25 00:04:51 Warn  <#51> [AfeEnergyMeter] - Cannot read temperature from AFE: Could not find file '/sys/bus/spi/drivers/afe_at90e36/spi1.1/Temp'.
2026-02-25 00:04:51 Error <#51> [EnergyMeterService evse1] - SendMeasurements - Temperature: could not read value (AfeSystemFault)
2026-02-25 00:04:51 Verb  <#51> [OcppClient] - Sent: [2,"19dc","MeterValues",{"connectorId":1,"meterValue":[{"timestamp":"2026-02-25T00:04:49.972Z","sampledValue":[{"value":"15.721","context":"Sample.Periodic","measurand":"Current.Import","phase":"L1","unit":"A"},{"value":"15.31","context":"Sample.Periodic","measurand":"Current.Import","phase":"L2","unit":"A"},{"value":"15.194","context":"Sample.Periodic","measurand":"Current.Import","phase":"L3","unit":"A"},{"value":"24361","context":"Sample.Periodic","measurand":"Energy.Active.Import.Register","unit":"kWh"},{"value":"50.01","context":"Sample.Periodic","measurand":"Frequency"},{"value":"3.7013998","context":"Sample.Periodic","measurand":"Power.Active.Import","phase":"L1","unit":"kW"},{"value":"3.5991","context":"Sample.Periodic","measurand":"Power.Active.Import","phase":"L2","unit":"kW"},{"value":"3.5863001","context":"Sample.Periodic","measurand":"Power.Active.Import","phase":"L3","unit":"kW"},{"value":"10.8869","context":"Sample.Periodic","measurand":"Power.Active.Import","unit":"kW"},{"value":"0.9972","context":"Sample.Periodic","measurand":"Power.Factor"},{"value":"236.3","context":"Sample.Periodic","measurand":"Voltage","phase":"L1","unit":"V"},{"value":"235.5","context":"Sample.Periodic","measurand":"Voltage","phase":"L2","unit":"V"},{"value":"236.6","context":"Sample.Periodic","measurand":"Voltage","phase":"L3","unit":"V"},{"value":"16","context":"Sample.Periodic","measurand":"Current.Offered","unit":"A"}]}],"transactionId":2027882}]
2026-02-25 00:04:51 Verb  <EVT> [ConnectorLogic 1] - LastState: Charging
2026-02-25 00:04:51 Verb  <EVT> [ConnectorLogic 2] - LastState: ChargingPausedByEv
2026-02-25 00:04:51 Verb  <EVT> [ConnectorLogic 1] - LastState: Charging
2026-02-25 00:04:51 Verb  <EVT> [Evse 1] - Created ConnectorStatusData: {
  "ConnectorId": 1,
  "Status": "Charging",
  "Current": {
    "L1": 15.74,
    "L2": 15.317,
    "L3": 15.16
  },
  "Power": {
    "L1": 3.7069,
    "L2": 3.6002,
    "L3": 3.5803,
    "Total": 10.8876
  },
  "Consumption": {
    "L1": 0.0,
    "L2": 0.0,
    "L3": 0.0,
    "Total": 30.3
  },
  "CurrentSession": {
    "StartTime": "2026-02-24T20:49:51.0918872Z",
    "ConsumedEnergy": 30.3,
    "PhaseUsedByVehicle": "L123",
    "VehicleMinCurrentA": 6.0,
    "VehicleMaxCurrentA": 15.824,
    "IsVehicleMaxCurrentKnown": true,
    "IsVehicleResponsive": true
  },
  "ChargingUserPreferences": {
    "ChargingMode": "Fast",
    "PlannedDepartureTime": "2026-02-25T06:30:00Z",
    "PlannedEnergyConsumption": 100.0
  },
  "CurrentSetpoint": 16
}
2026-02-25 00:04:51 Verb  <EVT> [ConnectorLogic 2] - LastState: ChargingPausedByEv
2026-02-25 00:04:51 Verb  <EVT> [Evse 2] - Created ConnectorStatusData: {
  "ConnectorId": 2,
  "Status": "ChargingPausedByEv",
  "Current": {
    "L1": 0.0,
    "L2": 0.0,
    "L3": 0.0
  },
  "Power": {
    "L1": 0.0,
    "L2": 0.0,
    "L3": 0.0,
    "Total": 0.0
  },
  "Consumption": {
    "L1": 0.0,
    "L2": 0.0,
    "L3": 0.0,
    "Total": 33.2
  },
  "CurrentSession": {
    "StartTime": "2026-02-24T19:36:48.6309339Z",
    "ConsumedEnergy": 33.2,
    "PhaseUsedByVehicle": "L123",
    "VehicleMinCurrentA": 6.0,
    "VehicleMaxCurrentA": 15.952,
    "IsVehicleMaxCurrentKnown": true,
    "IsVehicleResponsive": true
  },
  "ChargingUserPreferences": {
    "ChargingMode": "Fast",
    "PlannedDepartureTime": "2026-02-24T22:00:00Z",
    "PlannedEnergyConsumption": 100.0
  },
  "CurrentSetpoint": 16
}
2026-02-25 00:04:52 Verb  <#40> [OcppClient] - Received: [3,"19dc",{}]
2026-02-25 00:04:52 Verb  <CommHandler first queue> [OcppMessageSender] - OcppMessageSender received response 
OcppAction: MeterValues
OcppMessage response: {}
2026-02-25 00:04:52 Verb  <EVT> [ConnectorLogic 1] - LastState: Charging
2026-02-25 00:04:52 Verb  <EVT> [ConnectorLogic 2] - LastState: ChargingPausedByEv
2026-02-25 00:04:53 Verb  <EVT> [ConnectorLogic 1] - LastState: Charging
2026-02-25 00:04:53 Verb  <EVT> [ConnectorLogic 1] - TargetCurrents {
  "ChargingProfiles": {
    "Current": null,
    "Unit": "A",
    "Source": "ChargingProfiles"
  },
  "SmartCluster": {
    "Current": 16,
    "Unit": "A",
    "Source": "SmartCluster"
  }
}
2026-02-25 00:04:53 Info  <EVT> [ConnectorLogic 1] - TargetCurrent from SmartCluster, current: 16
2026-02-25 00:04:53 Verb  <EVT> [ConnectorLogic 1] - Applying 16 A from SmartCluster triggered by ConnectorMaxOutput (SmartCluster)
2026-02-25 00:04:53 Verb  <EVT> [ConnectorLogic 2] - LastState: ChargingPausedByEv
2026-02-25 00:04:53 Verb  <EVT> [ConnectorLogic 1] - LastState: Charging
2026-02-25 00:04:53 Verb  <EVT> [ConnectorLogic 2] - LastState: ChargingPausedByEv
2026-02-25 00:04:54 Verb  <EVT> [ConnectorLogic 1] - LastState: Charging
2026-02-25 00:04:54 Verb  <EVT> [ConnectorLogic 2] - LastState: ChargingPausedByEv
2026-02-25 00:04:55 Verb  <EVT> [ConnectorLogic 1] - LastState: Charging
2026-02-25 00:04:55 Verb  <EVT> [ConnectorLogic 2] - LastState: ChargingPausedByEv
2026-02-25 00:04:56 Verb  <EVT> [ConnectorLogic 1] - LastState: Charging
2026-02-25 00:04:56 Verb  <EVT> [ConnectorLogic 2] - LastState: ChargingPausedByEv
2026-02-25 00:04:57 Verb  <#51> [SystemMonitor] - CPU loads: 1.45 1.54 1.68
2026-02-25 00:04:57 Verb  <EVT> [ConnectorLogic 1] - LastState: Charging
2026-02-25 00:04:57 Verb  <EVT> [ConnectorLogic 2] - LastState: ChargingPausedByEv
2026-02-25 00:04:58 Verb  <EVT> [ConnectorLogic 1] - LastState: Charging
2026-02-25 00:04:58 Verb  <EVT> [ConnectorLogic 2] - LastState: ChargingPausedByEv
2026-02-25 00:04:59 Verb  <EVT> [ConnectorLogic 1] - LastState: Charging
2026-02-25 00:04:59 Verb  <EVT> [ConnectorLogic 2] - LastState: ChargingPausedByEv
2026-02-25 00:05:00 Verb  <EVT> [ConnectorLogic 1] - LastState: Charging
2026-02-25 00:05:00 Verb  <EVT> [ConnectorLogic 2] - LastState: ChargingPausedByEv
2026-02-25 00:05:01 Verb  <EVT> [ConnectorLogic 1] - LastState: Charging
2026-02-25 00:05:01 Verb  <EVT> [ConnectorLogic 2] - LastState: ChargingPausedByEv
2026-02-25 00:05:02 Verb  <EVT> [ConnectorLogic 1] - LastState: Charging
2026-02-25 00:05:02 Verb  <EVT> [ConnectorLogic 2] - LastState: ChargingPausedByEv
2026-02-25 00:05:03 Verb  <EVT> [ConnectorLogic 1] - LastState: Charging
2026-02-25 00:05:03 Verb  <EVT> [ConnectorLogic 2] - LastState: ChargingPausedByEv
2026-02-25 00:05:04 Verb  <EVT> [ConnectorLogic 1] - LastState: Charging
2026-02-25 00:05:04 Verb  <EVT> [ConnectorLogic 2] - LastState: ChargingPausedByEv
2026-02-25 00:05:05 Verb  <EVT> [ConnectorLogic 1] - LastState: Charging
2026-02-25 00:05:05 Verb  <EVT> [Evse 1] - Created ConnectorShortStatusData: {
  "ConnectorId": 1,
  "Current": {
    "L1": 15.767,
    "L2": 15.317,
    "L3": 15.145
  },
  "Power": {
    "L1": 3.7128,
    "L2": 3.5986001,
    "L3": 3.5745,
    "Total": 10.886
  },
  "Consumption": {
    "L1": 0.0,
    "L2": 0.0,
    "L3": 0.0,
    "Total": 30.4
  },
  "LocalTarget": 16,
  "IsMaxCurrentKnown": true
}
2026-02-25 00:05:05 Verb  <EVT> [ConnectorLogic 2] - LastState: ChargingPausedByEv
2026-02-25 00:05:06 Verb  <EVT> [ConnectorLogic 1] - LastState: Charging
2026-02-25 00:05:06 Verb  <EVT> [ConnectorLogic 2] - LastState: ChargingPausedByEv
2026-02-25 00:05:07 Verb  <#79> [SystemMonitor] - CPU loads: 1.53 1.56 1.69
2026-02-25 00:05:07 Verb  <EVT> [ConnectorLogic 1] - LastState: Charging
2026-02-25 00:05:07 Verb  <EVT> [ConnectorLogic 2] - LastState: ChargingPausedByEv
2026-02-25 00:05:08 Verb  <EVT> [ConnectorLogic 1] - LastState: Charging
2026-02-25 00:05:08 Verb  <EVT> [ConnectorLogic 2] - LastState: ChargingPausedByEv
2026-02-25 00:05:09 Verb  <EVT> [ConnectorLogic 1] - LastState: Charging
2026-02-25 00:05:09 Verb  <EVT> [ConnectorLogic 2] - LastState: ChargingPausedByEv
2026-02-25 00:05:10 Verb  <EVT> [ConnectorLogic 1] - LastState: Charging
2026-02-25 00:05:10 Verb  <EVT> [ConnectorLogic 2] - LastState: ChargingPausedByEv
2026-02-25 00:05:11 Verb  <EVT> [ConnectorLogic 1] - LastState: Charging
2026-02-25 00:05:11 Verb  <EVT> [ConnectorLogic 2] - LastState: ChargingPausedByEv
2026-02-25 00:05:12 Verb  <EVT> [ConnectorLogic 1] - LastState: Charging
2026-02-25 00:05:12 Verb  <EVT> [ConnectorLogic 2] - LastState: ChargingPausedByEv
2026-02-25 00:05:13 Verb  <EVT> [ConnectorLogic 1] - LastState: Charging
2026-02-25 00:05:13 Verb  <EVT> [ConnectorLogic 2] - LastState: ChargingPausedByEv
2026-02-25 00:05:14 Verb  <EVT> [ConnectorLogic 1] - LastState: Charging
2026-02-25 00:05:14 Verb  <EVT> [ConnectorLogic 2] - LastState: ChargingPausedByEv
2026-02-25 00:05:15 Verb  <EVT> [ConnectorLogic 1] - LastState: Charging
2026-02-25 00:05:15 Verb  <EVT> [ConnectorLogic 2] - LastState: ChargingPausedByEv
2026-02-25 00:05:16 Verb  <EVT> [ConnectorLogic 1] - LastState: Charging
2026-02-25 00:05:16 Verb  <EVT> [ConnectorLogic 2] - LastState: ChargingPausedByEv
2026-02-25 00:05:17 Verb  <#30> [SystemMonitor] - CPU loads: 1.53 1.56 1.68
2026-02-25 00:05:17 Verb  <EVT> [ConnectorLogic 1] - LastState: Charging
2026-02-25 00:05:17 Verb  <EVT> [ConnectorLogic 2] - LastState: ChargingPausedByEv
2026-02-25 00:05:18 Verb  <EVT> [ConnectorLogic 1] - LastState: Charging
2026-02-25 00:05:18 Verb  <EVT> [ConnectorLogic 2] - LastState: ChargingPausedByEv
2026-02-25 00:05:19 Verb  <EVT> [ConnectorLogic 1] - LastState: Charging
2026-02-25 00:05:19 Verb  <EVT> [ConnectorLogic 2] - LastState: ChargingPausedByEv
2026-02-25 00:05:20 Verb  <EVT> [ConnectorLogic 1] - LastState: Charging
2026-02-25 00:05:20 Verb  <EVT> [ConnectorLogic 2] - LastState: ChargingPausedByEv
2026-02-25 00:05:21 Verb  <EVT> [ConnectorLogic 1] - LastState: Charging
2026-02-25 00:05:21 Verb  <EVT> [ConnectorLogic 2] - LastState: ChargingPausedByEv
2026-02-25 00:05:21 Verb  <EVT> [ConnectorLogic 1] - LastState: Charging
2026-02-25 00:05:21 Verb  <EVT> [Evse 1] - Created ConnectorStatusData: {
  "ConnectorId": 1,
  "Status": "Charging",
  "Current": {
    "L1": 15.774,
    "L2": 15.312,
    "L3": 15.137
  },
  "Power": {
    "L1": 3.7168999,
    "L2": 3.5963998,
    "L3": 3.5746999,
    "Total": 10.8881
  },
  "Consumption": {
    "L1": 0.0,
    "L2": 0.0,
    "L3": 0.0,
    "Total": 30.4
  },
  "CurrentSession": {
    "StartTime": "2026-02-24T20:49:51.0918872Z",
    "ConsumedEnergy": 30.4,
    "PhaseUsedByVehicle": "L123",
    "VehicleMinCurrentA": 6.0,
    "VehicleMaxCurrentA": 15.824,
    "IsVehicleMaxCurrentKnown": true,
    "IsVehicleResponsive": true
  },
  "ChargingUserPreferences": {
    "ChargingMode": "Fast",
    "PlannedDepartureTime": "2026-02-25T06:30:00Z",
    "PlannedEnergyConsumption": 100.0
  },
  "CurrentSetpoint": 16
}
2026-02-25 00:05:21 Verb  <EVT> [ConnectorLogic 2] - LastState: ChargingPausedByEv
2026-02-25 00:05:21 Verb  <EVT> [Evse 2] - Created ConnectorStatusData: {
  "ConnectorId": 2,
  "Status": "ChargingPausedByEv",
  "Current": {
    "L1": 0.0,
    "L2": 0.0,
    "L3": 0.0
  },
  "Power": {
    "L1": 0.0,
    "L2": 0.0,
    "L3": 0.0,
    "Total": 0.0
  },
  "Consumption": {
    "L1": 0.0,
    "L2": 0.0,
    "L3": 0.0,
    "Total": 33.2
  },
  "CurrentSession": {
    "StartTime": "2026-02-24T19:36:48.6309339Z",
    "ConsumedEnergy": 33.2,
    "PhaseUsedByVehicle": "L123",
    "VehicleMinCurrentA": 6.0,
    "VehicleMaxCurrentA": 15.952,
    "IsVehicleMaxCurrentKnown": true,
    "IsVehicleResponsive": true
  },
  "ChargingUserPreferences": {
    "ChargingMode": "Fast",
    "PlannedDepartureTime": "2026-02-24T22:00:00Z",
    "PlannedEnergyConsumption": 100.0
  },
  "CurrentSetpoint": 16
}
2026-02-25 00:05:22 Verb  <EVT> [ConnectorLogic 1] - LastState: Charging
2026-02-25 00:05:22 Verb  <EVT> [ConnectorLogic 2] - LastState: ChargingPausedByEv
2026-02-25 00:05:23 Verb  <EVT> [ConnectorLogic 1] - LastState: Charging
2026-02-25 00:05:23 Verb  <EVT> [ConnectorLogic 2] - LastState: ChargingPausedByEv
2026-02-25 00:05:23 Verb  <EVT> [ConnectorLogic 1] - LastState: Charging
2026-02-25 00:05:23 Verb  <EVT> [ConnectorLogic 1] - TargetCurrents {
  "ChargingProfiles": {
    "Current": null,
    "Unit": "A",
    "Source": "ChargingProfiles"
  },
  "SmartCluster": {
    "Current": 16,
    "Unit": "A",
    "Source": "SmartCluster"
  }
}
2026-02-25 00:05:23 Info  <EVT> [ConnectorLogic 1] - TargetCurrent from SmartCluster, current: 16
2026-02-25 00:05:23 Verb  <EVT> [ConnectorLogic 1] - Applying 16 A from SmartCluster triggered by ConnectorMaxOutput (SmartCluster)
2026-02-25 00:05:23 Verb  <EVT> [ConnectorLogic 2] - LastState: ChargingPausedByEv
2026-02-25 00:05:24 Verb  <EVT> [ConnectorLogic 1] - LastState: Charging
2026-02-25 00:05:24 Verb  <EVT> [ConnectorLogic 2] - LastState: ChargingPausedByEv
2026-02-25 00:05:25 Verb  <EVT> [ConnectorLogic 1] - LastState: Charging
2026-02-25 00:05:25 Verb  <EVT> [ConnectorLogic 2] - LastState: ChargingPausedByEv
2026-02-25 00:05:26 Verb  <EVT> [ConnectorLogic 1] - LastState: Charging
2026-02-25 00:05:26 Verb  <EVT> [ConnectorLogic 2] - LastState: ChargingPausedByEv
2026-02-25 00:05:27 Verb  <#51> [SystemMonitor] - CPU loads: 2.01 1.65 1.71
2026-02-25 00:05:27 Verb  <EVT> [ConnectorLogic 1] - LastState: Charging
2026-02-25 00:05:27 Verb  <EVT> [ConnectorLogic 2] - LastState: ChargingPausedByEv
2026-02-25 00:05:28 Verb  <EVT> [ConnectorLogic 1] - LastState: Charging
2026-02-25 00:05:28 Verb  <EVT> [ConnectorLogic 2] - LastState: ChargingPausedByEv
2026-02-25 00:05:29 Verb  <EVT> [ConnectorLogic 1] - LastState: Charging
2026-02-25 00:05:29 Verb  <EVT> [ConnectorLogic 2] - LastState: ChargingPausedByEv
2026-02-25 00:05:30 Verb  <EVT> [ConnectorLogic 1] - LastState: Charging
2026-02-25 00:05:30 Verb  <EVT> [ConnectorLogic 2] - LastState: ChargingPausedByEv
2026-02-25 00:05:31 Verb  <EVT> [ConnectorLogic 1] - LastState: Charging
2026-02-25 00:05:31 Verb  <EVT> [ConnectorLogic 2] - LastState: ChargingPausedByEv
2026-02-25 00:05:32 Verb  <EVT> [ConnectorLogic 1] - LastState: Charging
2026-02-25 00:05:32 Verb  <EVT> [ConnectorLogic 2] - LastState: ChargingPausedByEv
2026-02-25 00:05:33 Verb  <EVT> [ConnectorLogic 1] - LastState: Charging
2026-02-25 00:05:33 Verb  <EVT> [ConnectorLogic 2] - LastState: ChargingPausedByEv
2026-02-25 00:05:34 Verb  <EVT> [ConnectorLogic 1] - LastState: Charging
2026-02-25 00:05:34 Verb  <EVT> [ConnectorLogic 2] - LastState: ChargingPausedByEv
2026-02-25 00:05:35 Verb  <EVT> [ConnectorLogic 1] - LastState: Charging
2026-02-25 00:05:35 Verb  <EVT> [ConnectorLogic 2] - LastState: ChargingPausedByEv
2026-02-25 00:05:36 Verb  <EVT> [ConnectorLogic 1] - LastState: Charging
2026-02-25 00:05:36 Verb  <EVT> [ConnectorLogic 2] - LastState: ChargingPausedByEv
2026-02-25 00:05:37 Verb  <#51> [SystemMonitor] - CPU loads: 1.86 1.63 1.71
2026-02-25 00:05:37 Verb  <EVT> [ConnectorLogic 1] - LastState: Charging
2026-02-25 00:05:37 Verb  <EVT> [Evse 1] - Created ConnectorShortStatusData: {
  "ConnectorId": 1,
  "Current": {
    "L1": 15.739,
    "L2": 15.283,
    "L3": 15.084
  },
  "Power": {
    "L1": 3.7091,
    "L2": 3.593,
    "L3": 3.5623,
    "Total": 10.864401
  },
  "Consumption": {
    "L1": 0.0,
    "L2": 0.0,
    "L3": 0.0,
    "Total": 30.5
  },
  "LocalTarget": 16,
  "IsMaxCurrentKnown": true
}
2026-02-25 00:05:37 Verb  <EVT> [ConnectorLogic 2] - LastState: ChargingPausedByEv
2026-02-25 00:05:38 Verb  <EVT> [ConnectorLogic 1] - LastState: Charging
2026-02-25 00:05:38 Verb  <EVT> [ConnectorLogic 2] - LastState: ChargingPausedByEv
2026-02-25 00:05:39 Verb  <EVT> [ConnectorLogic 1] - LastState: Charging
2026-02-25 00:05:39 Verb  <EVT> [ConnectorLogic 2] - LastState: ChargingPausedByEv
2026-02-25 00:05:40 Verb  <EVT> [ConnectorLogic 1] - LastState: Charging
2026-02-25 00:05:40 Verb  <EVT> [ConnectorLogic 2] - LastState: ChargingPausedByEv
2026-02-25 00:05:41 Verb  <EVT> [ConnectorLogic 1] - LastState: Charging
2026-02-25 00:05:41 Verb  <EVT> [ConnectorLogic 2] - LastState: ChargingPausedByEv
2026-02-25 00:05:42 Verb  <EVT> [ConnectorLogic 1] - LastState: Charging
2026-02-25 00:05:42 Verb  <EVT> [ConnectorLogic 2] - LastState: ChargingPausedByEv
2026-02-25 00:05:43 Verb  <EVT> [ConnectorLogic 1] - LastState: Charging
2026-02-25 00:05:43 Verb  <EVT> [ConnectorLogic 2] - LastState: ChargingPausedByEv
2026-02-25 00:05:44 Verb  <EVT> [ConnectorLogic 1] - LastState: Charging
2026-02-25 00:05:44 Verb  <EVT> [ConnectorLogic 2] - LastState: ChargingPausedByEv
2026-02-25 00:05:45 Verb  <EVT> [ConnectorLogic 1] - LastState: Charging
2026-02-25 00:05:45 Verb  <EVT> [ConnectorLogic 2] - LastState: ChargingPausedByEv
2026-02-25 00:05:46 Verb  <EVT> [ConnectorLogic 1] - LastState: Charging
2026-02-25 00:05:46 Verb  <EVT> [ConnectorLogic 2] - LastState: ChargingPausedByEv
2026-02-25 00:05:47 Verb  <#30> [SystemMonitor] - CPU loads: 2.13 1.7 1.73
2026-02-25 00:05:47 Verb  <EVT> [ConnectorLogic 1] - LastState: Charging
2026-02-25 00:05:47 Verb  <EVT> [ConnectorLogic 2] - LastState: ChargingPausedByEv
2026-02-25 00:05:48 Verb  <EVT> [ConnectorLogic 1] - LastState: Charging
2026-02-25 00:05:48 Verb  <EVT> [ConnectorLogic 2] - LastState: ChargingPausedByEv
2026-02-25 00:05:48 Warn  <#79> [AfeEnergyMeter] - Cannot read temperature from AFE: Could not find file '/sys/bus/spi/drivers/afe_at90e36/spi1.1/Temp'.
2026-02-25 00:05:48 Error <#79> [EnergyMeterService evse2] - SendMeasurements - Temperature: could not read value (AfeSystemFault)
2026-02-25 00:05:49 Verb  <#30> [OcppClient] - Sent: [2,"19dd","MeterValues",{"connectorId":2,"meterValue":[{"timestamp":"2026-02-25T00:05:47.708Z","sampledValue":[{"value":"0","context":"Sample.Periodic","measurand":"Current.Import","phase":"L1","unit":"A"},{"value":"0","context":"Sample.Periodic","measurand":"Current.Import","phase":"L2","unit":"A"},{"value":"0","context":"Sample.Periodic","measurand":"Current.Import","phase":"L3","unit":"A"},{"value":"35855.8","context":"Sample.Periodic","measurand":"Energy.Active.Import.Register","unit":"kWh"},{"value":"49.97","context":"Sample.Periodic","measurand":"Frequency"},{"value":"0","context":"Sample.Periodic","measurand":"Power.Active.Import","phase":"L1","unit":"kW"},{"value":"0","context":"Sample.Periodic","measurand":"Power.Active.Import","phase":"L2","unit":"kW"},{"value":"0","context":"Sample.Periodic","measurand":"Power.Active.Import","phase":"L3","unit":"kW"},{"value":"0","context":"Sample.Periodic","measurand":"Power.Active.Import","unit":"kW"},{"value":"-1","context":"Sample.Periodic","measurand":"Power.Factor"},{"value":"236.5","context":"Sample.Periodic","measurand":"Voltage","phase":"L1","unit":"V"},{"value":"236.5","context":"Sample.Periodic","measurand":"Voltage","phase":"L2","unit":"V"},{"value":"235.6","context":"Sample.Periodic","measurand":"Voltage","phase":"L3","unit":"V"},{"value":"16","context":"Sample.Periodic","measurand":"Current.Offered","unit":"A"}]}],"transactionId":2027725}]
2026-02-25 00:05:49 Verb  <EVT> [ConnectorLogic 1] - LastState: Charging
2026-02-25 00:05:49 Verb  <EVT> [ConnectorLogic 2] - LastState: ChargingPausedByEv
2026-02-25 00:05:49 Verb  <#30> [OcppClient] - Received: [3,"19dd",{}]
2026-02-25 00:05:49 Verb  <CommHandler first queue> [OcppMessageSender] - OcppMessageSender received response 
OcppAction: MeterValues
OcppMessage response: {}
2026-02-25 00:05:50 Verb  <EVT> [ConnectorLogic 1] - LastState: Charging
2026-02-25 00:05:50 Verb  <EVT> [ConnectorLogic 2] - LastState: ChargingPausedByEv
2026-02-25 00:05:51 Verb  <EVT> [ConnectorLogic 1] - LastState: Charging
2026-02-25 00:05:51 Info  <#79> [AfeEnergyMeter] - Calibrating AFE at 1.1
2026-02-25 00:05:51 Verb  <EVT> [ConnectorLogic 2] - LastState: ChargingPausedByEv
2026-02-25 00:05:51 Warn  <#79> [AfeEnergyMeter] - Cannot read temperature from AFE: Could not find file '/sys/bus/spi/drivers/afe_at90e36/spi1.1/Temp'.
2026-02-25 00:05:51 Error <#79> [EnergyMeterService evse1] - SendMeasurements - Temperature: could not read value (AfeSystemFault)
2026-02-25 00:05:51 Verb  <#63> [OcppClient] - Sent: [2,"19de","MeterValues",{"connectorId":1,"meterValue":[{"timestamp":"2026-02-25T00:05:50.713Z","sampledValue":[{"value":"15.746","context":"Sample.Periodic","measurand":"Current.Import","phase":"L1","unit":"A"},{"value":"15.289","context":"Sample.Periodic","measurand":"Current.Import","phase":"L2","unit":"A"},{"value":"15.103","context":"Sample.Periodic","measurand":"Current.Import","phase":"L3","unit":"A"},{"value":"24361.2","context":"Sample.Periodic","measurand":"Energy.Active.Import.Register","unit":"kWh"},{"value":"49.97","context":"Sample.Periodic","measurand":"Frequency"},{"value":"3.7099","context":"Sample.Periodic","measurand":"Power.Active.Import","phase":"L1","unit":"kW"},{"value":"3.5909","context":"Sample.Periodic","measurand":"Power.Active.Import","phase":"L2","unit":"kW"},{"value":"3.5669","context":"Sample.Periodic","measurand":"Power.Active.Import","phase":"L3","unit":"kW"},{"value":"10.8678","context":"Sample.Periodic","measurand":"Power.Active.Import","unit":"kW"},{"value":"0.9972","context":"Sample.Periodic","measurand":"Power.Factor"},{"value":"236.4","context":"Sample.Periodic","measurand":"Voltage","phase":"L1","unit":"V"},{"value":"235.3","context":"Sample.Periodic","measurand":"Voltage","phase":"L2","unit":"V"},{"value":"236.7","context":"Sample.Periodic","measurand":"Voltage","phase":"L3","unit":"V"},{"value":"16","context":"Sample.Periodic","measurand":"Current.Offered","unit":"A"}]}],"transactionId":2027882}]
2026-02-25 00:05:51 Verb  <EVT> [ConnectorLogic 1] - LastState: Charging
2026-02-25 00:05:51 Verb  <EVT> [Evse 1] - Created ConnectorStatusData: {
  "ConnectorId": 1,
  "Status": "Charging",
  "Current": {
    "L1": 15.749,
    "L2": 15.289,
    "L3": 15.102
  },
  "Power": {
    "L1": 3.7101998,
    "L2": 3.5911002,
    "L3": 3.5662,
    "Total": 10.8675995
  },
  "Consumption": {
    "L1": 0.0,
    "L2": 0.0,
    "L3": 0.0,
    "Total": 30.5
  },
  "CurrentSession": {
    "StartTime": "2026-02-24T20:49:51.0918872Z",
    "ConsumedEnergy": 30.5,
    "PhaseUsedByVehicle": "L123",
    "VehicleMinCurrentA": 6.0,
    "VehicleMaxCurrentA": 15.824,
    "IsVehicleMaxCurrentKnown": true,
    "IsVehicleResponsive": true
  },
  "ChargingUserPreferences": {
    "ChargingMode": "Fast",
    "PlannedDepartureTime": "2026-02-25T06:30:00Z",
    "PlannedEnergyConsumption": 100.0
  },
  "CurrentSetpoint": 16
}
2026-02-25 00:05:51 Verb  <EVT> [ConnectorLogic 2] - LastState: ChargingPausedByEv
2026-02-25 00:05:52 Verb  <EVT> [Evse 2] - Created ConnectorStatusData: {
  "ConnectorId": 2,
  "Status": "ChargingPausedByEv",
  "Current": {
    "L1": 0.0,
    "L2": 0.0,
    "L3": 0.0
  },
  "Power": {
    "L1": 0.0,
    "L2": 0.0,
    "L3": 0.0,
    "Total": 0.0
  },
  "Consumption": {
    "L1": 0.0,
    "L2": 0.0,
    "L3": 0.0,
    "Total": 33.2
  },
  "CurrentSession": {
    "StartTime": "2026-02-24T19:36:48.6309339Z",
    "ConsumedEnergy": 33.2,
    "PhaseUsedByVehicle": "L123",
    "VehicleMinCurrentA": 6.0,
    "VehicleMaxCurrentA": 15.952,
    "IsVehicleMaxCurrentKnown": true,
    "IsVehicleResponsive": true
  },
  "ChargingUserPreferences": {
    "ChargingMode": "Fast",
    "PlannedDepartureTime": "2026-02-24T22:00:00Z",
    "PlannedEnergyConsumption": 100.0
  },
  "CurrentSetpoint": 16
}
2026-02-25 00:05:52 Verb  <#63> [OcppClient] - Received: [3,"19de",{}]
2026-02-25 00:05:52 Verb  <CommHandler first queue> [OcppMessageSender] - OcppMessageSender received response 
OcppAction: MeterValues
OcppMessage response: {}
2026-02-25 00:05:52 Verb  <EVT> [ConnectorLogic 1] - LastState: Charging
2026-02-25 00:05:52 Verb  <EVT> [ConnectorLogic 2] - LastState: ChargingPausedByEv
2026-02-25 00:05:53 Verb  <EVT> [ConnectorLogic 1] - LastState: Charging
2026-02-25 00:05:53 Verb  <EVT> [ConnectorLogic 2] - LastState: ChargingPausedByEv
2026-02-25 00:05:54 Verb  <EVT> [ConnectorLogic 1] - LastState: Charging
2026-02-25 00:05:54 Verb  <EVT> [ConnectorLogic 1] - TargetCurrents {
  "ChargingProfiles": {
    "Current": null,
    "Unit": "A",
    "Source": "ChargingProfiles"
  },
  "SmartCluster": {
    "Current": 16,
    "Unit": "A",
    "Source": "SmartCluster"
  }
}
2026-02-25 00:05:54 Info  <EVT> [ConnectorLogic 1] - TargetCurrent from SmartCluster, current: 16
2026-02-25 00:05:54 Verb  <EVT> [ConnectorLogic 1] - Applying 16 A from SmartCluster triggered by ConnectorMaxOutput (SmartCluster)
2026-02-25 00:05:54 Verb  <EVT> [ConnectorLogic 2] - LastState: ChargingPausedByEv
2026-02-25 00:05:54 Verb  <EVT> [ConnectorLogic 1] - LastState: Charging
2026-02-25 00:05:54 Verb  <EVT> [ConnectorLogic 2] - LastState: ChargingPausedByEv
2026-02-25 00:05:55 Verb  <EVT> [ConnectorLogic 1] - LastState: Charging
2026-02-25 00:05:55 Verb  <EVT> [ConnectorLogic 2] - LastState: ChargingPausedByEv
2026-02-25 00:05:56 Verb  <EVT> [ConnectorLogic 1] - LastState: Charging
2026-02-25 00:05:56 Verb  <EVT> [ConnectorLogic 2] - LastState: ChargingPausedByEv
2026-02-25 00:05:57 Verb  <#52> [SystemMonitor] - CPU loads: 2.6 1.8 1.76
2026-02-25 00:05:57 Verb  <EVT> [ConnectorLogic 1] - LastState: Charging
2026-02-25 00:05:57 Verb  <EVT> [ConnectorLogic 2] - LastState: ChargingPausedByEv
2026-02-25 00:05:58 Verb  <EVT> [ConnectorLogic 1] - LastState: Charging
2026-02-25 00:05:58 Verb  <EVT> [ConnectorLogic 2] - LastState: ChargingPausedByEv
2026-02-25 00:05:59 Verb  <EVT> [ConnectorLogic 1] - LastState: Charging
2026-02-25 00:05:59 Verb  <EVT> [ConnectorLogic 2] - LastState: ChargingPausedByEv
2026-02-25 00:06:00 Verb  <EVT> [ConnectorLogic 1] - LastState: Charging
2026-02-25 00:06:00 Verb  <EVT> [ConnectorLogic 2] - LastState: ChargingPausedByEv
2026-02-25 00:06:01 Verb  <EVT> [ConnectorLogic 1] - LastState: Charging
2026-02-25 00:06:01 Verb  <EVT> [ConnectorLogic 2] - LastState: ChargingPausedByEv
2026-02-25 00:06:02 Verb  <EVT> [ConnectorLogic 1] - LastState: Charging
2026-02-25 00:06:02 Verb  <EVT> [ConnectorLogic 2] - LastState: ChargingPausedByEv
2026-02-25 00:06:03 Verb  <EVT> [ConnectorLogic 1] - LastState: Charging
2026-02-25 00:06:03 Verb  <EVT> [ConnectorLogic 2] - LastState: ChargingPausedByEv
2026-02-25 00:06:04 Verb  <EVT> [ConnectorLogic 1] - LastState: Charging
2026-02-25 00:06:04 Verb  <EVT> [ConnectorLogic 2] - LastState: ChargingPausedByEv
2026-02-25 00:06:05 Verb  <EVT> [ConnectorLogic 1] - LastState: Charging
2026-02-25 00:06:05 Verb  <EVT> [ConnectorLogic 2] - LastState: ChargingPausedByEv
2026-02-25 00:06:06 Verb  <EVT> [ConnectorLogic 1] - LastState: Charging
2026-02-25 00:06:06 Verb  <EVT> [ConnectorLogic 2] - LastState: ChargingPausedByEv
2026-02-25 00:06:07 Verb  <#55> [SystemMonitor] - CPU loads: 2.27 1.76 1.75
2026-02-25 00:06:07 Verb  <EVT> [ConnectorLogic 1] - LastState: Charging
2026-02-25 00:06:07 Verb  <EVT> [ConnectorLogic 2] - LastState: ChargingPausedByEv
2026-02-25 00:06:08 Verb  <EVT> [ConnectorLogic 1] - LastState: Charging
2026-02-25 00:06:08 Verb  <EVT> [ConnectorLogic 2] - LastState: ChargingPausedByEv
2026-02-25 00:06:09 Verb  <EVT> [ConnectorLogic 1] - LastState: Charging
2026-02-25 00:06:09 Verb  <EVT> [ConnectorLogic 2] - LastState: ChargingPausedByEv
2026-02-25 00:06:10 Verb  <EVT> [ConnectorLogic 1] - LastState: Charging
2026-02-25 00:06:10 Verb  <EVT> [ConnectorLogic 2] - LastState: ChargingPausedByEv
2026-02-25 00:06:11 Verb  <EVT> [ConnectorLogic 1] - LastState: Charging
2026-02-25 00:06:11 Verb  <EVT> [Evse 1] - Created ConnectorShortStatusData: {
  "ConnectorId": 1,
  "Current": {
    "L1": 15.755,
    "L2": 15.27,
    "L3": 15.099
  },
  "Power": {
    "L1": 3.7121,
    "L2": 3.5898001,
    "L3": 3.5654,
    "Total": 10.8673
  },
  "Consumption": {
    "L1": 0.0,
    "L2": 0.0,
    "L3": 0.0,
    "Total": 30.6
  },
  "LocalTarget": 16,
  "IsMaxCurrentKnown": true
}
2026-02-25 00:06:11 Verb  <EVT> [ConnectorLogic 2] - LastState: ChargingPausedByEv
2026-02-25 00:06:12 Verb  <EVT> [ConnectorLogic 1] - LastState: Charging
2026-02-25 00:06:12 Verb  <EVT> [ConnectorLogic 2] - LastState: ChargingPausedByEv
2026-02-25 00:06:13 Verb  <EVT> [ConnectorLogic 1] - LastState: Charging
2026-02-25 00:06:13 Verb  <EVT> [ConnectorLogic 2] - LastState: ChargingPausedByEv
2026-02-25 00:06:14 Verb  <EVT> [ConnectorLogic 1] - LastState: Charging
2026-02-25 00:06:14 Verb  <EVT> [ConnectorLogic 2] - LastState: ChargingPausedByEv
2026-02-25 00:06:15 Verb  <EVT> [ConnectorLogic 1] - LastState: Charging
2026-02-25 00:06:15 Verb  <EVT> [ConnectorLogic 2] - LastState: ChargingPausedByEv
2026-02-25 00:06:16 Verb  <EVT> [ConnectorLogic 1] - LastState: Charging
2026-02-25 00:06:16 Verb  <EVT> [ConnectorLogic 2] - LastState: ChargingPausedByEv
2026-02-25 00:06:17 Verb  <#63> [SystemMonitor] - CPU loads: 2.37 1.8 1.76
2026-02-25 00:06:17 Verb  <EVT> [ConnectorLogic 1] - LastState: Charging
2026-02-25 00:06:17 Verb  <EVT> [ConnectorLogic 2] - LastState: ChargingPausedByEv
2026-02-25 00:06:18 Verb  <EVT> [ConnectorLogic 1] - LastState: Charging
2026-02-25 00:06:18 Verb  <EVT> [ConnectorLogic 2] - LastState: ChargingPausedByEv
2026-02-25 00:06:19 Verb  <EVT> [ConnectorLogic 1] - LastState: Charging
2026-02-25 00:06:19 Verb  <EVT> [ConnectorLogic 2] - LastState: ChargingPausedByEv
2026-02-25 00:06:21 Verb  <EVT> [ConnectorLogic 1] - LastState: Charging
2026-02-25 00:06:21 Verb  <EVT> [ConnectorLogic 2] - LastState: ChargingPausedByEv
2026-02-25 00:06:21 Verb  <EVT> [ConnectorLogic 1] - LastState: Charging
2026-02-25 00:06:21 Verb  <EVT> [ConnectorLogic 2] - LastState: ChargingPausedByEv
2026-02-25 00:06:22 Verb  <EVT> [ConnectorLogic 1] - LastState: Charging
2026-02-25 00:06:22 Verb  <EVT> [Evse 1] - Created ConnectorStatusData: {
  "ConnectorId": 1,
  "Status": "Charging",
  "Current": {
    "L1": 15.739,
    "L2": 15.277,
    "L3": 15.107
  },
  "Power": {
    "L1": 3.7091,
    "L2": 3.5885,
    "L3": 3.5697,
    "Total": 10.8675
  },
  "Consumption": {
    "L1": 0.0,
    "L2": 0.0,
    "L3": 0.0,
    "Total": 30.6
  },
  "CurrentSession": {
    "StartTime": "2026-02-24T20:49:51.0918872Z",
    "ConsumedEnergy": 30.6,
    "PhaseUsedByVehicle": "L123",
    "VehicleMinCurrentA": 6.0,
    "VehicleMaxCurrentA": 15.824,
    "IsVehicleMaxCurrentKnown": true,
    "IsVehicleResponsive": true
  },
  "ChargingUserPreferences": {
    "ChargingMode": "Fast",
    "PlannedDepartureTime": "2026-02-25T06:30:00Z",
    "PlannedEnergyConsumption": 100.0
  },
  "CurrentSetpoint": 16
}
2026-02-25 00:06:22 Verb  <EVT> [ConnectorLogic 2] - LastState: ChargingPausedByEv
2026-02-25 00:06:22 Verb  <EVT> [Evse 2] - Created ConnectorStatusData: {
  "ConnectorId": 2,
  "Status": "ChargingPausedByEv",
  "Current": {
    "L1": 0.0,
    "L2": 0.0,
    "L3": 0.0
  },
  "Power": {
    "L1": 0.0,
    "L2": 0.0,
    "L3": 0.0,
    "Total": 0.0
  },
  "Consumption": {
    "L1": 0.0,
    "L2": 0.0,
    "L3": 0.0,
    "Total": 33.2
  },
  "CurrentSession": {
    "StartTime": "2026-02-24T19:36:48.6309339Z",
    "ConsumedEnergy": 33.2,
    "PhaseUsedByVehicle": "L123",
    "VehicleMinCurrentA": 6.0,
    "VehicleMaxCurrentA": 15.952,
    "IsVehicleMaxCurrentKnown": true,
    "IsVehicleResponsive": true
  },
  "ChargingUserPreferences": {
    "ChargingMode": "Fast",
    "PlannedDepartureTime": "2026-02-24T22:00:00Z",
    "PlannedEnergyConsumption": 100.0
  },
  "CurrentSetpoint": 16
}
2026-02-25 00:06:22 Verb  <EVT> [ConnectorLogic 1] - LastState: Charging
2026-02-25 00:06:22 Verb  <EVT> [ConnectorLogic 2] - LastState: ChargingPausedByEv
2026-02-25 00:06:23 Verb  <EVT> [ConnectorLogic 1] - LastState: Charging
2026-02-25 00:06:23 Verb  <EVT> [ConnectorLogic 2] - LastState: ChargingPausedByEv
2026-02-25 00:06:24 Verb  <EVT> [ConnectorLogic 1] - LastState: Charging
2026-02-25 00:06:24 Verb  <EVT> [ConnectorLogic 2] - LastState: ChargingPausedByEv
2026-02-25 00:06:25 Verb  <EVT> [ConnectorLogic 1] - LastState: Charging
2026-02-25 00:06:25 Verb  <EVT> [ConnectorLogic 2] - LastState: ChargingPausedByEv
2026-02-25 00:06:26 Verb  <EVT> [ConnectorLogic 1] - LastState: Charging
2026-02-25 00:06:26 Verb  <EVT> [ConnectorLogic 2] - LastState: ChargingPausedByEv
2026-02-25 00:06:27 Verb  <#79> [SystemMonitor] - CPU loads: 2.49 1.84 1.77
2026-02-25 00:06:27 Verb  <EVT> [ConnectorLogic 1] - LastState: Charging
2026-02-25 00:06:27 Verb  <EVT> [ConnectorLogic 2] - LastState: ChargingPausedByEv
2026-02-25 00:06:29 Verb  <EVT> [ConnectorLogic 1] - LastState: Charging
2026-02-25 00:06:29 Verb  <EVT> [ConnectorLogic 2] - LastState: ChargingPausedByEv
2026-02-25 00:06:29 Verb  <EVT> [ConnectorLogic 1] - LastState: Charging
2026-02-25 00:06:29 Verb  <EVT> [ConnectorLogic 2] - LastState: ChargingPausedByEv
2026-02-25 00:06:31 Verb  <EVT> [ConnectorLogic 1] - LastState: Charging
2026-02-25 00:06:31 Verb  <EVT> [ConnectorLogic 2] - LastState: ChargingPausedByEv
2026-02-25 00:06:35 Verb  <EVT> [ConnectorLogic 1] - LastState: Charging
2026-02-25 00:06:35 Verb  <EVT> [ConnectorLogic 2] - LastState: ChargingPausedByEv
2026-02-25 00:06:35 Verb  <EVT> [ConnectorLogic 1] - LastState: Charging
2026-02-25 00:06:35 Verb  <EVT> [ConnectorLogic 2] - LastState: ChargingPausedByEv
2026-02-25 00:06:35 Verb  <EVT> [ConnectorLogic 1] - LastState: Charging
2026-02-25 00:06:35 Verb  <EVT> [ConnectorLogic 2] - LastState: ChargingPausedByEv
2026-02-25 00:06:35 Verb  <EVT> [ConnectorLogic 1] - LastState: Charging
2026-02-25 00:06:35 Verb  <EVT> [ConnectorLogic 2] - LastState: ChargingPausedByEv
2026-02-25 00:06:35 Verb  <EVT> [ConnectorLogic 1] - LastState: Charging
2026-02-25 00:06:35 Verb  <EVT> [ConnectorLogic 2] - LastState: ChargingPausedByEv
2026-02-25 00:06:36 Verb  <EVT> [ConnectorLogic 1] - LastState: Charging
2026-02-25 00:06:36 Verb  <EVT> [ConnectorLogic 2] - LastState: ChargingPausedByEv
2026-02-25 00:06:37 Verb  <#53> [SystemMonitor] - CPU loads: 2.26 1.81 1.76
2026-02-25 00:06:37 Verb  <EVT> [ConnectorLogic 1] - LastState: Charging
2026-02-25 00:06:37 Verb  <EVT> [ConnectorLogic 2] - LastState: ChargingPausedByEv
2026-02-25 00:06:38 Verb  <EVT> [ConnectorLogic 1] - LastState: Charging
2026-02-25 00:06:38 Verb  <EVT> [ConnectorLogic 2] - LastState: ChargingPausedByEv
2026-02-25 00:06:39 Verb  <EVT> [ConnectorLogic 1] - LastState: Charging
2026-02-25 00:06:39 Verb  <EVT> [ConnectorLogic 2] - LastState: ChargingPausedByEv
2026-02-25 00:06:40 Verb  <EVT> [ConnectorLogic 1] - LastState: Charging
2026-02-25 00:06:40 Verb  <EVT> [ConnectorLogic 2] - LastState: ChargingPausedByEv
2026-02-25 00:06:41 Verb  <EVT> [ConnectorLogic 1] - LastState: Charging
2026-02-25 00:06:41 Verb  <EVT> [ConnectorLogic 2] - LastState: ChargingPausedByEv
2026-02-25 00:06:42 Verb  <EVT> [ConnectorLogic 1] - LastState: Charging
2026-02-25 00:06:42 Verb  <EVT> [ConnectorLogic 2] - LastState: ChargingPausedByEv
2026-02-25 00:06:43 Verb  <EVT> [ConnectorLogic 1] - LastState: Charging
2026-02-25 00:06:43 Verb  <EVT> [Evse 1] - Created ConnectorShortStatusData: {
  "ConnectorId": 1,
  "Current": {
    "L1": 15.747,
    "L2": 15.289,
    "L3": 15.182
  },
  "Power": {
    "L1": 3.7025,
    "L2": 3.5885,
    "L3": 3.5802,
    "Total": 10.871401
  },
  "Consumption": {
    "L1": 0.0,
    "L2": 0.0,
    "L3": 0.0,
    "Total": 30.7
  },
  "LocalTarget": 16,
  "IsMaxCurrentKnown": true
}
2026-02-25 00:06:43 Verb  <EVT> [ConnectorLogic 2] - LastState: ChargingPausedByEv
2026-02-25 00:06:44 Verb  <EVT> [ConnectorLogic 1] - LastState: Charging
2026-02-25 00:06:44 Verb  <EVT> [ConnectorLogic 2] - LastState: ChargingPausedByEv
2026-02-25 00:06:45 Verb  <EVT> [ConnectorLogic 1] - LastState: Charging
2026-02-25 00:06:45 Verb  <EVT> [ConnectorLogic 2] - LastState: ChargingPausedByEv
2026-02-25 00:06:46 Verb  <EVT> [ConnectorLogic 1] - LastState: Charging
2026-02-25 00:06:46 Verb  <EVT> [ConnectorLogic 2] - LastState: ChargingPausedByEv
2026-02-25 00:06:47 Verb  <#79> [SystemMonitor] - CPU loads: 2.15 1.8 1.76
2026-02-25 00:06:47 Verb  <EVT> [ConnectorLogic 1] - LastState: Charging
2026-02-25 00:06:47 Verb  <EVT> [ConnectorLogic 2] - LastState: ChargingPausedByEv
2026-02-25 00:06:48 Verb  <EVT> [ConnectorLogic 1] - LastState: Charging
2026-02-25 00:06:48 Verb  <EVT> [ConnectorLogic 2] - LastState: ChargingPausedByEv
2026-02-25 00:06:48 Warn  <#41> [AfeEnergyMeter] - Cannot read temperature from AFE: Could not find file '/sys/bus/spi/drivers/afe_at90e36/spi1.1/Temp'.
2026-02-25 00:06:48 Error <#41> [EnergyMeterService evse2] - SendMeasurements - Temperature: could not read value (AfeSystemFault)
2026-02-25 00:06:49 Verb  <#30> [OcppClient] - Sent: [2,"19df","MeterValues",{"connectorId":2,"meterValue":[{"timestamp":"2026-02-25T00:06:47.708Z","sampledValue":[{"value":"0","context":"Sample.Periodic","measurand":"Current.Import","phase":"L1","unit":"A"},{"value":"0","context":"Sample.Periodic","measurand":"Current.Import","phase":"L2","unit":"A"},{"value":"0","context":"Sample.Periodic","measurand":"Current.Import","phase":"L3","unit":"A"},{"value":"35855.8","context":"Sample.Periodic","measurand":"Energy.Active.Import.Register","unit":"kWh"},{"value":"49.98","context":"Sample.Periodic","measurand":"Frequency"},{"value":"0","context":"Sample.Periodic","measurand":"Power.Active.Import","phase":"L1","unit":"kW"},{"value":"0","context":"Sample.Periodic","measurand":"Power.Active.Import","phase":"L2","unit":"kW"},{"value":"0","context":"Sample.Periodic","measurand":"Power.Active.Import","phase":"L3","unit":"kW"},{"value":"0","context":"Sample.Periodic","measurand":"Power.Active.Import","unit":"kW"},{"value":"-1","context":"Sample.Periodic","measurand":"Power.Factor"},{"value":"236.1","context":"Sample.Periodic","measurand":"Voltage","phase":"L1","unit":"V"},{"value":"236","context":"Sample.Periodic","measurand":"Voltage","phase":"L2","unit":"V"},{"value":"235.5","context":"Sample.Periodic","measurand":"Voltage","phase":"L3","unit":"V"},{"value":"16","context":"Sample.Periodic","measurand":"Current.Offered","unit":"A"}]}],"transactionId":2027725}]
2026-02-25 00:06:49 Verb  <EVT> [ConnectorLogic 1] - LastState: Charging
2026-02-25 00:06:49 Verb  <EVT> [ConnectorLogic 2] - LastState: ChargingPausedByEv
2026-02-25 00:06:49 Verb  <#30> [OcppClient] - Received: [3,"19df",{}]
2026-02-25 00:06:49 Verb  <CommHandler first queue> [OcppMessageSender] - OcppMessageSender received response 
OcppAction: MeterValues
OcppMessage response: {}
2026-02-25 00:06:50 Verb  <EVT> [ConnectorLogic 1] - LastState: Charging
2026-02-25 00:06:50 Verb  <EVT> [ConnectorLogic 2] - LastState: ChargingPausedByEv
2026-02-25 00:06:51 Verb  <EVT> [ConnectorLogic 1] - LastState: Charging
2026-02-25 00:06:51 Warn  <#30> [AfeEnergyMeter] - Cannot read temperature from AFE: Could not find file '/sys/bus/spi/drivers/afe_at90e36/spi1.1/Temp'.
2026-02-25 00:06:51 Error <#30> [EnergyMeterService evse1] - SendMeasurements - Temperature: could not read value (AfeSystemFault)
2026-02-25 00:06:51 Verb  <EVT> [ConnectorLogic 2] - LastState: ChargingPausedByEv
2026-02-25 00:06:51 Verb  <#30> [OcppClient] - Sent: [2,"19e0","MeterValues",{"connectorId":1,"meterValue":[{"timestamp":"2026-02-25T00:06:51.195Z","sampledValue":[{"value":"15.76","context":"Sample.Periodic","measurand":"Current.Import","phase":"L1","unit":"A"},{"value":"15.295","context":"Sample.Periodic","measurand":"Current.Import","phase":"L2","unit":"A"},{"value":"15.106","context":"Sample.Periodic","measurand":"Current.Import","phase":"L3","unit":"A"},{"value":"24361.4","context":"Sample.Periodic","measurand":"Energy.Active.Import.Register","unit":"kWh"},{"value":"49.98","context":"Sample.Periodic","measurand":"Frequency"},{"value":"3.7088","context":"Sample.Periodic","measurand":"Power.Active.Import","phase":"L1","unit":"kW"},{"value":"3.596","context":"Sample.Periodic","measurand":"Power.Active.Import","phase":"L2","unit":"kW"},{"value":"3.5657","context":"Sample.Periodic","measurand":"Power.Active.Import","phase":"L3","unit":"kW"},{"value":"10.8706","context":"Sample.Periodic","measurand":"Power.Active.Import","unit":"kW"},{"value":"0.9972","context":"Sample.Periodic","measurand":"Power.Factor"},{"value":"236.3","context":"Sample.Periodic","measurand":"Voltage","phase":"L1","unit":"V"},{"value":"235.4","context":"Sample.Periodic","measurand":"Voltage","phase":"L2","unit":"V"},{"value":"236.6","context":"Sample.Periodic","measurand":"Voltage","phase":"L3","unit":"V"},{"value":"16","context":"Sample.Periodic","measurand":"Current.Offered","unit":"A"}]}],"transactionId":2027882}]
2026-02-25 00:06:52 Verb  <EVT> [ConnectorLogic 1] - LastState: Charging
2026-02-25 00:06:52 Verb  <EVT> [Evse 1] - Created ConnectorStatusData: {
  "ConnectorId": 1,
  "Status": "Charging",
  "Current": {
    "L1": 15.762,
    "L2": 15.298,
    "L3": 15.116
  },
  "Power": {
    "L1": 3.7106001,
    "L2": 3.5933,
    "L3": 3.5669,
    "Total": 10.8709
  },
  "Consumption": {
    "L1": 0.0,
    "L2": 0.0,
    "L3": 0.0,
    "Total": 30.7
  },
  "CurrentSession": {
    "StartTime": "2026-02-24T20:49:51.0918872Z",
    "ConsumedEnergy": 30.7,
    "PhaseUsedByVehicle": "L123",
    "VehicleMinCurrentA": 6.0,
    "VehicleMaxCurrentA": 15.824,
    "IsVehicleMaxCurrentKnown": true,
    "IsVehicleResponsive": true
  },
  "ChargingUserPreferences": {
    "ChargingMode": "Fast",
    "PlannedDepartureTime": "2026-02-25T06:30:00Z",
    "PlannedEnergyConsumption": 100.0
  },
  "CurrentSetpoint": 16
}
2026-02-25 00:06:52 Verb  <EVT> [ConnectorLogic 2] - LastState: ChargingPausedByEv
2026-02-25 00:06:52 Verb  <#30> [OcppClient] - Received: [3,"19e0",{}]
2026-02-25 00:06:52 Verb  <CommHandler first queue> [OcppMessageSender] - OcppMessageSender received response 
OcppAction: MeterValues
OcppMessage response: {}
2026-02-25 00:06:52 Verb  <EVT> [Evse 2] - Created ConnectorStatusData: {
  "ConnectorId": 2,
  "Status": "ChargingPausedByEv",
  "Current": {
    "L1": 0.0,
    "L2": 0.0,
    "L3": 0.0
  },
  "Power": {
    "L1": 0.0,
    "L2": 0.0,
    "L3": 0.0,
    "Total": 0.0
  },
  "Consumption": {
    "L1": 0.0,
    "L2": 0.0,
    "L3": 0.0,
    "Total": 33.2
  },
  "CurrentSession": {
    "StartTime": "2026-02-24T19:36:48.6309339Z",
    "ConsumedEnergy": 33.2,
    "PhaseUsedByVehicle": "L123",
    "VehicleMinCurrentA": 6.0,
    "VehicleMaxCurrentA": 15.952,
    "IsVehicleMaxCurrentKnown": true,
    "IsVehicleResponsive": true
  },
  "ChargingUserPreferences": {
    "ChargingMode": "Fast",
    "PlannedDepartureTime": "2026-02-24T22:00:00Z",
    "PlannedEnergyConsumption": 100.0
  },
  "CurrentSetpoint": 16
}
2026-02-25 00:06:52 Verb  <EVT> [ConnectorLogic 1] - LastState: Charging
2026-02-25 00:06:52 Verb  <EVT> [ConnectorLogic 2] - LastState: ChargingPausedByEv
2026-02-25 00:06:53 Verb  <EVT> [ConnectorLogic 1] - LastState: Charging
2026-02-25 00:06:53 Verb  <EVT> [ConnectorLogic 2] - LastState: ChargingPausedByEv
2026-02-25 00:06:54 Verb  <EVT> [ConnectorLogic 1] - LastState: Charging
2026-02-25 00:06:54 Verb  <EVT> [ConnectorLogic 2] - LastState: ChargingPausedByEv
2026-02-25 00:06:55 Verb  <EVT> [ConnectorLogic 1] - LastState: Charging
2026-02-25 00:06:55 Verb  <EVT> [ConnectorLogic 2] - LastState: ChargingPausedByEv
2026-02-25 00:06:57 Verb  <EVT> [ConnectorLogic 1] - LastState: Charging
2026-02-25 00:06:57 Verb  <EVT> [ConnectorLogic 2] - LastState: ChargingPausedByEv
2026-02-25 00:06:57 Verb  <#79> [SystemMonitor] - CPU loads: 2.27 1.84 1.78
2026-02-25 00:06:57 Verb  <EVT> [ConnectorLogic 1] - LastState: Charging
2026-02-25 00:07:00 Verb  <EVT> [ConnectorLogic 2] - LastState: ChargingPausedByEv
2026-02-25 00:07:00 Verb  <EVT> [ConnectorLogic 1] - LastState: Charging
2026-02-25 00:07:00 Verb  <EVT> [ConnectorLogic 2] - LastState: ChargingPausedByEv
2026-02-25 00:07:00 Verb  <EVT> [ConnectorLogic 1] - LastState: Charging
2026-02-25 00:07:00 Verb  <EVT> [ConnectorLogic 2] - LastState: ChargingPausedByEv
2026-02-25 00:07:00 Verb  <EVT> [ConnectorLogic 1] - LastState: Charging
2026-02-25 00:07:00 Verb  <EVT> [ConnectorLogic 2] - LastState: ChargingPausedByEv
2026-02-25 00:07:01 Verb  <EVT> [ConnectorLogic 1] - LastState: Charging
2026-02-25 00:07:01 Verb  <EVT> [ConnectorLogic 2] - LastState: ChargingPausedByEv
2026-02-25 00:07:02 Verb  <EVT> [ConnectorLogic 1] - LastState: Charging
2026-02-25 00:07:02 Verb  <EVT> [ConnectorLogic 2] - LastState: ChargingPausedByEv
2026-02-25 00:07:03 Verb  <EVT> [ConnectorLogic 1] - LastState: Charging
2026-02-25 00:07:03 Verb  <EVT> [ConnectorLogic 2] - LastState: ChargingPausedByEv
2026-02-25 00:07:04 Verb  <EVT> [ConnectorLogic 1] - LastState: Charging
2026-02-25 00:07:04 Verb  <EVT> [ConnectorLogic 2] - LastState: ChargingPausedByEv
2026-02-25 00:07:05 Verb  <EVT> [ConnectorLogic 1] - LastState: Charging
2026-02-25 00:07:05 Verb  <EVT> [ConnectorLogic 2] - LastState: ChargingPausedByEv
2026-02-25 00:07:06 Verb  <EVT> [ConnectorLogic 1] - LastState: Charging
2026-02-25 00:07:06 Verb  <EVT> [ConnectorLogic 2] - LastState: ChargingPausedByEv
2026-02-25 00:07:07 Verb  <#30> [SystemMonitor] - CPU loads: 2.16 1.83 1.77
2026-02-25 00:07:07 Verb  <EVT> [ConnectorLogic 1] - LastState: Charging
2026-02-25 00:07:07 Verb  <EVT> [ConnectorLogic 2] - LastState: ChargingPausedByEv
2026-02-25 00:07:08 Verb  <EVT> [ConnectorLogic 1] - LastState: Charging
2026-02-25 00:07:08 Verb  <EVT> [ConnectorLogic 2] - LastState: ChargingPausedByEv
2026-02-25 00:07:09 Verb  <EVT> [ConnectorLogic 1] - LastState: Charging
2026-02-25 00:07:09 Verb  <EVT> [ConnectorLogic 2] - LastState: ChargingPausedByEv
2026-02-25 00:07:10 Verb  <EVT> [ConnectorLogic 1] - LastState: Charging
2026-02-25 00:07:10 Verb  <EVT> [ConnectorLogic 2] - LastState: ChargingPausedByEv
2026-02-25 00:07:11 Verb  <EVT> [ConnectorLogic 1] - LastState: Charging
2026-02-25 00:07:11 Verb  <EVT> [ConnectorLogic 2] - LastState: ChargingPausedByEv
2026-02-25 00:07:12 Verb  <EVT> [ConnectorLogic 1] - LastState: Charging
2026-02-25 00:07:12 Verb  <EVT> [ConnectorLogic 2] - LastState: ChargingPausedByEv
2026-02-25 00:07:13 Verb  <EVT> [ConnectorLogic 1] - LastState: Charging
2026-02-25 00:07:13 Verb  <EVT> [ConnectorLogic 2] - LastState: ChargingPausedByEv
2026-02-25 00:07:14 Verb  <EVT> [ConnectorLogic 1] - LastState: Charging
2026-02-25 00:07:14 Verb  <EVT> [ConnectorLogic 2] - LastState: ChargingPausedByEv
2026-02-25 00:07:15 Verb  <EVT> [ConnectorLogic 1] - LastState: Charging
2026-02-25 00:07:15 Verb  <EVT> [ConnectorLogic 2] - LastState: ChargingPausedByEv
2026-02-25 00:07:16 Verb  <EVT> [ConnectorLogic 1] - LastState: Charging
2026-02-25 00:07:16 Verb  <EVT> [ConnectorLogic 2] - LastState: ChargingPausedByEv
2026-02-25 00:07:17 Verb  <#30> [SystemMonitor] - CPU loads: 2.21 1.85 1.78
2026-02-25 00:07:17 Verb  <EVT> [ConnectorLogic 1] - LastState: Charging
2026-02-25 00:07:17 Verb  <EVT> [Evse 1] - Created ConnectorShortStatusData: {
  "ConnectorId": 1,
  "Current": {
    "L1": 15.723,
    "L2": 15.3,
    "L3": 15.214
  },
  "Power": {
    "L1": 3.6996,
    "L2": 3.5922,
    "L3": 3.5868,
    "Total": 10.8785
  },
  "Consumption": {
    "L1": 0.0,
    "L2": 0.0,
    "L3": 0.0,
    "Total": 30.8
  },
  "LocalTarget": 16,
  "IsMaxCurrentKnown": true
}
2026-02-25 00:07:17 Verb  <EVT> [ConnectorLogic 2] - LastState: ChargingPausedByEv
2026-02-25 00:07:18 Verb  <EVT> [ConnectorLogic 1] - LastState: Charging
2026-02-25 00:07:18 Verb  <EVT> [ConnectorLogic 2] - LastState: ChargingPausedByEv
2026-02-25 00:07:19 Verb  <EVT> [ConnectorLogic 1] - LastState: Charging
2026-02-25 00:07:19 Verb  <EVT> [ConnectorLogic 2] - LastState: ChargingPausedByEv
2026-02-25 00:07:20 Verb  <EVT> [ConnectorLogic 1] - LastState: Charging
2026-02-25 00:07:20 Verb  <EVT> [ConnectorLogic 2] - LastState: ChargingPausedByEv
2026-02-25 00:07:21 Verb  <EVT> [ConnectorLogic 1] - LastState: Charging
2026-02-25 00:07:21 Verb  <EVT> [ConnectorLogic 2] - LastState: ChargingPausedByEv
2026-02-25 00:07:22 Verb  <EVT> [ConnectorLogic 1] - LastState: Charging
2026-02-25 00:07:22 Verb  <EVT> [Evse 1] - Created ConnectorStatusData: {
  "ConnectorId": 1,
  "Status": "Charging",
  "Current": {
    "L1": 15.709,
    "L2": 15.274,
    "L3": 15.201
  },
  "Power": {
    "L1": 3.7007,
    "L2": 3.5885,
    "L3": 3.5878,
    "Total": 10.877
  },
  "Consumption": {
    "L1": 0.0,
    "L2": 0.0,
    "L3": 0.0,
    "Total": 30.8
  },
  "CurrentSession": {
    "StartTime": "2026-02-24T20:49:51.0918872Z",
    "ConsumedEnergy": 30.8,
    "PhaseUsedByVehicle": "L123",
    "VehicleMinCurrentA": 6.0,
    "VehicleMaxCurrentA": 15.824,
    "IsVehicleMaxCurrentKnown": true,
    "IsVehicleResponsive": true
  },
  "ChargingUserPreferences": {
    "ChargingMode": "Fast",
    "PlannedDepartureTime": "2026-02-25T06:30:00Z",
    "PlannedEnergyConsumption": 100.0
  },
  "CurrentSetpoint": 16
}
2026-02-25 00:07:22 Verb  <EVT> [ConnectorLogic 2] - LastState: ChargingPausedByEv
2026-02-25 00:07:22 Verb  <EVT> [Evse 2] - Created ConnectorStatusData: {
  "ConnectorId": 2,
  "Status": "ChargingPausedByEv",
  "Current": {
    "L1": 0.0,
    "L2": 0.0,
    "L3": 0.0
  },
  "Power": {
    "L1": 0.0,
    "L2": 0.0,
    "L3": 0.0,
    "Total": 0.0
  },
  "Consumption": {
    "L1": 0.0,
    "L2": 0.0,
    "L3": 0.0,
    "Total": 33.2
  },
  "CurrentSession": {
    "StartTime": "2026-02-24T19:36:48.6309339Z",
    "ConsumedEnergy": 33.2,
    "PhaseUsedByVehicle": "L123",
    "VehicleMinCurrentA": 6.0,
    "VehicleMaxCurrentA": 15.952,
    "IsVehicleMaxCurrentKnown": true,
    "IsVehicleResponsive": true
  },
  "ChargingUserPreferences": {
    "ChargingMode": "Fast",
    "PlannedDepartureTime": "2026-02-24T22:00:00Z",
    "PlannedEnergyConsumption": 100.0
  },
  "CurrentSetpoint": 16
}
2026-02-25 00:07:22 Verb  <EVT> [ConnectorLogic 1] - LastState: Charging
2026-02-25 00:07:22 Verb  <EVT> [ConnectorLogic 2] - LastState: ChargingPausedByEv
2026-02-25 00:07:23 Verb  <EVT> [ConnectorLogic 1] - LastState: Charging
2026-02-25 00:07:23 Verb  <EVT> [ConnectorLogic 2] - LastState: ChargingPausedByEv
2026-02-25 00:07:24 Verb  <EVT> [ConnectorLogic 1] - LastState: Charging
2026-02-25 00:07:24 Verb  <EVT> [ConnectorLogic 1] - TargetCurrents {
  "ChargingProfiles": {
    "Current": null,
    "Unit": "A",
    "Source": "ChargingProfiles"
  },
  "SmartCluster": {
    "Current": 16,
    "Unit": "A",
    "Source": "SmartCluster"
  }
}
2026-02-25 00:07:24 Info  <EVT> [ConnectorLogic 1] - TargetCurrent from SmartCluster, current: 16
2026-02-25 00:07:24 Verb  <EVT> [ConnectorLogic 1] - Applying 16 A from SmartCluster triggered by ConnectorMaxOutput (SmartCluster)
2026-02-25 00:07:24 Verb  <EVT> [ConnectorLogic 2] - LastState: ChargingPausedByEv
2026-02-25 00:07:24 Verb  <EVT> [ConnectorLogic 1] - LastState: Charging
2026-02-25 00:07:24 Verb  <EVT> [ConnectorLogic 2] - LastState: ChargingPausedByEv
2026-02-25 00:07:25 Verb  <EVT> [ConnectorLogic 1] - LastState: Charging
2026-02-25 00:07:25 Verb  <EVT> [ConnectorLogic 2] - LastState: ChargingPausedByEv
2026-02-25 00:07:26 Verb  <EVT> [ConnectorLogic 1] - LastState: Charging
2026-02-25 00:07:26 Verb  <EVT> [ConnectorLogic 2] - LastState: ChargingPausedByEv
2026-02-25 00:07:27 Verb  <#37> [SystemMonitor] - CPU loads: 2.09 1.84 1.78
2026-02-25 00:07:27 Verb  <EVT> [ConnectorLogic 1] - LastState: Charging
2026-02-25 00:07:27 Verb  <EVT> [ConnectorLogic 2] - LastState: ChargingPausedByEv
2026-02-25 00:07:28 Verb  <EVT> [ConnectorLogic 1] - LastState: Charging
2026-02-25 00:07:28 Verb  <EVT> [ConnectorLogic 2] - LastState: ChargingPausedByEv
2026-02-25 00:07:29 Verb  <EVT> [ConnectorLogic 1] - LastState: Charging
2026-02-25 00:07:29 Verb  <EVT> [ConnectorLogic 2] - LastState: ChargingPausedByEv
2026-02-25 00:07:30 Verb  <EVT> [ConnectorLogic 1] - LastState: Charging
2026-02-25 00:07:30 Verb  <EVT> [ConnectorLogic 2] - LastState: ChargingPausedByEv
2026-02-25 00:07:31 Verb  <EVT> [ConnectorLogic 1] - LastState: Charging
2026-02-25 00:07:31 Verb  <EVT> [ConnectorLogic 2] - LastState: ChargingPausedByEv
2026-02-25 00:07:32 Verb  <EVT> [ConnectorLogic 1] - LastState: Charging
2026-02-25 00:07:32 Verb  <EVT> [ConnectorLogic 2] - LastState: ChargingPausedByEv
2026-02-25 00:07:33 Verb  <EVT> [ConnectorLogic 1] - LastState: Charging
2026-02-25 00:07:33 Verb  <EVT> [ConnectorLogic 2] - LastState: ChargingPausedByEv
2026-02-25 00:07:34 Verb  <EVT> [ConnectorLogic 1] - LastState: Charging
2026-02-25 00:07:34 Verb  <EVT> [ConnectorLogic 2] - LastState: ChargingPausedByEv
2026-02-25 00:07:35 Verb  <EVT> [ConnectorLogic 1] - LastState: Charging
2026-02-25 00:07:35 Verb  <EVT> [ConnectorLogic 2] - LastState: ChargingPausedByEv
2026-02-25 00:07:36 Verb  <EVT> [ConnectorLogic 1] - LastState: Charging
2026-02-25 00:07:36 Verb  <EVT> [ConnectorLogic 2] - LastState: ChargingPausedByEv
2026-02-25 00:07:37 Verb  <#17> [SystemMonitor] - CPU loads: 1.93 1.81 1.77
2026-02-25 00:07:37 Verb  <EVT> [ConnectorLogic 1] - LastState: Charging
2026-02-25 00:07:37 Verb  <EVT> [ConnectorLogic 2] - LastState: ChargingPausedByEv
2026-02-25 00:07:38 Verb  <EVT> [ConnectorLogic 1] - LastState: Charging
2026-02-25 00:07:38 Verb  <EVT> [ConnectorLogic 2] - LastState: ChargingPausedByEv
2026-02-25 00:07:39 Verb  <EVT> [ConnectorLogic 1] - LastState: Charging
2026-02-25 00:07:39 Verb  <EVT> [ConnectorLogic 2] - LastState: ChargingPausedByEv
2026-02-25 00:07:40 Verb  <EVT> [ConnectorLogic 1] - LastState: Charging
2026-02-25 00:07:40 Verb  <EVT> [ConnectorLogic 2] - LastState: ChargingPausedByEv
2026-02-25 00:07:41 Verb  <EVT> [ConnectorLogic 1] - LastState: Charging
2026-02-25 00:07:41 Verb  <EVT> [ConnectorLogic 2] - LastState: ChargingPausedByEv
2026-02-25 00:07:42 Verb  <EVT> [ConnectorLogic 1] - LastState: Charging
2026-02-25 00:07:42 Verb  <EVT> [ConnectorLogic 2] - LastState: ChargingPausedByEv
2026-02-25 00:07:43 Verb  <EVT> [ConnectorLogic 1] - LastState: Charging
2026-02-25 00:07:43 Verb  <EVT> [ConnectorLogic 2] - LastState: ChargingPausedByEv
2026-02-25 00:07:44 Verb  <EVT> [ConnectorLogic 1] - LastState: Charging
2026-02-25 00:07:44 Verb  <EVT> [ConnectorLogic 2] - LastState: ChargingPausedByEv
2026-02-25 00:07:45 Verb  <EVT> [ConnectorLogic 1] - LastState: Charging
2026-02-25 00:07:45 Verb  <EVT> [ConnectorLogic 2] - LastState: ChargingPausedByEv
2026-02-25 00:07:46 Verb  <EVT> [ConnectorLogic 1] - LastState: Charging
2026-02-25 00:07:46 Verb  <EVT> [ConnectorLogic 2] - LastState: ChargingPausedByEv
2026-02-25 00:07:47 Verb  <#79> [SystemMonitor] - CPU loads: 2.31 1.9 1.8
2026-02-25 00:07:47 Verb  <EVT> [ConnectorLogic 1] - LastState: Charging
2026-02-25 00:07:47 Verb  <EVT> [ConnectorLogic 2] - LastState: ChargingPausedByEv
2026-02-25 00:07:48 Verb  <EVT> [ConnectorLogic 1] - LastState: Charging
2026-02-25 00:07:48 Verb  <EVT> [ConnectorLogic 2] - LastState: ChargingPausedByEv
2026-02-25 00:07:48 Info  <#37> [AfeEnergyMeter] - Calibrating AFE at 1.1
2026-02-25 00:07:48 Warn  <#37> [AfeEnergyMeter] - Cannot read temperature from AFE: Could not find file '/sys/bus/spi/drivers/afe_at90e36/spi1.1/Temp'.
2026-02-25 00:07:48 Error <#37> [EnergyMeterService evse2] - SendMeasurements - Temperature: could not read value (AfeSystemFault)
2026-02-25 00:07:49 Verb  <#41> [OcppClient] - Sent: [2,"19e1","MeterValues",{"connectorId":2,"meterValue":[{"timestamp":"2026-02-25T00:07:48.781Z","sampledValue":[{"value":"0","context":"Sample.Periodic","measurand":"Current.Import","phase":"L1","unit":"A"},{"value":"0","context":"Sample.Periodic","measurand":"Current.Import","phase":"L2","unit":"A"},{"value":"0","context":"Sample.Periodic","measurand":"Current.Import","phase":"L3","unit":"A"},{"value":"35855.8","context":"Sample.Periodic","measurand":"Energy.Active.Import.Register","unit":"kWh"},{"value":"49.95","context":"Sample.Periodic","measurand":"Frequency"},{"value":"0","context":"Sample.Periodic","measurand":"Power.Active.Import","phase":"L1","unit":"kW"},{"value":"0","context":"Sample.Periodic","measurand":"Power.Active.Import","phase":"L2","unit":"kW"},{"value":"0","context":"Sample.Periodic","measurand":"Power.Active.Import","phase":"L3","unit":"kW"},{"value":"0","context":"Sample.Periodic","measurand":"Power.Active.Import","unit":"kW"},{"value":"-1","context":"Sample.Periodic","measurand":"Power.Factor"},{"value":"236","context":"Sample.Periodic","measurand":"Voltage","phase":"L1","unit":"V"},{"value":"236","context":"Sample.Periodic","measurand":"Voltage","phase":"L2","unit":"V"},{"value":"235.4","context":"Sample.Periodic","measurand":"Voltage","phase":"L3","unit":"V"},{"value":"16","context":"Sample.Periodic","measurand":"Current.Offered","unit":"A"}]}],"transactionId":2027725}]
2026-02-25 00:07:49 Verb  <EVT> [ConnectorLogic 1] - LastState: Charging
2026-02-25 00:07:49 Verb  <EVT> [Evse 1] - Created ConnectorShortStatusData: {
  "ConnectorId": 1,
  "Current": {
    "L1": 15.744,
    "L2": 15.325,
    "L3": 15.223
  },
  "Power": {
    "L1": 3.701,
    "L2": 3.595,
    "L3": 3.5865,
    "Total": 10.8825
  },
  "Consumption": {
    "L1": 0.0,
    "L2": 0.0,
    "L3": 0.0,
    "Total": 30.9
  },
  "LocalTarget": 16,
  "IsMaxCurrentKnown": true
}
2026-02-25 00:07:49 Verb  <EVT> [ConnectorLogic 2] - LastState: ChargingPausedByEv
2026-02-25 00:07:49 Verb  <#37> [OcppClient] - Received: [3,"19e1",{}]
2026-02-25 00:07:49 Verb  <CommHandler first queue> [OcppMessageSender] - OcppMessageSender received response 
OcppAction: MeterValues
OcppMessage response: {}
2026-02-25 00:07:52 Verb  <EVT> [ConnectorLogic 1] - LastState: Charging
2026-02-25 00:07:52 Verb  <EVT> [ConnectorLogic 2] - LastState: ChargingPausedByEv
2026-02-25 00:07:52 Verb  <EVT> [ConnectorLogic 1] - LastState: Charging
2026-02-25 00:07:52 Verb  <EVT> [Evse 1] - Created ConnectorStatusData: {
  "ConnectorId": 1,
  "Status": "Charging",
  "Current": {
    "L1": 15.746,
    "L2": 15.324,
    "L3": 15.213
  },
  "Power": {
    "L1": 3.7021,
    "L2": 3.5966,
    "L3": 3.5851002,
    "Total": 10.883901
  },
  "Consumption": {
    "L1": 0.0,
    "L2": 0.0,
    "L3": 0.0,
    "Total": 30.9
  },
  "CurrentSession": {
    "StartTime": "2026-02-24T20:49:51.0918872Z",
    "ConsumedEnergy": 30.9,
    "PhaseUsedByVehicle": "L123",
    "VehicleMinCurrentA": 6.0,
    "VehicleMaxCurrentA": 15.824,
    "IsVehicleMaxCurrentKnown": true,
    "IsVehicleResponsive": true
  },
  "ChargingUserPreferences": {
    "ChargingMode": "Fast",
    "PlannedDepartureTime": "2026-02-25T06:30:00Z",
    "PlannedEnergyConsumption": 100.0
  },
  "CurrentSetpoint": 16
}
2026-02-25 00:07:52 Verb  <EVT> [ConnectorLogic 2] - LastState: ChargingPausedByEv
2026-02-25 00:07:52 Verb  <EVT> [Evse 2] - Created ConnectorStatusData: {
  "ConnectorId": 2,
  "Status": "ChargingPausedByEv",
  "Current": {
    "L1": 0.0,
    "L2": 0.0,
    "L3": 0.0
  },
  "Power": {
    "L1": 0.0,
    "L2": 0.0,
    "L3": 0.0,
    "Total": 0.0
  },
  "Consumption": {
    "L1": 0.0,
    "L2": 0.0,
    "L3": 0.0,
    "Total": 33.2
  },
  "CurrentSession": {
    "StartTime": "2026-02-24T19:36:48.6309339Z",
    "ConsumedEnergy": 33.2,
    "PhaseUsedByVehicle": "L123",
    "VehicleMinCurrentA": 6.0,
    "VehicleMaxCurrentA": 15.952,
    "IsVehicleMaxCurrentKnown": true,
    "IsVehicleResponsive": true
  },
  "ChargingUserPreferences": {
    "ChargingMode": "Fast",
    "PlannedDepartureTime": "2026-02-24T22:00:00Z",
    "PlannedEnergyConsumption": 100.0
  },
  "CurrentSetpoint": 16
}
2026-02-25 00:07:52 Verb  <EVT> [ConnectorLogic 1] - LastState: Charging
2026-02-25 00:07:52 Verb  <EVT> [ConnectorLogic 2] - LastState: ChargingPausedByEv
2026-02-25 00:07:52 Warn  <#37> [AfeEnergyMeter] - Cannot read temperature from AFE: Could not find file '/sys/bus/spi/drivers/afe_at90e36/spi1.1/Temp'.
2026-02-25 00:07:52 Error <#37> [EnergyMeterService evse1] - SendMeasurements - Temperature: could not read value (AfeSystemFault)
2026-02-25 00:07:52 Verb  <#80> [OcppClient] - Sent: [2,"19e2","MeterValues",{"connectorId":1,"meterValue":[{"timestamp":"2026-02-25T00:07:52.388Z","sampledValue":[{"value":"15.745","context":"Sample.Periodic","measurand":"Current.Import","phase":"L1","unit":"A"},{"value":"15.327","context":"Sample.Periodic","measurand":"Current.Import","phase":"L2","unit":"A"},{"value":"15.212","context":"Sample.Periodic","measurand":"Current.Import","phase":"L3","unit":"A"},{"value":"24361.6","context":"Sample.Periodic","measurand":"Energy.Active.Import.Register","unit":"kWh"},{"value":"49.97","context":"Sample.Periodic","measurand":"Frequency"},{"value":"3.7021","context":"Sample.Periodic","measurand":"Power.Active.Import","phase":"L1","unit":"kW"},{"value":"3.5966","context":"Sample.Periodic","measurand":"Power.Active.Import","phase":"L2","unit":"kW"},{"value":"3.5851002","context":"Sample.Periodic","measurand":"Power.Active.Import","phase":"L3","unit":"kW"},{"value":"10.883901","context":"Sample.Periodic","measurand":"Power.Active.Import","unit":"kW"},{"value":"0.9973","context":"Sample.Periodic","measurand":"Power.Factor"},{"value":"236","context":"Sample.Periodic","measurand":"Voltage","phase":"L1","unit":"V"},{"value":"235.1","context":"Sample.Periodic","measurand":"Voltage","phase":"L2","unit":"V"},{"value":"236.2","context":"Sample.Periodic","measurand":"Voltage","phase":"L3","unit":"V"},{"value":"16","context":"Sample.Periodic","measurand":"Current.Offered","unit":"A"}]}],"transactionId":2027882}]
2026-02-25 00:07:52 Verb  <EVT> [ConnectorLogic 1] - LastState: Charging
2026-02-25 00:07:52 Verb  <EVT> [ConnectorLogic 2] - LastState: ChargingPausedByEv
2026-02-25 00:07:53 Verb  <EVT> [ConnectorLogic 1] - LastState: Charging
2026-02-25 00:07:53 Verb  <#30> [OcppClient] - Received: [3,"19e2",{}]
2026-02-25 00:07:53 Verb  <EVT> [ConnectorLogic 2] - LastState: ChargingPausedByEv
2026-02-25 00:07:53 Verb  <CommHandler first queue> [OcppMessageSender] - OcppMessageSender received response 
OcppAction: MeterValues
OcppMessage response: {}
2026-02-25 00:07:54 Verb  <EVT> [ConnectorLogic 1] - LastState: Charging
2026-02-25 00:07:54 Verb  <EVT> [ConnectorLogic 2] - LastState: ChargingPausedByEv
2026-02-25 00:07:55 Verb  <EVT> [ConnectorLogic 1] - LastState: Charging
2026-02-25 00:07:55 Verb  <EVT> [ConnectorLogic 2] - LastState: ChargingPausedByEv
2026-02-25 00:07:55 Verb  <EVT> [ConnectorLogic 1] - LastState: Charging
2026-02-25 00:07:55 Verb  <EVT> [ConnectorLogic 1] - TargetCurrents {
  "ChargingProfiles": {
    "Current": null,
    "Unit": "A",
    "Source": "ChargingProfiles"
  },
  "SmartCluster": {
    "Current": 16,
    "Unit": "A",
    "Source": "SmartCluster"
  }
}
2026-02-25 00:07:55 Info  <EVT> [ConnectorLogic 1] - TargetCurrent from SmartCluster, current: 16
2026-02-25 00:07:55 Verb  <EVT> [ConnectorLogic 1] - Applying 16 A from SmartCluster triggered by ConnectorMaxOutput (SmartCluster)
2026-02-25 00:07:55 Verb  <EVT> [ConnectorLogic 2] - LastState: ChargingPausedByEv
2026-02-25 00:07:56 Verb  <EVT> [ConnectorLogic 1] - LastState: Charging
2026-02-25 00:07:56 Verb  <EVT> [ConnectorLogic 2] - LastState: ChargingPausedByEv
2026-02-25 00:07:57 Verb  <#17> [SystemMonitor] - CPU loads: 2.26 1.9 1.8
2026-02-25 00:07:57 Verb  <EVT> [ConnectorLogic 1] - LastState: Charging
2026-02-25 00:07:57 Verb  <EVT> [ConnectorLogic 2] - LastState: ChargingPausedByEv
2026-02-25 00:07:58 Verb  <EVT> [ConnectorLogic 1] - LastState: Charging
2026-02-25 00:07:58 Verb  <EVT> [ConnectorLogic 2] - LastState: ChargingPausedByEv
2026-02-25 00:07:59 Verb  <EVT> [ConnectorLogic 1] - LastState: Charging
2026-02-25 00:07:59 Verb  <EVT> [ConnectorLogic 2] - LastState: ChargingPausedByEv
2026-02-25 00:08:00 Verb  <EVT> [ConnectorLogic 1] - LastState: Charging
2026-02-25 00:08:00 Verb  <EVT> [ConnectorLogic 2] - LastState: ChargingPausedByEv
2026-02-25 00:08:01 Verb  <EVT> [ConnectorLogic 1] - LastState: Charging
2026-02-25 00:08:01 Verb  <EVT> [ConnectorLogic 2] - LastState: ChargingPausedByEv
2026-02-25 00:08:02 Verb  <EVT> [ConnectorLogic 1] - LastState: Charging
2026-02-25 00:08:02 Verb  <EVT> [ConnectorLogic 2] - LastState: ChargingPausedByEv
2026-02-25 00:08:03 Verb  <EVT> [ConnectorLogic 1] - LastState: Charging
2026-02-25 00:08:03 Verb  <EVT> [ConnectorLogic 2] - LastState: ChargingPausedByEv
2026-02-25 00:08:04 Verb  <EVT> [ConnectorLogic 1] - LastState: Charging
2026-02-25 00:08:04 Verb  <EVT> [ConnectorLogic 2] - LastState: ChargingPausedByEv
2026-02-25 00:08:05 Verb  <EVT> [ConnectorLogic 1] - LastState: Charging
2026-02-25 00:08:05 Verb  <EVT> [ConnectorLogic 2] - LastState: ChargingPausedByEv
2026-02-25 00:08:06 Verb  <EVT> [ConnectorLogic 1] - LastState: Charging
2026-02-25 00:08:06 Verb  <EVT> [ConnectorLogic 2] - LastState: ChargingPausedByEv
2026-02-25 00:08:07 Verb  <#41> [SystemMonitor] - CPU loads: 2.15 1.89 1.8
2026-02-25 00:08:07 Verb  <EVT> [ConnectorLogic 1] - LastState: Charging
2026-02-25 00:08:07 Verb  <EVT> [ConnectorLogic 2] - LastState: ChargingPausedByEv
2026-02-25 00:08:08 Verb  <EVT> [ConnectorLogic 1] - LastState: Charging
2026-02-25 00:08:08 Verb  <EVT> [ConnectorLogic 2] - LastState: ChargingPausedByEv
2026-02-25 00:08:09 Verb  <EVT> [ConnectorLogic 1] - LastState: Charging
2026-02-25 00:08:09 Verb  <EVT> [ConnectorLogic 2] - LastState: ChargingPausedByEv
2026-02-25 00:08:10 Verb  <EVT> [ConnectorLogic 1] - LastState: Charging
2026-02-25 00:08:10 Verb  <EVT> [ConnectorLogic 2] - LastState: ChargingPausedByEv
2026-02-25 00:08:11 Verb  <EVT> [ConnectorLogic 1] - LastState: Charging
2026-02-25 00:08:11 Verb  <EVT> [ConnectorLogic 2] - LastState: ChargingPausedByEv
2026-02-25 00:08:12 Verb  <EVT> [ConnectorLogic 1] - LastState: Charging
2026-02-25 00:08:12 Verb  <EVT> [ConnectorLogic 2] - LastState: ChargingPausedByEv
2026-02-25 00:08:13 Verb  <EVT> [ConnectorLogic 1] - LastState: Charging
2026-02-25 00:08:13 Verb  <EVT> [ConnectorLogic 2] - LastState: ChargingPausedByEv
2026-02-25 00:08:14 Verb  <EVT> [ConnectorLogic 1] - LastState: Charging
2026-02-25 00:08:14 Verb  <EVT> [ConnectorLogic 2] - LastState: ChargingPausedByEv
2026-02-25 00:08:15 Verb  <EVT> [ConnectorLogic 1] - LastState: Charging
2026-02-25 00:08:15 Verb  <EVT> [ConnectorLogic 2] - LastState: ChargingPausedByEv
2026-02-25 00:08:16 Verb  <EVT> [ConnectorLogic 1] - LastState: Charging
2026-02-25 00:08:16 Verb  <EVT> [ConnectorLogic 2] - LastState: ChargingPausedByEv
2026-02-25 00:08:17 Verb  <#80> [SystemMonitor] - CPU loads: 1.97 1.86 1.79
2026-02-25 00:08:17 Verb  <EVT> [ConnectorLogic 1] - LastState: Charging
2026-02-25 00:08:17 Verb  <EVT> [ConnectorLogic 2] - LastState: ChargingPausedByEv
2026-02-25 00:08:19 Verb  <EVT> [ConnectorLogic 1] - LastState: Charging
2026-02-25 00:08:19 Verb  <EVT> [ConnectorLogic 2] - LastState: ChargingPausedByEv
2026-02-25 00:08:19 Verb  <EVT> [ConnectorLogic 1] - LastState: Charging
2026-02-25 00:08:19 Verb  <EVT> [ConnectorLogic 2] - LastState: ChargingPausedByEv
2026-02-25 00:08:20 Verb  <EVT> [ConnectorLogic 1] - LastState: Charging
2026-02-25 00:08:20 Verb  <EVT> [ConnectorLogic 2] - LastState: ChargingPausedByEv
2026-02-25 00:08:21 Verb  <EVT> [ConnectorLogic 1] - LastState: Charging
2026-02-25 00:08:21 Verb  <EVT> [ConnectorLogic 2] - LastState: ChargingPausedByEv
2026-02-25 00:08:22 Verb  <EVT> [ConnectorLogic 1] - LastState: Charging
2026-02-25 00:08:22 Verb  <EVT> [ConnectorLogic 2] - LastState: ChargingPausedByEv
2026-02-25 00:08:23 Verb  <EVT> [ConnectorLogic 1] - LastState: Charging
2026-02-25 00:08:23 Verb  <EVT> [Evse 1] - Created ConnectorStatusData: {
  "ConnectorId": 1,
  "Status": "Charging",
  "Current": {
    "L1": 15.742,
    "L2": 15.327,
    "L3": 15.137
  },
  "Power": {
    "L1": 3.7057,
    "L2": 3.5988998,
    "L3": 3.579,
    "Total": 10.8837
  },
  "Consumption": {
    "L1": 0.0,
    "L2": 0.0,
    "L3": 0.0,
    "Total": 31.0
  },
  "CurrentSession": {
    "StartTime": "2026-02-24T20:49:51.0918872Z",
    "ConsumedEnergy": 31.0,
    "PhaseUsedByVehicle": "L123",
    "VehicleMinCurrentA": 6.0,
    "VehicleMaxCurrentA": 15.824,
    "IsVehicleMaxCurrentKnown": true,
    "IsVehicleResponsive": true
  },
  "ChargingUserPreferences": {
    "ChargingMode": "Fast",
    "PlannedDepartureTime": "2026-02-25T06:30:00Z",
    "PlannedEnergyConsumption": 100.0
  },
  "CurrentSetpoint": 16
}
2026-02-25 00:08:23 Verb  <EVT> [ConnectorLogic 2] - LastState: ChargingPausedByEv
2026-02-25 00:08:23 Verb  <EVT> [Evse 2] - Created ConnectorStatusData: {
  "ConnectorId": 2,
  "Status": "ChargingPausedByEv",
  "Current": {
    "L1": 0.0,
    "L2": 0.0,
    "L3": 0.0
  },
  "Power": {
    "L1": 0.0,
    "L2": 0.0,
    "L3": 0.0,
    "Total": 0.0
  },
  "Consumption": {
    "L1": 0.0,
    "L2": 0.0,
    "L3": 0.0,
    "Total": 33.2
  },
  "CurrentSession": {
    "StartTime": "2026-02-24T19:36:48.6309339Z",
    "ConsumedEnergy": 33.2,
    "PhaseUsedByVehicle": "L123",
    "VehicleMinCurrentA": 6.0,
    "VehicleMaxCurrentA": 15.952,
    "IsVehicleMaxCurrentKnown": true,
    "IsVehicleResponsive": true
  },
  "ChargingUserPreferences": {
    "ChargingMode": "Fast",
    "PlannedDepartureTime": "2026-02-24T22:00:00Z",
    "PlannedEnergyConsumption": 100.0
  },
  "CurrentSetpoint": 16
}
2026-02-25 00:08:23 Verb  <EVT> [ConnectorLogic 1] - LastState: Charging
2026-02-25 00:08:23 Verb  <EVT> [ConnectorLogic 2] - LastState: ChargingPausedByEv
2026-02-25 00:08:23 Verb  <EVT> [ConnectorLogic 1] - LastState: Charging
2026-02-25 00:08:23 Verb  <EVT> [ConnectorLogic 1] - TargetCurrents {
  "ChargingProfiles": {
    "Current": null,
    "Unit": "A",
    "Source": "ChargingProfiles"
  },
  "SmartCluster": {
    "Current": 16,
    "Unit": "A",
    "Source": "SmartCluster"
  }
}
2026-02-25 00:08:23 Info  <EVT> [ConnectorLogic 1] - TargetCurrent from SmartCluster, current: 16
2026-02-25 00:08:23 Verb  <EVT> [ConnectorLogic 1] - Applying 16 A from SmartCluster triggered by ConnectorMaxOutput (SmartCluster)
2026-02-25 00:08:23 Verb  <EVT> [ConnectorLogic 2] - LastState: ChargingPausedByEv
2026-02-25 00:08:24 Verb  <EVT> [ConnectorLogic 1] - LastState: Charging
2026-02-25 00:08:24 Verb  <EVT> [ConnectorLogic 2] - LastState: ChargingPausedByEv
2026-02-25 00:08:25 Verb  <EVT> [ConnectorLogic 1] - LastState: Charging
2026-02-25 00:08:25 Verb  <EVT> [ConnectorLogic 2] - LastState: ChargingPausedByEv
2026-02-25 00:08:26 Verb  <EVT> [ConnectorLogic 1] - LastState: Charging
2026-02-25 00:08:26 Verb  <EVT> [ConnectorLogic 2] - LastState: ChargingPausedByEv
2026-02-25 00:08:27 Verb  <#79> [SystemMonitor] - CPU loads: 2.2 1.91 1.81
2026-02-25 00:08:27 Verb  <EVT> [ConnectorLogic 1] - LastState: Charging
2026-02-25 00:08:27 Verb  <EVT> [ConnectorLogic 2] - LastState: ChargingPausedByEv
2026-02-25 00:08:28 Verb  <EVT> [ConnectorLogic 1] - LastState: Charging
2026-02-25 00:08:28 Verb  <EVT> [ConnectorLogic 2] - LastState: ChargingPausedByEv
2026-02-25 00:08:29 Verb  <EVT> [ConnectorLogic 1] - LastState: Charging
2026-02-25 00:08:29 Verb  <EVT> [ConnectorLogic 2] - LastState: ChargingPausedByEv
2026-02-25 00:08:30 Verb  <EVT> [ConnectorLogic 1] - LastState: Charging
2026-02-25 00:08:30 Verb  <EVT> [ConnectorLogic 2] - LastState: ChargingPausedByEv
2026-02-25 00:08:31 Verb  <EVT> [ConnectorLogic 1] - LastState: Charging
2026-02-25 00:08:31 Verb  <EVT> [ConnectorLogic 2] - LastState: ChargingPausedByEv
2026-02-25 00:08:32 Verb  <EVT> [ConnectorLogic 1] - LastState: Charging
2026-02-25 00:08:32 Verb  <EVT> [ConnectorLogic 2] - LastState: ChargingPausedByEv
2026-02-25 00:08:33 Verb  <EVT> [ConnectorLogic 1] - LastState: Charging
2026-02-25 00:08:33 Verb  <EVT> [ConnectorLogic 2] - LastState: ChargingPausedByEv
2026-02-25 00:08:34 Verb  <EVT> [ConnectorLogic 1] - LastState: Charging
2026-02-25 00:08:34 Verb  <EVT> [ConnectorLogic 2] - LastState: ChargingPausedByEv
2026-02-25 00:08:35 Verb  <EVT> [ConnectorLogic 1] - LastState: Charging
2026-02-25 00:08:35 Verb  <EVT> [ConnectorLogic 2] - LastState: ChargingPausedByEv
2026-02-25 00:08:36 Verb  <EVT> [ConnectorLogic 1] - LastState: Charging
2026-02-25 00:08:36 Verb  <EVT> [ConnectorLogic 2] - LastState: ChargingPausedByEv
2026-02-25 00:08:37 Verb  <#39> [SystemMonitor] - CPU loads: 1.95 1.87 1.79
2026-02-25 00:08:37 Verb  <EVT> [ConnectorLogic 1] - LastState: Charging
2026-02-25 00:08:37 Verb  <EVT> [ConnectorLogic 2] - LastState: ChargingPausedByEv
2026-02-25 00:08:38 Verb  <EVT> [ConnectorLogic 1] - LastState: Charging
2026-02-25 00:08:38 Verb  <EVT> [ConnectorLogic 2] - LastState: ChargingPausedByEv
2026-02-25 00:08:39 Verb  <EVT> [ConnectorLogic 1] - LastState: Charging
2026-02-25 00:08:39 Verb  <EVT> [ConnectorLogic 2] - LastState: ChargingPausedByEv
2026-02-25 00:08:40 Verb  <EVT> [ConnectorLogic 1] - LastState: Charging
2026-02-25 00:08:40 Verb  <EVT> [ConnectorLogic 2] - LastState: ChargingPausedByEv
2026-02-25 00:08:41 Verb  <EVT> [ConnectorLogic 1] - LastState: Charging
2026-02-25 00:08:41 Verb  <EVT> [ConnectorLogic 2] - LastState: ChargingPausedByEv
2026-02-25 00:08:43 Verb  <EVT> [ConnectorLogic 1] - LastState: Charging
2026-02-25 00:08:43 Verb  <EVT> [ConnectorLogic 2] - LastState: ChargingPausedByEv
2026-02-25 00:08:45 Verb  <EVT> [ConnectorLogic 1] - LastState: Charging
2026-02-25 00:08:45 Verb  <EVT> [ConnectorLogic 2] - LastState: ChargingPausedByEv
2026-02-25 00:08:45 Verb  <EVT> [ConnectorLogic 1] - LastState: Charging
2026-02-25 00:08:45 Verb  <EVT> [ConnectorLogic 2] - LastState: ChargingPausedByEv
2026-02-25 00:08:45 Verb  <EVT> [ConnectorLogic 1] - LastState: Charging
2026-02-25 00:08:45 Verb  <EVT> [ConnectorLogic 2] - LastState: ChargingPausedByEv
2026-02-25 00:08:46 Verb  <EVT> [ConnectorLogic 1] - LastState: Charging
2026-02-25 00:08:46 Verb  <EVT> [ConnectorLogic 2] - LastState: ChargingPausedByEv
2026-02-25 00:08:47 Verb  <#55> [SystemMonitor] - CPU loads: 1.72 1.82 1.78
2026-02-25 00:08:47 Verb  <EVT> [ConnectorLogic 1] - LastState: Charging
2026-02-25 00:08:47 Verb  <EVT> [ConnectorLogic 2] - LastState: ChargingPausedByEv
2026-02-25 00:08:48 Verb  <EVT> [ConnectorLogic 1] - LastState: Charging
2026-02-25 00:08:48 Verb  <EVT> [ConnectorLogic 2] - LastState: ChargingPausedByEv
2026-02-25 00:08:48 Info  <#80> [AfeEnergyMeter] - Calibrating AFE at 1.1
2026-02-25 00:08:49 Warn  <#80> [AfeEnergyMeter] - Cannot read temperature from AFE: Could not find file '/sys/bus/spi/drivers/afe_at90e36/spi1.1/Temp'.
2026-02-25 00:08:49 Error <#80> [EnergyMeterService evse2] - SendMeasurements - Temperature: could not read value (AfeSystemFault)
2026-02-25 00:08:49 Verb  <#80> [OcppClient] - Sent: [2,"19e3","MeterValues",{"connectorId":2,"meterValue":[{"timestamp":"2026-02-25T00:08:47.739Z","sampledValue":[{"value":"0","context":"Sample.Periodic","measurand":"Current.Import","phase":"L1","unit":"A"},{"value":"0","context":"Sample.Periodic","measurand":"Current.Import","phase":"L2","unit":"A"},{"value":"0","context":"Sample.Periodic","measurand":"Current.Import","phase":"L3","unit":"A"},{"value":"35855.8","context":"Sample.Periodic","measurand":"Energy.Active.Import.Register","unit":"kWh"},{"value":"49.97","context":"Sample.Periodic","measurand":"Frequency"},{"value":"0","context":"Sample.Periodic","measurand":"Power.Active.Import","phase":"L1","unit":"kW"},{"value":"0","context":"Sample.Periodic","measurand":"Power.Active.Import","phase":"L2","unit":"kW"},{"value":"0","context":"Sample.Periodic","measurand":"Power.Active.Import","phase":"L3","unit":"kW"},{"value":"0","context":"Sample.Periodic","measurand":"Power.Active.Import","unit":"kW"},{"value":"-1","context":"Sample.Periodic","measurand":"Power.Factor"},{"value":"236.8","context":"Sample.Periodic","measurand":"Voltage","phase":"L1","unit":"V"},{"value":"236.2","context":"Sample.Periodic","measurand":"Voltage","phase":"L2","unit":"V"},{"value":"235.3","context":"Sample.Periodic","measurand":"Voltage","phase":"L3","unit":"V"},{"value":"16","context":"Sample.Periodic","measurand":"Current.Offered","unit":"A"}]}],"transactionId":2027725}]
2026-02-25 00:08:49 Verb  <EVT> [ConnectorLogic 1] - LastState: Charging
2026-02-25 00:08:49 Verb  <EVT> [ConnectorLogic 2] - LastState: ChargingPausedByEv
2026-02-25 00:08:49 Verb  <#30> [OcppClient] - Received: [3,"19e3",{}]
2026-02-25 00:08:49 Verb  <CommHandler first queue> [OcppMessageSender] - OcppMessageSender received response 
OcppAction: MeterValues
OcppMessage response: {}
2026-02-25 00:08:50 Verb  <EVT> [ConnectorLogic 1] - LastState: Charging
2026-02-25 00:08:50 Verb  <EVT> [ConnectorLogic 2] - LastState: ChargingPausedByEv
2026-02-25 00:08:51 Verb  <EVT> [ConnectorLogic 1] - LastState: Charging
2026-02-25 00:08:51 Verb  <EVT> [ConnectorLogic 2] - LastState: ChargingPausedByEv
2026-02-25 00:08:51 Warn  <#55> [AfeEnergyMeter] - Cannot read temperature from AFE: Could not find file '/sys/bus/spi/drivers/afe_at90e36/spi1.1/Temp'.
2026-02-25 00:08:51 Error <#55> [EnergyMeterService evse1] - SendMeasurements - Temperature: could not read value (AfeSystemFault)
2026-02-25 00:08:51 Verb  <#55> [OcppClient] - Sent: [2,"19e4","MeterValues",{"connectorId":1,"meterValue":[{"timestamp":"2026-02-25T00:08:50.896Z","sampledValue":[{"value":"15.739","context":"Sample.Periodic","measurand":"Current.Import","phase":"L1","unit":"A"},{"value":"15.306","context":"Sample.Periodic","measurand":"Current.Import","phase":"L2","unit":"A"},{"value":"15.136","context":"Sample.Periodic","measurand":"Current.Import","phase":"L3","unit":"A"},{"value":"24361.7","context":"Sample.Periodic","measurand":"Energy.Active.Import.Register","unit":"kWh"},{"value":"49.97","context":"Sample.Periodic","measurand":"Frequency"},{"value":"3.709","context":"Sample.Periodic","measurand":"Power.Active.Import","phase":"L1","unit":"kW"},{"value":"3.5936","context":"Sample.Periodic","measurand":"Power.Active.Import","phase":"L2","unit":"kW"},{"value":"3.5846002","context":"Sample.Periodic","measurand":"Power.Active.Import","phase":"L3","unit":"kW"},{"value":"10.887401","context":"Sample.Periodic","measurand":"Power.Active.Import","unit":"kW"},{"value":"0.9972","context":"Sample.Periodic","measurand":"Power.Factor"},{"value":"236.5","context":"Sample.Periodic","measurand":"Voltage","phase":"L1","unit":"V"},{"value":"235.2","context":"Sample.Periodic","measurand":"Voltage","phase":"L2","unit":"V"},{"value":"237.4","context":"Sample.Periodic","measurand":"Voltage","phase":"L3","unit":"V"},{"value":"16","context":"Sample.Periodic","measurand":"Current.Offered","unit":"A"}]}],"transactionId":2027882}]
2026-02-25 00:08:52 Verb  <#55> [OcppClient] - Received: [3,"19e4",{}]
2026-02-25 00:08:52 Verb  <CommHandler first queue> [OcppMessageSender] - OcppMessageSender received response 
OcppAction: MeterValues
OcppMessage response: {}
2026-02-25 00:08:52 Verb  <EVT> [ConnectorLogic 1] - LastState: Charging
2026-02-25 00:08:52 Verb  <EVT> [ConnectorLogic 2] - LastState: ChargingPausedByEv
2026-02-25 00:08:53 Verb  <EVT> [ConnectorLogic 1] - LastState: Charging
2026-02-25 00:08:53 Verb  <EVT> [Evse 1] - Created ConnectorStatusData: {
  "ConnectorId": 1,
  "Status": "Charging",
  "Current": {
    "L1": 15.725,
    "L2": 15.311,
    "L3": 15.161
  },
  "Power": {
    "L1": 3.7064,
    "L2": 3.595,
    "L3": 3.5861,
    "Total": 10.8877
  },
  "Consumption": {
    "L1": 0.0,
    "L2": 0.0,
    "L3": 0.0,
    "Total": 31.0
  },
  "CurrentSession": {
    "StartTime": "2026-02-24T20:49:51.0918872Z",
    "ConsumedEnergy": 31.0,
    "PhaseUsedByVehicle": "L123",
    "VehicleMinCurrentA": 6.0,
    "VehicleMaxCurrentA": 15.824,
    "IsVehicleMaxCurrentKnown": true,
    "IsVehicleResponsive": true
  },
  "ChargingUserPreferences": {
    "ChargingMode": "Fast",
    "PlannedDepartureTime": "2026-02-25T06:30:00Z",
    "PlannedEnergyConsumption": 100.0
  },
  "CurrentSetpoint": 16
}
2026-02-25 00:08:53 Verb  <EVT> [ConnectorLogic 2] - LastState: ChargingPausedByEv
2026-02-25 00:08:53 Verb  <EVT> [Evse 2] - Created ConnectorStatusData: {
  "ConnectorId": 2,
  "Status": "ChargingPausedByEv",
  "Current": {
    "L1": 0.0,
    "L2": 0.0,
    "L3": 0.0
  },
  "Power": {
    "L1": 0.0,
    "L2": 0.0,
    "L3": 0.0,
    "Total": 0.0
  },
  "Consumption": {
    "L1": 0.0,
    "L2": 0.0,
    "L3": 0.0,
    "Total": 33.2
  },
  "CurrentSession": {
    "StartTime": "2026-02-24T19:36:48.6309339Z",
    "ConsumedEnergy": 33.2,
    "PhaseUsedByVehicle": "L123",
    "VehicleMinCurrentA": 6.0,
    "VehicleMaxCurrentA": 15.952,
    "IsVehicleMaxCurrentKnown": true,
    "IsVehicleResponsive": true
  },
  "ChargingUserPreferences": {
    "ChargingMode": "Fast",
    "PlannedDepartureTime": "2026-02-24T22:00:00Z",
    "PlannedEnergyConsumption": 100.0
  },
  "CurrentSetpoint": 16
}
2026-02-25 00:08:53 Verb  <EVT> [ConnectorLogic 1] - LastState: Charging
2026-02-25 00:08:53 Verb  <EVT> [ConnectorLogic 2] - LastState: ChargingPausedByEv
2026-02-25 00:08:54 Verb  <EVT> [ConnectorLogic 1] - LastState: Charging
2026-02-25 00:08:54 Verb  <EVT> [ConnectorLogic 1] - TargetCurrents {
  "ChargingProfiles": {
    "Current": null,
    "Unit": "A",
    "Source": "ChargingProfiles"
  },
  "SmartCluster": {
    "Current": 16,
    "Unit": "A",
    "Source": "SmartCluster"
  }
}
2026-02-25 00:08:54 Info  <EVT> [ConnectorLogic 1] - TargetCurrent from SmartCluster, current: 16
2026-02-25 00:08:54 Verb  <EVT> [ConnectorLogic 1] - Applying 16 A from SmartCluster triggered by ConnectorMaxOutput (SmartCluster)
2026-02-25 00:08:54 Verb  <EVT> [ConnectorLogic 2] - LastState: ChargingPausedByEv
2026-02-25 00:08:54 Verb  <EVT> [ConnectorLogic 1] - LastState: Charging
2026-02-25 00:08:54 Verb  <EVT> [ConnectorLogic 2] - LastState: ChargingPausedByEv
2026-02-25 00:08:55 Verb  <EVT> [ConnectorLogic 1] - LastState: Charging
2026-02-25 00:08:55 Verb  <EVT> [Evse 1] - Created ConnectorShortStatusData: {
  "ConnectorId": 1,
  "Current": {
    "L1": 15.738,
    "L2": 15.309,
    "L3": 15.156
  },
  "Power": {
    "L1": 3.7103,
    "L2": 3.5945,
    "L3": 3.5856001,
    "Total": 10.8905
  },
  "Consumption": {
    "L1": 0.0,
    "L2": 0.0,
    "L3": 0.0,
    "Total": 31.1
  },
  "LocalTarget": 16,
  "IsMaxCurrentKnown": true
}
2026-02-25 00:08:55 Verb  <EVT> [ConnectorLogic 2] - LastState: ChargingPausedByEv
2026-02-25 00:08:56 Verb  <EVT> [ConnectorLogic 1] - LastState: Charging
2026-02-25 00:08:56 Verb  <EVT> [ConnectorLogic 2] - LastState: ChargingPausedByEv
2026-02-25 00:08:57 Verb  <#37> [SystemMonitor] - CPU loads: 1.83 1.84 1.79
2026-02-25 00:08:57 Verb  <EVT> [ConnectorLogic 1] - LastState: Charging
2026-02-25 00:08:57 Verb  <EVT> [ConnectorLogic 2] - LastState: ChargingPausedByEv
2026-02-25 00:08:58 Verb  <EVT> [ConnectorLogic 1] - LastState: Charging
2026-02-25 00:08:58 Verb  <EVT> [ConnectorLogic 2] - LastState: ChargingPausedByEv
2026-02-25 00:08:59 Verb  <EVT> [ConnectorLogic 1] - LastState: Charging
2026-02-25 00:08:59 Verb  <EVT> [ConnectorLogic 2] - LastState: ChargingPausedByEv
2026-02-25 00:09:00 Verb  <EVT> [ConnectorLogic 1] - LastState: Charging
2026-02-25 00:09:00 Verb  <EVT> [ConnectorLogic 2] - LastState: ChargingPausedByEv
2026-02-25 00:09:01 Verb  <EVT> [ConnectorLogic 1] - LastState: Charging
2026-02-25 00:09:01 Verb  <EVT> [ConnectorLogic 2] - LastState: ChargingPausedByEv
2026-02-25 00:09:02 Verb  <EVT> [ConnectorLogic 1] - LastState: Charging
2026-02-25 00:09:02 Verb  <EVT> [ConnectorLogic 2] - LastState: ChargingPausedByEv
2026-02-25 00:09:03 Verb  <EVT> [ConnectorLogic 1] - LastState: Charging
2026-02-25 00:09:03 Verb  <EVT> [ConnectorLogic 2] - LastState: ChargingPausedByEv
2026-02-25 00:09:04 Verb  <EVT> [ConnectorLogic 1] - LastState: Charging
2026-02-25 00:09:04 Verb  <EVT> [ConnectorLogic 2] - LastState: ChargingPausedByEv
2026-02-25 00:09:05 Verb  <EVT> [ConnectorLogic 1] - LastState: Charging
2026-02-25 00:09:05 Verb  <EVT> [ConnectorLogic 2] - LastState: ChargingPausedByEv
2026-02-25 00:09:06 Verb  <EVT> [ConnectorLogic 1] - LastState: Charging
2026-02-25 00:09:06 Verb  <EVT> [ConnectorLogic 2] - LastState: ChargingPausedByEv
2026-02-25 00:09:07 Verb  <#33> [SystemMonitor] - CPU loads: 1.63 1.8 1.77
2026-02-25 00:09:07 Verb  <EVT> [ConnectorLogic 1] - LastState: Charging
2026-02-25 00:09:07 Verb  <EVT> [ConnectorLogic 2] - LastState: ChargingPausedByEv
2026-02-25 00:09:08 Verb  <EVT> [ConnectorLogic 1] - LastState: Charging
2026-02-25 00:09:08 Verb  <EVT> [ConnectorLogic 2] - LastState: ChargingPausedByEv
2026-02-25 00:09:09 Verb  <EVT> [ConnectorLogic 1] - LastState: Charging
2026-02-25 00:09:09 Verb  <EVT> [ConnectorLogic 2] - LastState: ChargingPausedByEv
2026-02-25 00:09:10 Verb  <EVT> [ConnectorLogic 1] - LastState: Charging
2026-02-25 00:09:10 Verb  <EVT> [ConnectorLogic 2] - LastState: ChargingPausedByEv
2026-02-25 00:09:11 Verb  <EVT> [ConnectorLogic 1] - LastState: Charging
2026-02-25 00:09:11 Verb  <EVT> [ConnectorLogic 2] - LastState: ChargingPausedByEv
2026-02-25 00:09:12 Verb  <EVT> [ConnectorLogic 1] - LastState: Charging
2026-02-25 00:09:12 Verb  <EVT> [ConnectorLogic 2] - LastState: ChargingPausedByEv
2026-02-25 00:09:13 Verb  <EVT> [ConnectorLogic 1] - LastState: Charging
2026-02-25 00:09:13 Verb  <EVT> [ConnectorLogic 2] - LastState: ChargingPausedByEv
2026-02-25 00:09:14 Verb  <EVT> [ConnectorLogic 1] - LastState: Charging
2026-02-25 00:09:14 Verb  <EVT> [ConnectorLogic 2] - LastState: ChargingPausedByEv
2026-02-25 00:09:15 Verb  <EVT> [ConnectorLogic 1] - LastState: Charging
2026-02-25 00:09:15 Verb  <EVT> [ConnectorLogic 2] - LastState: ChargingPausedByEv
2026-02-25 00:09:16 Verb  <EVT> [ConnectorLogic 1] - LastState: Charging
2026-02-25 00:09:16 Verb  <EVT> [ConnectorLogic 2] - LastState: ChargingPausedByEv
2026-02-25 00:09:17 Verb  <#33> [SystemMonitor] - CPU loads: 1.69 1.8 1.77
2026-02-25 00:09:17 Verb  <EVT> [ConnectorLogic 1] - LastState: Charging
2026-02-25 00:09:17 Verb  <EVT> [ConnectorLogic 2] - LastState: ChargingPausedByEv
2026-02-25 00:09:18 Verb  <EVT> [ConnectorLogic 1] - LastState: Charging
2026-02-25 00:09:18 Verb  <EVT> [ConnectorLogic 2] - LastState: ChargingPausedByEv
2026-02-25 00:09:19 Verb  <EVT> [ConnectorLogic 1] - LastState: Charging
2026-02-25 00:09:19 Verb  <EVT> [ConnectorLogic 2] - LastState: ChargingPausedByEv
2026-02-25 00:09:20 Verb  <EVT> [ConnectorLogic 1] - LastState: Charging
2026-02-25 00:09:20 Verb  <EVT> [ConnectorLogic 2] - LastState: ChargingPausedByEv
2026-02-25 00:09:21 Verb  <EVT> [ConnectorLogic 1] - LastState: Charging
2026-02-25 00:09:21 Verb  <EVT> [ConnectorLogic 2] - LastState: ChargingPausedByEv
2026-02-25 00:09:22 Verb  <EVT> [ConnectorLogic 1] - LastState: Charging
2026-02-25 00:09:22 Verb  <EVT> [ConnectorLogic 2] - LastState: ChargingPausedByEv
2026-02-25 00:09:23 Verb  <EVT> [ConnectorLogic 1] - LastState: Charging
2026-02-25 00:09:23 Verb  <EVT> [ConnectorLogic 2] - LastState: ChargingPausedByEv
2026-02-25 00:09:23 Verb  <EVT> [ConnectorLogic 1] - LastState: Charging
2026-02-25 00:09:23 Verb  <EVT> [Evse 1] - Created ConnectorStatusData: {
  "ConnectorId": 1,
  "Status": "Charging",
  "Current": {
    "L1": 15.754,
    "L2": 15.312,
    "L3": 15.144
  },
  "Power": {
    "L1": 3.7058,
    "L2": 3.592,
    "L3": 3.5765,
    "Total": 10.8743
  },
  "Consumption": {
    "L1": 0.0,
    "L2": 0.0,
    "L3": 0.0,
    "Total": 31.1
  },
  "CurrentSession": {
    "StartTime": "2026-02-24T20:49:51.0918872Z",
    "ConsumedEnergy": 31.1,
    "PhaseUsedByVehicle": "L123",
    "VehicleMinCurrentA": 6.0,
    "VehicleMaxCurrentA": 15.824,
    "IsVehicleMaxCurrentKnown": true,
    "IsVehicleResponsive": true
  },
  "ChargingUserPreferences": {
    "ChargingMode": "Fast",
    "PlannedDepartureTime": "2026-02-25T06:30:00Z",
    "PlannedEnergyConsumption": 100.0
  },
  "CurrentSetpoint": 16
}
2026-02-25 00:09:23 Verb  <EVT> [ConnectorLogic 2] - LastState: ChargingPausedByEv
2026-02-25 00:09:23 Verb  <EVT> [Evse 2] - Created ConnectorStatusData: {
  "ConnectorId": 2,
  "Status": "ChargingPausedByEv",
  "Current": {
    "L1": 0.0,
    "L2": 0.0,
    "L3": 0.0
  },
  "Power": {
    "L1": 0.0,
    "L2": 0.0,
    "L3": 0.0,
    "Total": 0.0
  },
  "Consumption": {
    "L1": 0.0,
    "L2": 0.0,
    "L3": 0.0,
    "Total": 33.2
  },
  "CurrentSession": {
    "StartTime": "2026-02-24T19:36:48.6309339Z",
    "ConsumedEnergy": 33.2,
    "PhaseUsedByVehicle": "L123",
    "VehicleMinCurrentA": 6.0,
    "VehicleMaxCurrentA": 15.952,
    "IsVehicleMaxCurrentKnown": true,
    "IsVehicleResponsive": true
  },
  "ChargingUserPreferences": {
    "ChargingMode": "Fast",
    "PlannedDepartureTime": "2026-02-24T22:00:00Z",
    "PlannedEnergyConsumption": 100.0
  },
  "CurrentSetpoint": 16
}
2026-02-25 00:09:24 Verb  <EVT> [ConnectorLogic 1] - LastState: Charging
2026-02-25 00:09:24 Verb  <EVT> [ConnectorLogic 1] - TargetCurrents {
  "ChargingProfiles": {
    "Current": null,
    "Unit": "A",
    "Source": "ChargingProfiles"
  },
  "SmartCluster": {
    "Current": 16,
    "Unit": "A",
    "Source": "SmartCluster"
  }
}
2026-02-25 00:09:24 Info  <EVT> [ConnectorLogic 1] - TargetCurrent from SmartCluster, current: 16
2026-02-25 00:09:24 Verb  <EVT> [ConnectorLogic 1] - Applying 16 A from SmartCluster triggered by ConnectorMaxOutput (SmartCluster)
2026-02-25 00:09:24 Verb  <EVT> [ConnectorLogic 2] - LastState: ChargingPausedByEv
2026-02-25 00:09:24 Verb  <EVT> [ConnectorLogic 1] - LastState: Charging
2026-02-25 00:09:24 Verb  <EVT> [ConnectorLogic 2] - LastState: ChargingPausedByEv
2026-02-25 00:09:25 Verb  <EVT> [ConnectorLogic 1] - LastState: Charging
2026-02-25 00:09:25 Verb  <EVT> [ConnectorLogic 2] - LastState: ChargingPausedByEv
2026-02-25 00:09:27 Verb  <EVT> [ConnectorLogic 1] - LastState: Charging
2026-02-25 00:09:27 Verb  <EVT> [ConnectorLogic 2] - LastState: ChargingPausedByEv
2026-02-25 00:09:27 Verb  <#39> [SystemMonitor] - CPU loads: 1.51 1.76 1.76
2026-02-25 00:09:28 Verb  <EVT> [ConnectorLogic 1] - LastState: Charging
2026-02-25 00:09:28 Verb  <EVT> [Evse 1] - Created ConnectorShortStatusData: {
  "ConnectorId": 1,
  "Current": {
    "L1": 15.727,
    "L2": 15.27,
    "L3": 15.124
  },
  "Power": {
    "L1": 3.706,
    "L2": 3.5833,
    "L3": 3.5765,
    "Total": 10.8659
  },
  "Consumption": {
    "L1": 0.0,
    "L2": 0.0,
    "L3": 0.0,
    "Total": 31.2
  },
  "LocalTarget": 16,
  "IsMaxCurrentKnown": true
}
2026-02-25 00:09:28 Verb  <EVT> [ConnectorLogic 2] - LastState: ChargingPausedByEv
2026-02-25 00:09:28 Verb  <EVT> [ConnectorLogic 1] - LastState: Charging
2026-02-25 00:09:28 Verb  <EVT> [ConnectorLogic 2] - LastState: ChargingPausedByEv
2026-02-25 00:09:29 Verb  <EVT> [ConnectorLogic 1] - LastState: Charging
2026-02-25 00:09:29 Verb  <EVT> [ConnectorLogic 2] - LastState: ChargingPausedByEv
2026-02-25 00:09:30 Verb  <EVT> [ConnectorLogic 1] - LastState: Charging
2026-02-25 00:09:30 Verb  <EVT> [ConnectorLogic 2] - LastState: ChargingPausedByEv
2026-02-25 00:09:31 Verb  <EVT> [ConnectorLogic 1] - LastState: Charging
2026-02-25 00:09:31 Verb  <EVT> [ConnectorLogic 2] - LastState: ChargingPausedByEv
2026-02-25 00:09:32 Verb  <EVT> [ConnectorLogic 1] - LastState: Charging
2026-02-25 00:09:32 Verb  <EVT> [ConnectorLogic 2] - LastState: ChargingPausedByEv
2026-02-25 00:09:33 Verb  <EVT> [ConnectorLogic 1] - LastState: Charging
2026-02-25 00:09:33 Verb  <EVT> [ConnectorLogic 2] - LastState: ChargingPausedByEv
2026-02-25 00:09:34 Verb  <EVT> [ConnectorLogic 1] - LastState: Charging
2026-02-25 00:09:34 Verb  <EVT> [ConnectorLogic 2] - LastState: ChargingPausedByEv
2026-02-25 00:09:35 Verb  <EVT> [ConnectorLogic 1] - LastState: Charging
2026-02-25 00:09:35 Verb  <EVT> [ConnectorLogic 2] - LastState: ChargingPausedByEv
2026-02-25 00:09:36 Verb  <EVT> [ConnectorLogic 1] - LastState: Charging
2026-02-25 00:09:36 Verb  <EVT> [ConnectorLogic 2] - LastState: ChargingPausedByEv
2026-02-25 00:09:37 Verb  <#55> [SystemMonitor] - CPU loads: 1.35 1.72 1.75
2026-02-25 00:09:37 Verb  <EVT> [ConnectorLogic 1] - LastState: Charging
2026-02-25 00:09:37 Verb  <EVT> [ConnectorLogic 2] - LastState: ChargingPausedByEv
2026-02-25 00:09:38 Verb  <EVT> [ConnectorLogic 1] - LastState: Charging
2026-02-25 00:09:38 Verb  <EVT> [ConnectorLogic 2] - LastState: ChargingPausedByEv
2026-02-25 00:09:39 Verb  <EVT> [ConnectorLogic 1] - LastState: Charging
2026-02-25 00:09:39 Verb  <EVT> [ConnectorLogic 2] - LastState: ChargingPausedByEv
2026-02-25 00:09:40 Verb  <EVT> [ConnectorLogic 1] - LastState: Charging
2026-02-25 00:09:40 Verb  <EVT> [ConnectorLogic 2] - LastState: ChargingPausedByEv
2026-02-25 00:09:41 Verb  <EVT> [ConnectorLogic 1] - LastState: Charging
2026-02-25 00:09:41 Verb  <EVT> [ConnectorLogic 2] - LastState: ChargingPausedByEv
2026-02-25 00:09:42 Verb  <EVT> [ConnectorLogic 1] - LastState: Charging
2026-02-25 00:09:42 Verb  <EVT> [ConnectorLogic 2] - LastState: ChargingPausedByEv
2026-02-25 00:09:43 Verb  <EVT> [ConnectorLogic 1] - LastState: Charging
2026-02-25 00:09:43 Verb  <EVT> [ConnectorLogic 2] - LastState: ChargingPausedByEv
2026-02-25 00:09:44 Verb  <EVT> [ConnectorLogic 1] - LastState: Charging
2026-02-25 00:09:44 Verb  <EVT> [ConnectorLogic 2] - LastState: ChargingPausedByEv
2026-02-25 00:09:45 Verb  <EVT> [ConnectorLogic 1] - LastState: Charging
2026-02-25 00:09:45 Verb  <EVT> [ConnectorLogic 2] - LastState: ChargingPausedByEv
2026-02-25 00:09:46 Verb  <EVT> [ConnectorLogic 1] - LastState: Charging
2026-02-25 00:09:46 Verb  <EVT> [ConnectorLogic 2] - LastState: ChargingPausedByEv
2026-02-25 00:09:47 Verb  <#39> [SystemMonitor] - CPU loads: 1.53 1.75 1.75
2026-02-25 00:09:47 Verb  <EVT> [ConnectorLogic 1] - LastState: Charging
2026-02-25 00:09:47 Verb  <EVT> [ConnectorLogic 2] - LastState: ChargingPausedByEv
2026-02-25 00:09:48 Verb  <EVT> [ConnectorLogic 1] - LastState: Charging
2026-02-25 00:09:48 Verb  <EVT> [ConnectorLogic 2] - LastState: ChargingPausedByEv
2026-02-25 00:09:48 Warn  <#33> [AfeEnergyMeter] - Cannot read temperature from AFE: Could not find file '/sys/bus/spi/drivers/afe_at90e36/spi1.1/Temp'.
2026-02-25 00:09:48 Error <#33> [EnergyMeterService evse2] - SendMeasurements - Temperature: could not read value (AfeSystemFault)
2026-02-25 00:09:49 Verb  <#33> [OcppClient] - Sent: [2,"19e5","MeterValues",{"connectorId":2,"meterValue":[{"timestamp":"2026-02-25T00:09:48.74Z","sampledValue":[{"value":"0","context":"Sample.Periodic","measurand":"Current.Import","phase":"L1","unit":"A"},{"value":"0","context":"Sample.Periodic","measurand":"Current.Import","phase":"L2","unit":"A"},{"value":"0","context":"Sample.Periodic","measurand":"Current.Import","phase":"L3","unit":"A"},{"value":"35855.8","context":"Sample.Periodic","measurand":"Energy.Active.Import.Register","unit":"kWh"},{"value":"49.98","context":"Sample.Periodic","measurand":"Frequency"},{"value":"0","context":"Sample.Periodic","measurand":"Power.Active.Import","phase":"L1","unit":"kW"},{"value":"0","context":"Sample.Periodic","measurand":"Power.Active.Import","phase":"L2","unit":"kW"},{"value":"0","context":"Sample.Periodic","measurand":"Power.Active.Import","phase":"L3","unit":"kW"},{"value":"0","context":"Sample.Periodic","measurand":"Power.Active.Import","unit":"kW"},{"value":"-1","context":"Sample.Periodic","measurand":"Power.Factor"},{"value":"236.1","context":"Sample.Periodic","measurand":"Voltage","phase":"L1","unit":"V"},{"value":"236.3","context":"Sample.Periodic","measurand":"Voltage","phase":"L2","unit":"V"},{"value":"235.2","context":"Sample.Periodic","measurand":"Voltage","phase":"L3","unit":"V"},{"value":"16","context":"Sample.Periodic","measurand":"Current.Offered","unit":"A"}]}],"transactionId":2027725}]
2026-02-25 00:09:49 Verb  <EVT> [ConnectorLogic 1] - LastState: Charging
2026-02-25 00:09:49 Verb  <EVT> [ConnectorLogic 2] - LastState: ChargingPausedByEv
2026-02-25 00:09:49 Verb  <#33> [OcppClient] - Received: [3,"19e5",{}]
2026-02-25 00:09:49 Verb  <CommHandler first queue> [OcppMessageSender] - OcppMessageSender received response 
OcppAction: MeterValues
OcppMessage response: {}
2026-02-25 00:09:51 Verb  <EVT> [ConnectorLogic 1] - LastState: Charging
2026-02-25 00:09:51 Verb  <EVT> [ConnectorLogic 2] - LastState: ChargingPausedByEv
2026-02-25 00:09:51 Info  <#39> [AfeEnergyMeter] - Calibrating AFE at 1.1
2026-02-25 00:09:51 Warn  <#39> [AfeEnergyMeter] - Cannot read temperature from AFE: Could not find file '/sys/bus/spi/drivers/afe_at90e36/spi1.1/Temp'.
2026-02-25 00:09:51 Error <#39> [EnergyMeterService evse1] - SendMeasurements - Temperature: could not read value (AfeSystemFault)
2026-02-25 00:09:51 Verb  <#39> [OcppClient] - Sent: [2,"19e6","MeterValues",{"connectorId":1,"meterValue":[{"timestamp":"2026-02-25T00:09:49.88Z","sampledValue":[{"value":"15.731","context":"Sample.Periodic","measurand":"Current.Import","phase":"L1","unit":"A"},{"value":"15.264","context":"Sample.Periodic","measurand":"Current.Import","phase":"L2","unit":"A"},{"value":"15.164","context":"Sample.Periodic","measurand":"Current.Import","phase":"L3","unit":"A"},{"value":"24361.9","context":"Sample.Periodic","measurand":"Energy.Active.Import.Register","unit":"kWh"},{"value":"49.98","context":"Sample.Periodic","measurand":"Frequency"},{"value":"3.7077","context":"Sample.Periodic","measurand":"Power.Active.Import","phase":"L1","unit":"kW"},{"value":"3.5793998","context":"Sample.Periodic","measurand":"Power.Active.Import","phase":"L2","unit":"kW"},{"value":"3.5787","context":"Sample.Periodic","measurand":"Power.Active.Import","phase":"L3","unit":"kW"},{"value":"10.8658","context":"Sample.Periodic","measurand":"Power.Active.Import","unit":"kW"},{"value":"0.9972","context":"Sample.Periodic","measurand":"Power.Factor"},{"value":"236.6","context":"Sample.Periodic","measurand":"Voltage","phase":"L1","unit":"V"},{"value":"235","context":"Sample.Periodic","measurand":"Voltage","phase":"L2","unit":"V"},{"value":"236.6","context":"Sample.Periodic","measurand":"Voltage","phase":"L3","unit":"V"},{"value":"16","context":"Sample.Periodic","measurand":"Current.Offered","unit":"A"}]}],"transactionId":2027882}]
2026-02-25 00:09:51 Verb  <EVT> [ConnectorLogic 1] - LastState: Charging
2026-02-25 00:09:51 Verb  <EVT> [ConnectorLogic 2] - LastState: ChargingPausedByEv
2026-02-25 00:09:52 Verb  <#39> [OcppClient] - Received: [3,"19e6",{}]
2026-02-25 00:09:52 Verb  <CommHandler first queue> [OcppMessageSender] - OcppMessageSender received response 
OcppAction: MeterValues
OcppMessage response: {}
2026-02-25 00:09:52 Verb  <EVT> [ConnectorLogic 1] - LastState: Charging
2026-02-25 00:09:52 Verb  <EVT> [ConnectorLogic 2] - LastState: ChargingPausedByEv
2026-02-25 00:09:53 Verb  <EVT> [ConnectorLogic 1] - LastState: Charging
2026-02-25 00:09:53 Verb  <EVT> [ConnectorLogic 2] - LastState: ChargingPausedByEv
2026-02-25 00:09:53 Verb  <EVT> [ConnectorLogic 1] - LastState: Charging
2026-02-25 00:09:53 Verb  <EVT> [Evse 1] - Created ConnectorStatusData: {
  "ConnectorId": 1,
  "Status": "Charging",
  "Current": {
    "L1": 15.724,
    "L2": 15.269,
    "L3": 15.147
  },
  "Power": {
    "L1": 3.7051,
    "L2": 3.5851998,
    "L3": 3.5758,
    "Total": 10.8662
  },
  "Consumption": {
    "L1": 0.0,
    "L2": 0.0,
    "L3": 0.0,
    "Total": 31.2
  },
  "CurrentSession": {
    "StartTime": "2026-02-24T20:49:51.0918872Z",
    "ConsumedEnergy": 31.2,
    "PhaseUsedByVehicle": "L123",
    "VehicleMinCurrentA": 6.0,
    "VehicleMaxCurrentA": 15.824,
    "IsVehicleMaxCurrentKnown": true,
    "IsVehicleResponsive": true
  },
  "ChargingUserPreferences": {
    "ChargingMode": "Fast",
    "PlannedDepartureTime": "2026-02-25T06:30:00Z",
    "PlannedEnergyConsumption": 100.0
  },
  "CurrentSetpoint": 16
}
2026-02-25 00:09:53 Verb  <EVT> [ConnectorLogic 2] - LastState: ChargingPausedByEv
2026-02-25 00:09:53 Verb  <EVT> [Evse 2] - Created ConnectorStatusData: {
  "ConnectorId": 2,
  "Status": "ChargingPausedByEv",
  "Current": {
    "L1": 0.0,
    "L2": 0.0,
    "L3": 0.0
  },
  "Power": {
    "L1": 0.0,
    "L2": 0.0,
    "L3": 0.0,
    "Total": 0.0
  },
  "Consumption": {
    "L1": 0.0,
    "L2": 0.0,
    "L3": 0.0,
    "Total": 33.2
  },
  "CurrentSession": {
    "StartTime": "2026-02-24T19:36:48.6309339Z",
    "ConsumedEnergy": 33.2,
    "PhaseUsedByVehicle": "L123",
    "VehicleMinCurrentA": 6.0,
    "VehicleMaxCurrentA": 15.952,
    "IsVehicleMaxCurrentKnown": true,
    "IsVehicleResponsive": true
  },
  "ChargingUserPreferences": {
    "ChargingMode": "Fast",
    "PlannedDepartureTime": "2026-02-24T22:00:00Z",
    "PlannedEnergyConsumption": 100.0
  },
  "CurrentSetpoint": 16
}
2026-02-25 00:09:54 Verb  <EVT> [ConnectorLogic 1] - LastState: Charging
2026-02-25 00:09:54 Verb  <EVT> [ConnectorLogic 1] - TargetCurrents {
  "ChargingProfiles": {
    "Current": null,
    "Unit": "A",
    "Source": "ChargingProfiles"
  },
  "SmartCluster": {
    "Current": 16,
    "Unit": "A",
    "Source": "SmartCluster"
  }
}
2026-02-25 00:09:54 Info  <EVT> [ConnectorLogic 1] - TargetCurrent from SmartCluster, current: 16
2026-02-25 00:09:54 Verb  <EVT> [ConnectorLogic 1] - Applying 16 A from SmartCluster triggered by ConnectorMaxOutput (SmartCluster)
2026-02-25 00:09:54 Verb  <EVT> [ConnectorLogic 2] - LastState: ChargingPausedByEv
2026-02-25 00:09:54 Verb  <EVT> [ConnectorLogic 1] - LastState: Charging
2026-02-25 00:09:54 Verb  <EVT> [ConnectorLogic 2] - LastState: ChargingPausedByEv
2026-02-25 00:09:55 Verb  <EVT> [ConnectorLogic 1] - LastState: Charging
2026-02-25 00:09:55 Verb  <EVT> [ConnectorLogic 2] - LastState: ChargingPausedByEv
2026-02-25 00:09:56 Verb  <EVT> [ConnectorLogic 1] - LastState: Charging
2026-02-25 00:09:56 Verb  <EVT> [ConnectorLogic 2] - LastState: ChargingPausedByEv
2026-02-25 00:09:57 Verb  <#39> [SystemMonitor] - CPU loads: 1.67 1.77 1.76
2026-02-25 00:09:57 Verb  <EVT> [ConnectorLogic 1] - LastState: Charging
2026-02-25 00:09:57 Verb  <EVT> [ConnectorLogic 2] - LastState: ChargingPausedByEv
2026-02-25 00:09:59 Verb  <EVT> [ConnectorLogic 1] - LastState: Charging
2026-02-25 00:09:59 Verb  <EVT> [ConnectorLogic 2] - LastState: ChargingPausedByEv
2026-02-25 00:10:00 Verb  <EVT> [ConnectorLogic 1] - LastState: Charging
2026-02-25 00:10:06 Verb  <EVT> [Evse 1] - Created ConnectorShortStatusData: {
  "ConnectorId": 1,
  "Current": {
    "L1": 15.701,
    "L2": 15.271,
    "L3": 15.157
  },
  "Power": {
    "L1": 3.7033,
    "L2": 3.5865,
    "L3": 3.5769,
    "Total": 10.8669
  },
  "Consumption": {
    "L1": 0.0,
    "L2": 0.0,
    "L3": 0.0,
    "Total": 31.3
  },
  "LocalTarget": 16,
  "IsMaxCurrentKnown": true
}
2026-02-25 00:10:06 Verb  <EVT> [ConnectorLogic 2] - LastState: ChargingPausedByEv
2026-02-25 00:10:06 Verb  <EVT> [ConnectorLogic 1] - LastState: Charging
2026-02-25 00:10:06 Verb  <EVT> [ConnectorLogic 2] - LastState: ChargingPausedByEv
2026-02-25 00:10:06 Verb  <EVT> [ConnectorLogic 1] - LastState: Charging
2026-02-25 00:10:06 Verb  <EVT> [ConnectorLogic 2] - LastState: ChargingPausedByEv
2026-02-25 00:10:06 Verb  <EVT> [ConnectorLogic 1] - LastState: Charging
2026-02-25 00:10:06 Verb  <EVT> [ConnectorLogic 2] - LastState: ChargingPausedByEv
2026-02-25 00:10:06 Verb  <EVT> [ConnectorLogic 1] - LastState: Charging
2026-02-25 00:10:06 Verb  <EVT> [ConnectorLogic 2] - LastState: ChargingPausedByEv
2026-02-25 00:10:06 Verb  <EVT> [ConnectorLogic 1] - LastState: Charging
2026-02-25 00:10:06 Verb  <EVT> [ConnectorLogic 2] - LastState: ChargingPausedByEv
2026-02-25 00:10:06 Verb  <EVT> [ConnectorLogic 1] - LastState: Charging
2026-02-25 00:10:06 Verb  <EVT> [ConnectorLogic 2] - LastState: ChargingPausedByEv
2026-02-25 00:10:06 Verb  <EVT> [ConnectorLogic 1] - LastState: Charging
2026-02-25 00:10:06 Verb  <EVT> [ConnectorLogic 2] - LastState: ChargingPausedByEv
2026-02-25 00:10:07 Verb  <#72> [SystemMonitor] - CPU loads: 1.56 1.74 1.75
2026-02-25 00:10:07 Verb  <EVT> [ConnectorLogic 1] - LastState: Charging
2026-02-25 00:10:07 Verb  <EVT> [ConnectorLogic 2] - LastState: ChargingPausedByEv
2026-02-25 00:10:08 Verb  <EVT> [ConnectorLogic 1] - LastState: Charging
2026-02-25 00:10:08 Verb  <EVT> [ConnectorLogic 2] - LastState: ChargingPausedByEv
2026-02-25 00:10:09 Verb  <EVT> [ConnectorLogic 1] - LastState: Charging
2026-02-25 00:10:09 Verb  <EVT> [ConnectorLogic 2] - LastState: ChargingPausedByEv
2026-02-25 00:10:10 Verb  <EVT> [ConnectorLogic 1] - LastState: Charging
2026-02-25 00:10:10 Verb  <EVT> [ConnectorLogic 2] - LastState: ChargingPausedByEv
2026-02-25 00:10:11 Verb  <EVT> [ConnectorLogic 1] - LastState: Charging
2026-02-25 00:10:11 Verb  <EVT> [ConnectorLogic 2] - LastState: ChargingPausedByEv
2026-02-25 00:10:12 Verb  <EVT> [ConnectorLogic 1] - LastState: Charging
2026-02-25 00:10:12 Verb  <EVT> [ConnectorLogic 2] - LastState: ChargingPausedByEv
2026-02-25 00:10:13 Verb  <EVT> [ConnectorLogic 1] - LastState: Charging
2026-02-25 00:10:13 Verb  <EVT> [ConnectorLogic 2] - LastState: ChargingPausedByEv
2026-02-25 00:10:14 Verb  <EVT> [ConnectorLogic 1] - LastState: Charging
2026-02-25 00:10:14 Verb  <EVT> [ConnectorLogic 2] - LastState: ChargingPausedByEv
2026-02-25 00:10:15 Verb  <EVT> [ConnectorLogic 1] - LastState: Charging
2026-02-25 00:10:15 Verb  <EVT> [ConnectorLogic 2] - LastState: ChargingPausedByEv
2026-02-25 00:10:16 Verb  <EVT> [ConnectorLogic 1] - LastState: Charging
2026-02-25 00:10:16 Verb  <EVT> [ConnectorLogic 2] - LastState: ChargingPausedByEv
2026-02-25 00:10:17 Verb  <#31> [SystemMonitor] - CPU loads: 1.55 1.74 1.75
2026-02-25 00:10:17 Verb  <EVT> [ConnectorLogic 1] - LastState: Charging
2026-02-25 00:10:17 Verb  <EVT> [ConnectorLogic 2] - LastState: ChargingPausedByEv
2026-02-25 00:10:18 Verb  <EVT> [ConnectorLogic 1] - LastState: Charging
2026-02-25 00:10:18 Verb  <EVT> [ConnectorLogic 2] - LastState: ChargingPausedByEv
2026-02-25 00:10:19 Verb  <EVT> [ConnectorLogic 1] - LastState: Charging
2026-02-25 00:10:19 Verb  <EVT> [ConnectorLogic 2] - LastState: ChargingPausedByEv
2026-02-25 00:10:20 Verb  <EVT> [ConnectorLogic 1] - LastState: Charging
2026-02-25 00:10:20 Verb  <EVT> [ConnectorLogic 2] - LastState: ChargingPausedByEv
2026-02-25 00:10:21 Verb  <EVT> [ConnectorLogic 1] - LastState: Charging
2026-02-25 00:10:21 Verb  <EVT> [ConnectorLogic 2] - LastState: ChargingPausedByEv
2026-02-25 00:10:22 Verb  <EVT> [ConnectorLogic 1] - LastState: Charging
2026-02-25 00:10:22 Verb  <EVT> [ConnectorLogic 2] - LastState: ChargingPausedByEv
2026-02-25 00:10:23 Verb  <EVT> [ConnectorLogic 1] - LastState: Charging
2026-02-25 00:10:23 Verb  <EVT> [ConnectorLogic 2] - LastState: ChargingPausedByEv
2026-02-25 00:10:23 Verb  <EVT> [ConnectorLogic 1] - LastState: Charging
2026-02-25 00:10:23 Verb  <EVT> [Evse 1] - Created ConnectorStatusData: {
  "ConnectorId": 1,
  "Status": "Charging",
  "Current": {
    "L1": 15.708,
    "L2": 15.27,
    "L3": 15.196
  },
  "Power": {
    "L1": 3.7001002,
    "L2": 3.5853,
    "L3": 3.5849,
    "Total": 10.8704
  },
  "Consumption": {
    "L1": 0.0,
    "L2": 0.0,
    "L3": 0.0,
    "Total": 31.3
  },
  "CurrentSession": {
    "StartTime": "2026-02-24T20:49:51.0918872Z",
    "ConsumedEnergy": 31.3,
    "PhaseUsedByVehicle": "L123",
    "VehicleMinCurrentA": 6.0,
    "VehicleMaxCurrentA": 15.824,
    "IsVehicleMaxCurrentKnown": true,
    "IsVehicleResponsive": true
  },
  "ChargingUserPreferences": {
    "ChargingMode": "Fast",
    "PlannedDepartureTime": "2026-02-25T06:30:00Z",
    "PlannedEnergyConsumption": 100.0
  },
  "CurrentSetpoint": 16
}
2026-02-25 00:10:23 Verb  <EVT> [ConnectorLogic 2] - LastState: ChargingPausedByEv
2026-02-25 00:10:23 Verb  <EVT> [Evse 2] - Created ConnectorStatusData: {
  "ConnectorId": 2,
  "Status": "ChargingPausedByEv",
  "Current": {
    "L1": 0.0,
    "L2": 0.0,
    "L3": 0.0
  },
  "Power": {
    "L1": 0.0,
    "L2": 0.0,
    "L3": 0.0,
    "Total": 0.0
  },
  "Consumption": {
    "L1": 0.0,
    "L2": 0.0,
    "L3": 0.0,
    "Total": 33.2
  },
  "CurrentSession": {
    "StartTime": "2026-02-24T19:36:48.6309339Z",
    "ConsumedEnergy": 33.2,
    "PhaseUsedByVehicle": "L123",
    "VehicleMinCurrentA": 6.0,
    "VehicleMaxCurrentA": 15.952,
    "IsVehicleMaxCurrentKnown": true,
    "IsVehicleResponsive": true
  },
  "ChargingUserPreferences": {
    "ChargingMode": "Fast",
    "PlannedDepartureTime": "2026-02-24T22:00:00Z",
    "PlannedEnergyConsumption": 100.0
  },
  "CurrentSetpoint": 16
}
2026-02-25 00:10:24 Verb  <EVT> [ConnectorLogic 1] - LastState: Charging
2026-02-25 00:10:24 Verb  <EVT> [ConnectorLogic 1] - TargetCurrents {
  "ChargingProfiles": {
    "Current": null,
    "Unit": "A",
    "Source": "ChargingProfiles"
  },
  "SmartCluster": {
    "Current": 16,
    "Unit": "A",
    "Source": "SmartCluster"
  }
}
2026-02-25 00:10:24 Info  <EVT> [ConnectorLogic 1] - TargetCurrent from SmartCluster, current: 16
2026-02-25 00:10:24 Verb  <EVT> [ConnectorLogic 1] - Applying 16 A from SmartCluster triggered by ConnectorMaxOutput (SmartCluster)
2026-02-25 00:10:24 Verb  <EVT> [ConnectorLogic 2] - LastState: ChargingPausedByEv
2026-02-25 00:10:24 Verb  <EVT> [ConnectorLogic 1] - LastState: Charging
2026-02-25 00:10:24 Verb  <EVT> [ConnectorLogic 2] - LastState: ChargingPausedByEv
2026-02-25 00:10:25 Verb  <EVT> [ConnectorLogic 1] - LastState: Charging
2026-02-25 00:10:25 Verb  <EVT> [ConnectorLogic 2] - LastState: ChargingPausedByEv
2026-02-25 00:10:26 Verb  <EVT> [ConnectorLogic 1] - LastState: Charging
2026-02-25 00:10:26 Verb  <EVT> [ConnectorLogic 2] - LastState: ChargingPausedByEv
2026-02-25 00:10:27 Verb  <#54> [SystemMonitor] - CPU loads: 1.61 1.74 1.75
2026-02-25 00:10:27 Verb  <EVT> [ConnectorLogic 1] - LastState: Charging
2026-02-25 00:10:27 Verb  <EVT> [ConnectorLogic 2] - LastState: ChargingPausedByEv
2026-02-25 00:10:28 Verb  <EVT> [ConnectorLogic 1] - LastState: Charging
2026-02-25 00:10:28 Verb  <EVT> [ConnectorLogic 2] - LastState: ChargingPausedByEv
2026-02-25 00:10:29 Verb  <EVT> [ConnectorLogic 1] - LastState: Charging
2026-02-25 00:10:29 Verb  <EVT> [ConnectorLogic 2] - LastState: ChargingPausedByEv
2026-02-25 00:10:30 Verb  <EVT> [ConnectorLogic 1] - LastState: Charging
2026-02-25 00:10:30 Verb  <EVT> [ConnectorLogic 2] - LastState: ChargingPausedByEv
2026-02-25 00:10:31 Verb  <EVT> [ConnectorLogic 1] - LastState: Charging
2026-02-25 00:10:32 Verb  <EVT> [ConnectorLogic 2] - LastState: ChargingPausedByEv
2026-02-25 00:10:32 Verb  <EVT> [ConnectorLogic 1] - LastState: Charging
2026-02-25 00:10:32 Verb  <EVT> [ConnectorLogic 2] - LastState: ChargingPausedByEv
2026-02-25 00:10:33 Verb  <EVT> [ConnectorLogic 1] - LastState: Charging
2026-02-25 00:10:33 Verb  <EVT> [ConnectorLogic 2] - LastState: ChargingPausedByEv
2026-02-25 00:10:34 Verb  <EVT> [ConnectorLogic 1] - LastState: Charging
2026-02-25 00:10:34 Verb  <EVT> [ConnectorLogic 2] - LastState: ChargingPausedByEv
2026-02-25 00:10:35 Verb  <EVT> [ConnectorLogic 1] - LastState: Charging
2026-02-25 00:10:35 Verb  <EVT> [Evse 1] - Created ConnectorShortStatusData: {
  "ConnectorId": 1,
  "Current": {
    "L1": 15.77,
    "L2": 15.3,
    "L3": 15.222
  },
  "Power": {
    "L1": 3.7018,
    "L2": 3.588,
    "L3": 3.5858,
    "Total": 10.8756
  },
  "Consumption": {
    "L1": 0.0,
    "L2": 0.0,
    "L3": 0.0,
    "Total": 31.4
  },
  "LocalTarget": 16,
  "IsMaxCurrentKnown": true
}
2026-02-25 00:10:35 Verb  <EVT> [ConnectorLogic 2] - LastState: ChargingPausedByEv
2026-02-25 00:10:36 Verb  <EVT> [ConnectorLogic 1] - LastState: Charging
2026-02-25 00:10:36 Verb  <EVT> [ConnectorLogic 2] - LastState: ChargingPausedByEv
2026-02-25 00:10:37 Verb  <#72> [SystemMonitor] - CPU loads: 1.76 1.77 1.76
2026-02-25 00:10:37 Verb  <EVT> [ConnectorLogic 1] - LastState: Charging
2026-02-25 00:10:37 Verb  <EVT> [ConnectorLogic 2] - LastState: ChargingPausedByEv
2026-02-25 00:10:39 Verb  <EVT> [ConnectorLogic 1] - LastState: Charging
2026-02-25 00:10:39 Verb  <EVT> [ConnectorLogic 2] - LastState: ChargingPausedByEv
2026-02-25 00:10:39 Verb  <EVT> [ConnectorLogic 1] - LastState: Charging
2026-02-25 00:10:39 Verb  <EVT> [ConnectorLogic 2] - LastState: ChargingPausedByEv
2026-02-25 00:10:40 Verb  <EVT> [ConnectorLogic 1] - LastState: Charging
2026-02-25 00:10:40 Verb  <EVT> [ConnectorLogic 2] - LastState: ChargingPausedByEv
2026-02-25 00:10:41 Verb  <EVT> [ConnectorLogic 1] - LastState: Charging
2026-02-25 00:10:41 Verb  <EVT> [ConnectorLogic 2] - LastState: ChargingPausedByEv
2026-02-25 00:10:42 Verb  <EVT> [ConnectorLogic 1] - LastState: Charging
2026-02-25 00:10:42 Verb  <EVT> [ConnectorLogic 2] - LastState: ChargingPausedByEv
2026-02-25 00:10:43 Verb  <EVT> [ConnectorLogic 1] - LastState: Charging
2026-02-25 00:10:43 Verb  <EVT> [ConnectorLogic 2] - LastState: ChargingPausedByEv
2026-02-25 00:10:44 Verb  <EVT> [ConnectorLogic 1] - LastState: Charging
2026-02-25 00:10:44 Verb  <EVT> [ConnectorLogic 2] - LastState: ChargingPausedByEv
2026-02-25 00:10:45 Verb  <EVT> [ConnectorLogic 1] - LastState: Charging
2026-02-25 00:10:45 Verb  <EVT> [ConnectorLogic 2] - LastState: ChargingPausedByEv
2026-02-25 00:10:46 Verb  <EVT> [ConnectorLogic 1] - LastState: Charging
2026-02-25 00:10:46 Verb  <EVT> [ConnectorLogic 2] - LastState: ChargingPausedByEv
2026-02-25 00:10:47 Verb  <#47> [SystemMonitor] - CPU loads: 1.65 1.74 1.75
2026-02-25 00:10:47 Verb  <EVT> [ConnectorLogic 1] - LastState: Charging
2026-02-25 00:10:47 Verb  <EVT> [ConnectorLogic 2] - LastState: ChargingPausedByEv
2026-02-25 00:10:48 Verb  <EVT> [ConnectorLogic 1] - LastState: Charging
2026-02-25 00:10:48 Verb  <EVT> [ConnectorLogic 2] - LastState: ChargingPausedByEv
2026-02-25 00:10:48 Warn  <#72> [AfeEnergyMeter] - Cannot read temperature from AFE: Could not find file '/sys/bus/spi/drivers/afe_at90e36/spi1.1/Temp'.
2026-02-25 00:10:48 Error <#72> [EnergyMeterService evse2] - SendMeasurements - Temperature: could not read value (AfeSystemFault)
2026-02-25 00:10:48 Verb  <#72> [OcppClient] - Sent: [2,"19e7","MeterValues",{"connectorId":2,"meterValue":[{"timestamp":"2026-02-25T00:10:47.782Z","sampledValue":[{"value":"0","context":"Sample.Periodic","measurand":"Current.Import","phase":"L1","unit":"A"},{"value":"0","context":"Sample.Periodic","measurand":"Current.Import","phase":"L2","unit":"A"},{"value":"0","context":"Sample.Periodic","measurand":"Current.Import","phase":"L3","unit":"A"},{"value":"35855.8","context":"Sample.Periodic","measurand":"Energy.Active.Import.Register","unit":"kWh"},{"value":"49.98","context":"Sample.Periodic","measurand":"Frequency"},{"value":"0","context":"Sample.Periodic","measurand":"Power.Active.Import","phase":"L1","unit":"kW"},{"value":"0","context":"Sample.Periodic","measurand":"Power.Active.Import","phase":"L2","unit":"kW"},{"value":"0","context":"Sample.Periodic","measurand":"Power.Active.Import","phase":"L3","unit":"kW"},{"value":"0","context":"Sample.Periodic","measurand":"Power.Active.Import","unit":"kW"},{"value":"-1","context":"Sample.Periodic","measurand":"Power.Factor"},{"value":"236.2","context":"Sample.Periodic","measurand":"Voltage","phase":"L1","unit":"V"},{"value":"236.2","context":"Sample.Periodic","measurand":"Voltage","phase":"L2","unit":"V"},{"value":"235.5","context":"Sample.Periodic","measurand":"Voltage","phase":"L3","unit":"V"},{"value":"16","context":"Sample.Periodic","measurand":"Current.Offered","unit":"A"}]}],"transactionId":2027725}]
2026-02-25 00:10:49 Verb  <EVT> [ConnectorLogic 1] - LastState: Charging
2026-02-25 00:10:49 Verb  <EVT> [ConnectorLogic 2] - LastState: ChargingPausedByEv
2026-02-25 00:10:49 Verb  <#47> [OcppClient] - Received: [3,"19e7",{}]
2026-02-25 00:10:49 Verb  <CommHandler first queue> [OcppMessageSender] - OcppMessageSender received response 
OcppAction: MeterValues
OcppMessage response: {}
2026-02-25 00:10:50 Verb  <EVT> [ConnectorLogic 1] - LastState: Charging
2026-02-25 00:10:50 Verb  <EVT> [ConnectorLogic 2] - LastState: ChargingPausedByEv
2026-02-25 00:10:51 Verb  <EVT> [ConnectorLogic 1] - LastState: Charging
2026-02-25 00:10:51 Verb  <EVT> [ConnectorLogic 2] - LastState: ChargingPausedByEv
2026-02-25 00:10:51 Info  <#47> [AfeEnergyMeter] - Calibrating AFE at 1.1
2026-02-25 00:10:51 Warn  <#47> [AfeEnergyMeter] - Cannot read temperature from AFE: Could not find file '/sys/bus/spi/drivers/afe_at90e36/spi1.1/Temp'.
2026-02-25 00:10:51 Error <#47> [EnergyMeterService evse1] - SendMeasurements - Temperature: could not read value (AfeSystemFault)
2026-02-25 00:10:51 Verb  <#47> [OcppClient] - Sent: [2,"19e8","MeterValues",{"connectorId":1,"meterValue":[{"timestamp":"2026-02-25T00:10:50.965Z","sampledValue":[{"value":"15.712","context":"Sample.Periodic","measurand":"Current.Import","phase":"L1","unit":"A"},{"value":"15.3","context":"Sample.Periodic","measurand":"Current.Import","phase":"L2","unit":"A"},{"value":"15.198","context":"Sample.Periodic","measurand":"Current.Import","phase":"L3","unit":"A"},{"value":"24362.1","context":"Sample.Periodic","measurand":"Energy.Active.Import.Register","unit":"kWh"},{"value":"49.99","context":"Sample.Periodic","measurand":"Frequency"},{"value":"3.6965","context":"Sample.Periodic","measurand":"Power.Active.Import","phase":"L1","unit":"kW"},{"value":"3.5909","context":"Sample.Periodic","measurand":"Power.Active.Import","phase":"L2","unit":"kW"},{"value":"3.5881999","context":"Sample.Periodic","measurand":"Power.Active.Import","phase":"L3","unit":"kW"},{"value":"10.875401","context":"Sample.Periodic","measurand":"Power.Active.Import","unit":"kW"},{"value":"0.9973","context":"Sample.Periodic","measurand":"Power.Factor"},{"value":"236.1","context":"Sample.Periodic","measurand":"Voltage","phase":"L1","unit":"V"},{"value":"235.1","context":"Sample.Periodic","measurand":"Voltage","phase":"L2","unit":"V"},{"value":"236.6","context":"Sample.Periodic","measurand":"Voltage","phase":"L3","unit":"V"},{"value":"16","context":"Sample.Periodic","measurand":"Current.Offered","unit":"A"}]}],"transactionId":2027882}]
2026-02-25 00:10:52 Verb  <#47> [OcppClient] - Received: [3,"19e8",{}]
2026-02-25 00:10:52 Verb  <CommHandler first queue> [OcppMessageSender] - OcppMessageSender received response 
OcppAction: MeterValues
OcppMessage response: {}
2026-02-25 00:10:52 Verb  <EVT> [ConnectorLogic 1] - LastState: Charging
2026-02-25 00:10:52 Verb  <EVT> [ConnectorLogic 2] - LastState: ChargingPausedByEv
2026-02-25 00:10:53 Verb  <EVT> [ConnectorLogic 1] - LastState: Charging
2026-02-25 00:10:53 Verb  <EVT> [ConnectorLogic 2] - LastState: ChargingPausedByEv
2026-02-25 00:10:53 Verb  <EVT> [ConnectorLogic 1] - LastState: Charging
2026-02-25 00:10:53 Verb  <EVT> [Evse 1] - Created ConnectorStatusData: {
  "ConnectorId": 1,
  "Status": "Charging",
  "Current": {
    "L1": 15.711,
    "L2": 15.303,
    "L3": 15.2
  },
  "Power": {
    "L1": 3.6966999,
    "L2": 3.5926,
    "L3": 3.5881999,
    "Total": 10.8773
  },
  "Consumption": {
    "L1": 0.0,
    "L2": 0.0,
    "L3": 0.0,
    "Total": 31.4
  },
  "CurrentSession": {
    "StartTime": "2026-02-24T20:49:51.0918872Z",
    "ConsumedEnergy": 31.4,
    "PhaseUsedByVehicle": "L123",
    "VehicleMinCurrentA": 6.0,
    "VehicleMaxCurrentA": 15.824,
    "IsVehicleMaxCurrentKnown": true,
    "IsVehicleResponsive": true
  },
  "ChargingUserPreferences": {
    "ChargingMode": "Fast",
    "PlannedDepartureTime": "2026-02-25T06:30:00Z",
    "PlannedEnergyConsumption": 100.0
  },
  "CurrentSetpoint": 16
}
2026-02-25 00:10:53 Verb  <EVT> [ConnectorLogic 2] - LastState: ChargingPausedByEv
2026-02-25 00:10:53 Verb  <EVT> [Evse 2] - Created ConnectorStatusData: {
  "ConnectorId": 2,
  "Status": "ChargingPausedByEv",
  "Current": {
    "L1": 0.0,
    "L2": 0.0,
    "L3": 0.0
  },
  "Power": {
    "L1": 0.0,
    "L2": 0.0,
    "L3": 0.0,
    "Total": 0.0
  },
  "Consumption": {
    "L1": 0.0,
    "L2": 0.0,
    "L3": 0.0,
    "Total": 33.2
  },
  "CurrentSession": {
    "StartTime": "2026-02-24T19:36:48.6309339Z",
    "ConsumedEnergy": 33.2,
    "PhaseUsedByVehicle": "L123",
    "VehicleMinCurrentA": 6.0,
    "VehicleMaxCurrentA": 15.952,
    "IsVehicleMaxCurrentKnown": true,
    "IsVehicleResponsive": true
  },
  "ChargingUserPreferences": {
    "ChargingMode": "Fast",
    "PlannedDepartureTime": "2026-02-24T22:00:00Z",
    "PlannedEnergyConsumption": 100.0
  },
  "CurrentSetpoint": 16
}
2026-02-25 00:10:54 Verb  <EVT> [ConnectorLogic 1] - LastState: Charging
2026-02-25 00:10:54 Verb  <EVT> [ConnectorLogic 1] - TargetCurrents {
  "ChargingProfiles": {
    "Current": null,
    "Unit": "A",
    "Source": "ChargingProfiles"
  },
  "SmartCluster": {
    "Current": 16,
    "Unit": "A",
    "Source": "SmartCluster"
  }
}
2026-02-25 00:10:54 Info  <EVT> [ConnectorLogic 1] - TargetCurrent from SmartCluster, current: 16
2026-02-25 00:10:54 Verb  <EVT> [ConnectorLogic 1] - Applying 16 A from SmartCluster triggered by ConnectorMaxOutput (SmartCluster)
2026-02-25 00:10:54 Verb  <EVT> [ConnectorLogic 2] - LastState: ChargingPausedByEv
2026-02-25 00:10:54 Verb  <EVT> [ConnectorLogic 1] - LastState: Charging
2026-02-25 00:10:54 Verb  <EVT> [ConnectorLogic 2] - LastState: ChargingPausedByEv
2026-02-25 00:10:55 Verb  <EVT> [ConnectorLogic 1] - LastState: Charging
2026-02-25 00:10:55 Verb  <EVT> [ConnectorLogic 2] - LastState: ChargingPausedByEv
2026-02-25 00:10:56 Verb  <EVT> [ConnectorLogic 1] - LastState: Charging
2026-02-25 00:10:56 Verb  <EVT> [ConnectorLogic 2] - LastState: ChargingPausedByEv
2026-02-25 00:10:57 Verb  <#47> [SystemMonitor] - CPU loads: 1.55 1.72 1.74
2026-02-25 00:10:57 Verb  <EVT> [ConnectorLogic 1] - LastState: Charging
2026-02-25 00:10:57 Verb  <EVT> [ConnectorLogic 2] - LastState: ChargingPausedByEv
2026-02-25 00:10:58 Verb  <EVT> [ConnectorLogic 1] - LastState: Charging
2026-02-25 00:10:58 Verb  <EVT> [ConnectorLogic 2] - LastState: ChargingPausedByEv
2026-02-25 00:10:59 Verb  <EVT> [ConnectorLogic 1] - LastState: Charging
2026-02-25 00:10:59 Verb  <EVT> [ConnectorLogic 2] - LastState: ChargingPausedByEv
2026-02-25 00:11:00 Verb  <EVT> [ConnectorLogic 1] - LastState: Charging
2026-02-25 00:11:00 Verb  <EVT> [ConnectorLogic 2] - LastState: ChargingPausedByEv
2026-02-25 00:11:01 Verb  <EVT> [ConnectorLogic 1] - LastState: Charging
2026-02-25 00:11:01 Verb  <EVT> [ConnectorLogic 2] - LastState: ChargingPausedByEv
2026-02-25 00:11:02 Verb  <EVT> [ConnectorLogic 1] - LastState: Charging
2026-02-25 00:11:02 Verb  <EVT> [ConnectorLogic 2] - LastState: ChargingPausedByEv
2026-02-25 00:11:03 Verb  <EVT> [ConnectorLogic 1] - LastState: Charging
2026-02-25 00:11:03 Verb  <EVT> [ConnectorLogic 2] - LastState: ChargingPausedByEv
2026-02-25 00:11:04 Verb  <EVT> [ConnectorLogic 1] - LastState: Charging
2026-02-25 00:11:04 Verb  <EVT> [ConnectorLogic 2] - LastState: ChargingPausedByEv
2026-02-25 00:11:05 Verb  <EVT> [ConnectorLogic 1] - LastState: Charging
2026-02-25 00:11:05 Verb  <EVT> [ConnectorLogic 2] - LastState: ChargingPausedByEv
2026-02-25 00:11:06 Verb  <EVT> [ConnectorLogic 1] - LastState: Charging
2026-02-25 00:11:06 Verb  <EVT> [ConnectorLogic 2] - LastState: ChargingPausedByEv
2026-02-25 00:11:07 Verb  <#54> [SystemMonitor] - CPU loads: 1.54 1.71 1.74
2026-02-25 00:11:07 Verb  <EVT> [ConnectorLogic 1] - LastState: Charging
2026-02-25 00:11:07 Verb  <EVT> [ConnectorLogic 2] - LastState: ChargingPausedByEv
2026-02-25 00:11:08 Verb  <EVT> [ConnectorLogic 1] - LastState: Charging
2026-02-25 00:11:08 Verb  <EVT> [ConnectorLogic 2] - LastState: ChargingPausedByEv
2026-02-25 00:11:09 Verb  <EVT> [ConnectorLogic 1] - LastState: Charging
2026-02-25 00:11:09 Verb  <EVT> [Evse 1] - Created ConnectorShortStatusData: {
  "ConnectorId": 1,
  "Current": {
    "L1": 15.714,
    "L2": 15.305,
    "L3": 15.196
  },
  "Power": {
    "L1": 3.6973,
    "L2": 3.5938,
    "L3": 3.5871,
    "Total": 10.8783
  },
  "Consumption": {
    "L1": 0.0,
    "L2": 0.0,
    "L3": 0.0,
    "Total": 31.5
  },
  "LocalTarget": 16,
  "IsMaxCurrentKnown": true
}
2026-02-25 00:11:09 Verb  <EVT> [ConnectorLogic 2] - LastState: ChargingPausedByEv
2026-02-25 00:11:10 Verb  <EVT> [ConnectorLogic 1] - LastState: Charging
2026-02-25 00:11:10 Verb  <EVT> [ConnectorLogic 2] - LastState: ChargingPausedByEv
2026-02-25 00:11:11 Verb  <EVT> [ConnectorLogic 1] - LastState: Charging
2026-02-25 00:11:11 Verb  <EVT> [ConnectorLogic 2] - LastState: ChargingPausedByEv
2026-02-25 00:11:12 Verb  <EVT> [ConnectorLogic 1] - LastState: Charging
2026-02-25 00:11:12 Verb  <EVT> [ConnectorLogic 2] - LastState: ChargingPausedByEv
2026-02-25 00:11:13 Verb  <EVT> [ConnectorLogic 1] - LastState: Charging
2026-02-25 00:11:13 Verb  <EVT> [ConnectorLogic 2] - LastState: ChargingPausedByEv
2026-02-25 00:11:14 Verb  <EVT> [ConnectorLogic 1] - LastState: Charging
2026-02-25 00:11:14 Verb  <EVT> [ConnectorLogic 2] - LastState: ChargingPausedByEv
2026-02-25 00:11:15 Verb  <EVT> [ConnectorLogic 1] - LastState: Charging
2026-02-25 00:11:15 Verb  <EVT> [ConnectorLogic 2] - LastState: ChargingPausedByEv
2026-02-25 00:11:16 Verb  <EVT> [ConnectorLogic 1] - LastState: Charging
2026-02-25 00:11:16 Verb  <EVT> [ConnectorLogic 2] - LastState: ChargingPausedByEv
2026-02-25 00:11:17 Verb  <#54> [SystemMonitor] - CPU loads: 1.38 1.67 1.73
2026-02-25 00:11:17 Verb  <EVT> [ConnectorLogic 1] - LastState: Charging
2026-02-25 00:11:17 Verb  <EVT> [ConnectorLogic 2] - LastState: ChargingPausedByEv
2026-02-25 00:11:18 Verb  <EVT> [ConnectorLogic 1] - LastState: Charging
2026-02-25 00:11:18 Verb  <EVT> [ConnectorLogic 2] - LastState: ChargingPausedByEv
2026-02-25 00:11:19 Verb  <EVT> [ConnectorLogic 1] - LastState: Charging
2026-02-25 00:11:19 Verb  <EVT> [ConnectorLogic 2] - LastState: ChargingPausedByEv
2026-02-25 00:11:20 Verb  <EVT> [ConnectorLogic 1] - LastState: Charging
2026-02-25 00:11:20 Verb  <EVT> [ConnectorLogic 2] - LastState: ChargingPausedByEv
2026-02-25 00:11:21 Verb  <EVT> [ConnectorLogic 1] - LastState: Charging
2026-02-25 00:11:21 Verb  <EVT> [ConnectorLogic 2] - LastState: ChargingPausedByEv
2026-02-25 00:11:22 Verb  <EVT> [ConnectorLogic 1] - LastState: Charging
2026-02-25 00:11:22 Verb  <EVT> [ConnectorLogic 2] - LastState: ChargingPausedByEv
2026-02-25 00:11:23 Verb  <EVT> [ConnectorLogic 1] - LastState: Charging
2026-02-25 00:11:23 Verb  <EVT> [ConnectorLogic 2] - LastState: ChargingPausedByEv
2026-02-25 00:11:23 Verb  <EVT> [ConnectorLogic 1] - LastState: Charging
2026-02-25 00:11:23 Verb  <EVT> [Evse 1] - Created ConnectorStatusData: {
  "ConnectorId": 1,
  "Status": "Charging",
  "Current": {
    "L1": 15.73,
    "L2": 15.306,
    "L3": 15.187
  },
  "Power": {
    "L1": 3.7001998,
    "L2": 3.5955,
    "L3": 3.584,
    "Total": 10.8803
  },
  "Consumption": {
    "L1": 0.0,
    "L2": 0.0,
    "L3": 0.0,
    "Total": 31.5
  },
  "CurrentSession": {
    "StartTime": "2026-02-24T20:49:51.0918872Z",
    "ConsumedEnergy": 31.5,
    "PhaseUsedByVehicle": "L123",
    "VehicleMinCurrentA": 6.0,
    "VehicleMaxCurrentA": 15.824,
    "IsVehicleMaxCurrentKnown": true,
    "IsVehicleResponsive": true
  },
  "ChargingUserPreferences": {
    "ChargingMode": "Fast",
    "PlannedDepartureTime": "2026-02-25T06:30:00Z",
    "PlannedEnergyConsumption": 100.0
  },
  "CurrentSetpoint": 16
}
2026-02-25 00:11:23 Verb  <EVT> [ConnectorLogic 2] - LastState: ChargingPausedByEv
2026-02-25 00:11:23 Verb  <EVT> [Evse 2] - Created ConnectorStatusData: {
  "ConnectorId": 2,
  "Status": "ChargingPausedByEv",
  "Current": {
    "L1": 0.0,
    "L2": 0.0,
    "L3": 0.0
  },
  "Power": {
    "L1": 0.0,
    "L2": 0.0,
    "L3": 0.0,
    "Total": 0.0
  },
  "Consumption": {
    "L1": 0.0,
    "L2": 0.0,
    "L3": 0.0,
    "Total": 33.2
  },
  "CurrentSession": {
    "StartTime": "2026-02-24T19:36:48.6309339Z",
    "ConsumedEnergy": 33.2,
    "PhaseUsedByVehicle": "L123",
    "VehicleMinCurrentA": 6.0,
    "VehicleMaxCurrentA": 15.952,
    "IsVehicleMaxCurrentKnown": true,
    "IsVehicleResponsive": true
  },
  "ChargingUserPreferences": {
    "ChargingMode": "Fast",
    "PlannedDepartureTime": "2026-02-24T22:00:00Z",
    "PlannedEnergyConsumption": 100.0
  },
  "CurrentSetpoint": 16
}
2026-02-25 00:11:24 Verb  <EVT> [ConnectorLogic 1] - LastState: Charging
2026-02-25 00:11:24 Verb  <EVT> [ConnectorLogic 1] - TargetCurrents {
  "ChargingProfiles": {
    "Current": null,
    "Unit": "A",
    "Source": "ChargingProfiles"
  },
  "SmartCluster": {
    "Current": 16,
    "Unit": "A",
    "Source": "SmartCluster"
  }
}
2026-02-25 00:11:24 Info  <EVT> [ConnectorLogic 1] - TargetCurrent from SmartCluster, current: 16
2026-02-25 00:11:24 Verb  <EVT> [ConnectorLogic 1] - Applying 16 A from SmartCluster triggered by ConnectorMaxOutput (SmartCluster)
2026-02-25 00:11:24 Verb  <EVT> [ConnectorLogic 2] - LastState: ChargingPausedByEv
2026-02-25 00:11:24 Verb  <EVT> [ConnectorLogic 1] - LastState: Charging
2026-02-25 00:11:24 Verb  <EVT> [ConnectorLogic 2] - LastState: ChargingPausedByEv
2026-02-25 00:11:25 Verb  <EVT> [ConnectorLogic 1] - LastState: Charging
2026-02-25 00:11:25 Verb  <EVT> [ConnectorLogic 2] - LastState: ChargingPausedByEv
2026-02-25 00:11:26 Verb  <EVT> [ConnectorLogic 1] - LastState: Charging
2026-02-25 00:11:26 Verb  <EVT> [ConnectorLogic 2] - LastState: ChargingPausedByEv
2026-02-25 00:11:27 Verb  <#37> [SystemMonitor] - CPU loads: 1.78 1.75 1.75
2026-02-25 00:11:27 Verb  <EVT> [ConnectorLogic 1] - LastState: Charging
2026-02-25 00:11:27 Verb  <EVT> [ConnectorLogic 2] - LastState: ChargingPausedByEv
2026-02-25 00:11:28 Verb  <EVT> [ConnectorLogic 1] - LastState: Charging
2026-02-25 00:11:28 Verb  <EVT> [ConnectorLogic 2] - LastState: ChargingPausedByEv
2026-02-25 00:11:29 Verb  <EVT> [ConnectorLogic 1] - LastState: Charging
2026-02-25 00:11:29 Verb  <EVT> [ConnectorLogic 2] - LastState: ChargingPausedByEv
2026-02-25 00:11:30 Verb  <EVT> [ConnectorLogic 1] - LastState: Charging
2026-02-25 00:11:30 Verb  <EVT> [ConnectorLogic 2] - LastState: ChargingPausedByEv
2026-02-25 00:11:31 Verb  <EVT> [ConnectorLogic 1] - LastState: Charging
2026-02-25 00:11:31 Verb  <EVT> [ConnectorLogic 2] - LastState: ChargingPausedByEv
2026-02-25 00:11:32 Verb  <EVT> [ConnectorLogic 1] - LastState: Charging
2026-02-25 00:11:32 Verb  <EVT> [ConnectorLogic 2] - LastState: ChargingPausedByEv
2026-02-25 00:11:33 Verb  <EVT> [ConnectorLogic 1] - LastState: Charging
2026-02-25 00:11:33 Verb  <EVT> [ConnectorLogic 2] - LastState: ChargingPausedByEv
2026-02-25 00:11:34 Verb  <EVT> [ConnectorLogic 1] - LastState: Charging
2026-02-25 00:11:34 Verb  <EVT> [ConnectorLogic 2] - LastState: ChargingPausedByEv
2026-02-25 00:11:35 Verb  <EVT> [ConnectorLogic 1] - LastState: Charging
2026-02-25 00:11:35 Verb  <EVT> [ConnectorLogic 2] - LastState: ChargingPausedByEv
2026-02-25 00:11:36 Verb  <EVT> [ConnectorLogic 1] - LastState: Charging
2026-02-25 00:11:36 Verb  <EVT> [ConnectorLogic 2] - LastState: ChargingPausedByEv
2026-02-25 00:11:37 Verb  <#72> [SystemMonitor] - CPU loads: 1.82 1.76 1.75
2026-02-25 00:11:37 Verb  <EVT> [ConnectorLogic 1] - LastState: Charging
2026-02-25 00:11:37 Verb  <EVT> [ConnectorLogic 2] - LastState: ChargingPausedByEv
2026-02-25 00:11:38 Verb  <EVT> [ConnectorLogic 1] - LastState: Charging
2026-02-25 00:11:38 Verb  <EVT> [ConnectorLogic 2] - LastState: ChargingPausedByEv
2026-02-25 00:11:39 Verb  <EVT> [ConnectorLogic 1] - LastState: Charging
2026-02-25 00:11:39 Verb  <EVT> [ConnectorLogic 2] - LastState: ChargingPausedByEv
2026-02-25 00:11:40 Verb  <EVT> [ConnectorLogic 1] - LastState: Charging
2026-02-25 00:11:40 Verb  <EVT> [ConnectorLogic 2] - LastState: ChargingPausedByEv
2026-02-25 00:11:41 Verb  <EVT> [ConnectorLogic 1] - LastState: Charging
2026-02-25 00:11:41 Verb  <EVT> [Evse 1] - Created ConnectorShortStatusData: {
  "ConnectorId": 1,
  "Current": {
    "L1": 15.763,
    "L2": 15.321,
    "L3": 15.134
  },
  "Power": {
    "L1": 3.7085,
    "L2": 3.5978,
    "L3": 3.5765,
    "Total": 10.881901
  },
  "Consumption": {
    "L1": 0.0,
    "L2": 0.0,
    "L3": 0.0,
    "Total": 31.6
  },
  "LocalTarget": 16,
  "IsMaxCurrentKnown": true
}
2026-02-25 00:11:41 Verb  <EVT> [ConnectorLogic 2] - LastState: ChargingPausedByEv
2026-02-25 00:11:42 Verb  <EVT> [ConnectorLogic 1] - LastState: Charging
2026-02-25 00:11:42 Verb  <EVT> [ConnectorLogic 2] - LastState: ChargingPausedByEv
2026-02-25 00:11:43 Verb  <EVT> [ConnectorLogic 1] - LastState: Charging
2026-02-25 00:11:43 Verb  <EVT> [ConnectorLogic 2] - LastState: ChargingPausedByEv
2026-02-25 00:11:44 Verb  <EVT> [ConnectorLogic 1] - LastState: Charging
2026-02-25 00:11:44 Verb  <EVT> [ConnectorLogic 2] - LastState: ChargingPausedByEv
2026-02-25 00:11:45 Verb  <EVT> [ConnectorLogic 1] - LastState: Charging
2026-02-25 00:11:45 Verb  <EVT> [ConnectorLogic 2] - LastState: ChargingPausedByEv
2026-02-25 00:11:46 Verb  <EVT> [ConnectorLogic 1] - LastState: Charging
2026-02-25 00:11:46 Verb  <EVT> [ConnectorLogic 2] - LastState: ChargingPausedByEv
2026-02-25 00:11:47 Verb  <#74> [SystemMonitor] - CPU loads: 1.62 1.71 1.74
2026-02-25 00:11:47 Verb  <EVT> [ConnectorLogic 1] - LastState: Charging
2026-02-25 00:11:47 Verb  <EVT> [ConnectorLogic 2] - LastState: ChargingPausedByEv
2026-02-25 00:11:48 Verb  <EVT> [ConnectorLogic 1] - LastState: Charging
2026-02-25 00:11:48 Verb  <EVT> [ConnectorLogic 2] - LastState: ChargingPausedByEv
2026-02-25 00:11:48 Warn  <#74> [AfeEnergyMeter] - Cannot read temperature from AFE: Could not find file '/sys/bus/spi/drivers/afe_at90e36/spi1.1/Temp'.
2026-02-25 00:11:48 Error <#74> [EnergyMeterService evse2] - SendMeasurements - Temperature: could not read value (AfeSystemFault)
2026-02-25 00:11:49 Verb  <#74> [OcppClient] - Sent: [2,"19e9","MeterValues",{"connectorId":2,"meterValue":[{"timestamp":"2026-02-25T00:11:47.738Z","sampledValue":[{"value":"0","context":"Sample.Periodic","measurand":"Current.Import","phase":"L1","unit":"A"},{"value":"0","context":"Sample.Periodic","measurand":"Current.Import","phase":"L2","unit":"A"},{"value":"0","context":"Sample.Periodic","measurand":"Current.Import","phase":"L3","unit":"A"},{"value":"35855.8","context":"Sample.Periodic","measurand":"Energy.Active.Import.Register","unit":"kWh"},{"value":"50.01","context":"Sample.Periodic","measurand":"Frequency"},{"value":"0","context":"Sample.Periodic","measurand":"Power.Active.Import","phase":"L1","unit":"kW"},{"value":"0","context":"Sample.Periodic","measurand":"Power.Active.Import","phase":"L2","unit":"kW"},{"value":"0","context":"Sample.Periodic","measurand":"Power.Active.Import","phase":"L3","unit":"kW"},{"value":"0","context":"Sample.Periodic","measurand":"Power.Active.Import","unit":"kW"},{"value":"-1","context":"Sample.Periodic","measurand":"Power.Factor"},{"value":"236.5","context":"Sample.Periodic","measurand":"Voltage","phase":"L1","unit":"V"},{"value":"235.8","context":"Sample.Periodic","measurand":"Voltage","phase":"L2","unit":"V"},{"value":"235.5","context":"Sample.Periodic","measurand":"Voltage","phase":"L3","unit":"V"},{"value":"16","context":"Sample.Periodic","measurand":"Current.Offered","unit":"A"}]}],"transactionId":2027725}]
2026-02-25 00:11:49 Verb  <EVT> [ConnectorLogic 1] - LastState: Charging
2026-02-25 00:11:49 Verb  <EVT> [ConnectorLogic 2] - LastState: ChargingPausedByEv
2026-02-25 00:11:49 Verb  <#74> [OcppClient] - Received: [3,"19e9",{}]
2026-02-25 00:11:49 Verb  <CommHandler first queue> [OcppMessageSender] - OcppMessageSender received response 
OcppAction: MeterValues
OcppMessage response: {}
2026-02-25 00:11:50 Verb  <EVT> [ConnectorLogic 1] - LastState: Charging
2026-02-25 00:11:50 Verb  <EVT> [ConnectorLogic 2] - LastState: ChargingPausedByEv
2026-02-25 00:11:51 Verb  <EVT> [ConnectorLogic 1] - LastState: Charging
2026-02-25 00:11:51 Info  <#33> [AfeEnergyMeter] - Calibrating AFE at 1.1
2026-02-25 00:11:51 Verb  <EVT> [ConnectorLogic 2] - LastState: ChargingPausedByEv
2026-02-25 00:11:51 Warn  <#33> [AfeEnergyMeter] - Cannot read temperature from AFE: Could not find file '/sys/bus/spi/drivers/afe_at90e36/spi1.1/Temp'.
2026-02-25 00:11:51 Error <#33> [EnergyMeterService evse1] - SendMeasurements - Temperature: could not read value (AfeSystemFault)
2026-02-25 00:11:51 Verb  <#33> [OcppClient] - Sent: [2,"19ea","MeterValues",{"connectorId":1,"meterValue":[{"timestamp":"2026-02-25T00:11:50.76Z","sampledValue":[{"value":"15.743","context":"Sample.Periodic","measurand":"Current.Import","phase":"L1","unit":"A"},{"value":"15.326","context":"Sample.Periodic","measurand":"Current.Import","phase":"L2","unit":"A"},{"value":"15.132","context":"Sample.Periodic","measurand":"Current.Import","phase":"L3","unit":"A"},{"value":"24362.3","context":"Sample.Periodic","measurand":"Energy.Active.Import.Register","unit":"kWh"},{"value":"50","context":"Sample.Periodic","measurand":"Frequency"},{"value":"3.7055","context":"Sample.Periodic","measurand":"Power.Active.Import","phase":"L1","unit":"kW"},{"value":"3.6007","context":"Sample.Periodic","measurand":"Power.Active.Import","phase":"L2","unit":"kW"},{"value":"3.5776","context":"Sample.Periodic","measurand":"Power.Active.Import","phase":"L3","unit":"kW"},{"value":"10.884","context":"Sample.Periodic","measurand":"Power.Active.Import","unit":"kW"},{"value":"0.9973","context":"Sample.Periodic","measurand":"Power.Factor"},{"value":"236.2","context":"Sample.Periodic","measurand":"Voltage","phase":"L1","unit":"V"},{"value":"235.4","context":"Sample.Periodic","measurand":"Voltage","phase":"L2","unit":"V"},{"value":"237","context":"Sample.Periodic","measurand":"Voltage","phase":"L3","unit":"V"},{"value":"16","context":"Sample.Periodic","measurand":"Current.Offered","unit":"A"}]}],"transactionId":2027882}]
2026-02-25 00:11:52 Verb  <#27> [OcppClient] - Received: [3,"19ea",{}]
2026-02-25 00:11:52 Verb  <CommHandler first queue> [OcppMessageSender] - OcppMessageSender received response 
OcppAction: MeterValues
OcppMessage response: {}
2026-02-25 00:11:52 Verb  <EVT> [ConnectorLogic 1] - LastState: Charging
2026-02-25 00:11:52 Verb  <EVT> [ConnectorLogic 2] - LastState: ChargingPausedByEv
2026-02-25 00:11:53 Verb  <EVT> [ConnectorLogic 1] - LastState: Charging
2026-02-25 00:11:53 Verb  <EVT> [ConnectorLogic 2] - LastState: ChargingPausedByEv
2026-02-25 00:11:53 Verb  <EVT> [ConnectorLogic 1] - LastState: Charging
2026-02-25 00:11:53 Verb  <EVT> [Evse 1] - Created ConnectorStatusData: {
  "ConnectorId": 1,
  "Status": "Charging",
  "Current": {
    "L1": 15.744,
    "L2": 15.328,
    "L3": 15.133
  },
  "Power": {
    "L1": 3.7057,
    "L2": 3.6011999,
    "L3": 3.5777,
    "Total": 10.8844
  },
  "Consumption": {
    "L1": 0.0,
    "L2": 0.0,
    "L3": 0.0,
    "Total": 31.6
  },
  "CurrentSession": {
    "StartTime": "2026-02-24T20:49:51.0918872Z",
    "ConsumedEnergy": 31.6,
    "PhaseUsedByVehicle": "L123",
    "VehicleMinCurrentA": 6.0,
    "VehicleMaxCurrentA": 15.828,
    "IsVehicleMaxCurrentKnown": true,
    "IsVehicleResponsive": true
  },
  "ChargingUserPreferences": {
    "ChargingMode": "Fast",
    "PlannedDepartureTime": "2026-02-25T06:30:00Z",
    "PlannedEnergyConsumption": 100.0
  },
  "CurrentSetpoint": 16
}
2026-02-25 00:11:53 Verb  <EVT> [ConnectorLogic 2] - LastState: ChargingPausedByEv
2026-02-25 00:11:53 Verb  <EVT> [Evse 2] - Created ConnectorStatusData: {
  "ConnectorId": 2,
  "Status": "ChargingPausedByEv",
  "Current": {
    "L1": 0.0,
    "L2": 0.0,
    "L3": 0.0
  },
  "Power": {
    "L1": 0.0,
    "L2": 0.0,
    "L3": 0.0,
    "Total": 0.0
  },
  "Consumption": {
    "L1": 0.0,
    "L2": 0.0,
    "L3": 0.0,
    "Total": 33.2
  },
  "CurrentSession": {
    "StartTime": "2026-02-24T19:36:48.6309339Z",
    "ConsumedEnergy": 33.2,
    "PhaseUsedByVehicle": "L123",
    "VehicleMinCurrentA": 6.0,
    "VehicleMaxCurrentA": 15.952,
    "IsVehicleMaxCurrentKnown": true,
    "IsVehicleResponsive": true
  },
  "ChargingUserPreferences": {
    "ChargingMode": "Fast",
    "PlannedDepartureTime": "2026-02-24T22:00:00Z",
    "PlannedEnergyConsumption": 100.0
  },
  "CurrentSetpoint": 16
}
2026-02-25 00:11:54 Verb  <EVT> [ConnectorLogic 1] - LastState: Charging
2026-02-25 00:11:54 Verb  <EVT> [ConnectorLogic 1] - TargetCurrents {
  "ChargingProfiles": {
    "Current": null,
    "Unit": "A",
    "Source": "ChargingProfiles"
  },
  "SmartCluster": {
    "Current": 16,
    "Unit": "A",
    "Source": "SmartCluster"
  }
}
2026-02-25 00:11:54 Info  <EVT> [ConnectorLogic 1] - TargetCurrent from SmartCluster, current: 16
2026-02-25 00:11:54 Verb  <EVT> [ConnectorLogic 1] - Applying 16 A from SmartCluster triggered by ConnectorMaxOutput (SmartCluster)
2026-02-25 00:11:54 Verb  <EVT> [ConnectorLogic 2] - LastState: ChargingPausedByEv
2026-02-25 00:11:54 Verb  <EVT> [ConnectorLogic 1] - LastState: Charging
2026-02-25 00:11:54 Verb  <EVT> [ConnectorLogic 2] - LastState: ChargingPausedByEv
2026-02-25 00:11:55 Verb  <EVT> [ConnectorLogic 1] - LastState: Charging
2026-02-25 00:11:55 Verb  <EVT> [ConnectorLogic 2] - LastState: ChargingPausedByEv
2026-02-25 00:11:56 Verb  <EVT> [ConnectorLogic 1] - LastState: Charging
2026-02-25 00:11:56 Verb  <EVT> [ConnectorLogic 2] - LastState: ChargingPausedByEv
2026-02-25 00:11:57 Verb  <#47> [SystemMonitor] - CPU loads: 2.05 1.81 1.77
2026-02-25 00:11:57 Verb  <EVT> [ConnectorLogic 1] - LastState: Charging
2026-02-25 00:11:57 Verb  <EVT> [ConnectorLogic 2] - LastState: ChargingPausedByEv
2026-02-25 00:11:58 Verb  <EVT> [ConnectorLogic 1] - LastState: Charging
2026-02-25 00:11:58 Verb  <EVT> [ConnectorLogic 2] - LastState: ChargingPausedByEv
2026-02-25 00:11:59 Verb  <EVT> [ConnectorLogic 1] - LastState: Charging
2026-02-25 00:11:59 Verb  <EVT> [ConnectorLogic 2] - LastState: ChargingPausedByEv
2026-02-25 00:12:00 Verb  <EVT> [ConnectorLogic 1] - LastState: Charging
2026-02-25 00:12:00 Verb  <EVT> [ConnectorLogic 2] - LastState: ChargingPausedByEv
2026-02-25 00:12:01 Verb  <EVT> [ConnectorLogic 1] - LastState: Charging
2026-02-25 00:12:01 Verb  <EVT> [ConnectorLogic 2] - LastState: ChargingPausedByEv
2026-02-25 00:12:02 Verb  <EVT> [ConnectorLogic 1] - LastState: Charging
2026-02-25 00:12:02 Verb  <EVT> [ConnectorLogic 2] - LastState: ChargingPausedByEv
2026-02-25 00:12:03 Verb  <EVT> [ConnectorLogic 1] - LastState: Charging
2026-02-25 00:12:03 Verb  <EVT> [ConnectorLogic 2] - LastState: ChargingPausedByEv
2026-02-25 00:12:04 Verb  <EVT> [ConnectorLogic 1] - LastState: Charging
2026-02-25 00:12:04 Verb  <EVT> [ConnectorLogic 2] - LastState: ChargingPausedByEv
2026-02-25 00:12:05 Verb  <EVT> [ConnectorLogic 1] - LastState: Charging
2026-02-25 00:12:05 Verb  <EVT> [ConnectorLogic 2] - LastState: ChargingPausedByEv
2026-02-25 00:12:06 Verb  <EVT> [ConnectorLogic 1] - LastState: Charging
2026-02-25 00:12:06 Verb  <EVT> [ConnectorLogic 2] - LastState: ChargingPausedByEv
2026-02-25 00:12:07 Verb  <#74> [SystemMonitor] - CPU loads: 1.81 1.76 1.76
2026-02-25 00:12:07 Verb  <EVT> [ConnectorLogic 1] - LastState: Charging
2026-02-25 00:12:07 Verb  <EVT> [ConnectorLogic 2] - LastState: ChargingPausedByEv
2026-02-25 00:12:08 Verb  <EVT> [ConnectorLogic 1] - LastState: Charging
2026-02-25 00:12:08 Verb  <EVT> [ConnectorLogic 2] - LastState: ChargingPausedByEv
2026-02-25 00:12:09 Verb  <EVT> [ConnectorLogic 1] - LastState: Charging
2026-02-25 00:12:09 Verb  <EVT> [ConnectorLogic 2] - LastState: ChargingPausedByEv
2026-02-25 00:12:10 Verb  <EVT> [ConnectorLogic 1] - LastState: Charging
2026-02-25 00:12:10 Verb  <EVT> [ConnectorLogic 2] - LastState: ChargingPausedByEv
2026-02-25 00:12:11 Verb  <EVT> [ConnectorLogic 1] - LastState: Charging
2026-02-25 00:12:11 Verb  <EVT> [ConnectorLogic 2] - LastState: ChargingPausedByEv
2026-02-25 00:12:12 Verb  <EVT> [ConnectorLogic 1] - LastState: Charging
2026-02-25 00:12:12 Verb  <EVT> [ConnectorLogic 2] - LastState: ChargingPausedByEv
2026-02-25 00:12:13 Verb  <EVT> [ConnectorLogic 1] - LastState: Charging
2026-02-25 00:12:13 Verb  <EVT> [ConnectorLogic 2] - LastState: ChargingPausedByEv
2026-02-25 00:12:14 Verb  <EVT> [ConnectorLogic 1] - LastState: Charging
2026-02-25 00:12:14 Verb  <EVT> [ConnectorLogic 2] - LastState: ChargingPausedByEv
2026-02-25 00:12:15 Verb  <EVT> [ConnectorLogic 1] - LastState: Charging
2026-02-25 00:12:15 Verb  <EVT> [Evse 1] - Created ConnectorShortStatusData: {
  "ConnectorId": 1,
  "Current": {
    "L1": 15.757,
    "L2": 15.295,
    "L3": 15.128
  },
  "Power": {
    "L1": 3.7125,
    "L2": 3.597,
    "L3": 3.5771,
    "Total": 10.8866
  },
  "Consumption": {
    "L1": 0.0,
    "L2": 0.0,
    "L3": 0.0,
    "Total": 31.7
  },
  "LocalTarget": 16,
  "IsMaxCurrentKnown": true
}
2026-02-25 00:12:15 Verb  <EVT> [ConnectorLogic 2] - LastState: ChargingPausedByEv
2026-02-25 00:12:16 Verb  <EVT> [ConnectorLogic 1] - LastState: Charging
2026-02-25 00:12:16 Verb  <EVT> [ConnectorLogic 2] - LastState: ChargingPausedByEv
2026-02-25 00:12:17 Verb  <#72> [SystemMonitor] - CPU loads: 1.61 1.72 1.74
2026-02-25 00:12:17 Verb  <EVT> [ConnectorLogic 1] - LastState: Charging
2026-02-25 00:12:17 Verb  <EVT> [ConnectorLogic 2] - LastState: ChargingPausedByEv
2026-02-25 00:12:18 Verb  <EVT> [ConnectorLogic 1] - LastState: Charging
2026-02-25 00:12:18 Verb  <EVT> [ConnectorLogic 2] - LastState: ChargingPausedByEv
2026-02-25 00:12:19 Verb  <EVT> [ConnectorLogic 1] - LastState: Charging
2026-02-25 00:12:19 Verb  <EVT> [ConnectorLogic 2] - LastState: ChargingPausedByEv
2026-02-25 00:12:20 Verb  <EVT> [ConnectorLogic 1] - LastState: Charging
2026-02-25 00:12:20 Verb  <EVT> [ConnectorLogic 2] - LastState: ChargingPausedByEv
2026-02-25 00:12:21 Verb  <EVT> [ConnectorLogic 1] - LastState: Charging
2026-02-25 00:12:21 Verb  <EVT> [ConnectorLogic 2] - LastState: ChargingPausedByEv
2026-02-25 00:12:22 Verb  <EVT> [ConnectorLogic 1] - LastState: Charging
2026-02-25 00:12:22 Verb  <EVT> [ConnectorLogic 2] - LastState: ChargingPausedByEv
2026-02-25 00:12:23 Verb  <EVT> [ConnectorLogic 1] - LastState: Charging
2026-02-25 00:12:23 Verb  <EVT> [ConnectorLogic 2] - LastState: ChargingPausedByEv
2026-02-25 00:12:24 Verb  <EVT> [ConnectorLogic 1] - LastState: Charging
2026-02-25 00:12:24 Verb  <EVT> [Evse 1] - Created ConnectorStatusData: {
  "ConnectorId": 1,
  "Status": "Charging",
  "Current": {
    "L1": 15.77,
    "L2": 15.326,
    "L3": 15.097
  },
  "Power": {
    "L1": 3.7168999,
    "L2": 3.6058998,
    "L3": 3.5655,
    "Total": 10.8885
  },
  "Consumption": {
    "L1": 0.0,
    "L2": 0.0,
    "L3": 0.0,
    "Total": 31.7
  },
  "CurrentSession": {
    "StartTime": "2026-02-24T20:49:51.0918872Z",
    "ConsumedEnergy": 31.7,
    "PhaseUsedByVehicle": "L123",
    "VehicleMinCurrentA": 6.0,
    "VehicleMaxCurrentA": 15.828,
    "IsVehicleMaxCurrentKnown": true,
    "IsVehicleResponsive": true
  },
  "ChargingUserPreferences": {
    "ChargingMode": "Fast",
    "PlannedDepartureTime": "2026-02-25T06:30:00Z",
    "PlannedEnergyConsumption": 100.0
  },
  "CurrentSetpoint": 16
}
2026-02-25 00:12:24 Verb  <EVT> [ConnectorLogic 2] - LastState: ChargingPausedByEv
2026-02-25 00:12:24 Verb  <EVT> [Evse 2] - Created ConnectorStatusData: {
  "ConnectorId": 2,
  "Status": "ChargingPausedByEv",
  "Current": {
    "L1": 0.0,
    "L2": 0.0,
    "L3": 0.0
  },
  "Power": {
    "L1": 0.0,
    "L2": 0.0,
    "L3": 0.0,
    "Total": 0.0
  },
  "Consumption": {
    "L1": 0.0,
    "L2": 0.0,
    "L3": 0.0,
    "Total": 33.2
  },
  "CurrentSession": {
    "StartTime": "2026-02-24T19:36:48.6309339Z",
    "ConsumedEnergy": 33.2,
    "PhaseUsedByVehicle": "L123",
    "VehicleMinCurrentA": 6.0,
    "VehicleMaxCurrentA": 15.952,
    "IsVehicleMaxCurrentKnown": true,
    "IsVehicleResponsive": true
  },
  "ChargingUserPreferences": {
    "ChargingMode": "Fast",
    "PlannedDepartureTime": "2026-02-24T22:00:00Z",
    "PlannedEnergyConsumption": 100.0
  },
  "CurrentSetpoint": 16
}
2026-02-25 00:12:24 Verb  <EVT> [ConnectorLogic 1] - LastState: Charging
2026-02-25 00:12:24 Verb  <EVT> [ConnectorLogic 1] - TargetCurrents {
  "ChargingProfiles": {
    "Current": null,
    "Unit": "A",
    "Source": "ChargingProfiles"
  },
  "SmartCluster": {
    "Current": 16,
    "Unit": "A",
    "Source": "SmartCluster"
  }
}
2026-02-25 00:12:24 Info  <EVT> [ConnectorLogic 1] - TargetCurrent from SmartCluster, current: 16
2026-02-25 00:12:24 Verb  <EVT> [ConnectorLogic 1] - Applying 16 A from SmartCluster triggered by ConnectorMaxOutput (SmartCluster)
2026-02-25 00:12:24 Verb  <EVT> [ConnectorLogic 2] - LastState: ChargingPausedByEv
2026-02-25 00:12:24 Verb  <EVT> [ConnectorLogic 1] - LastState: Charging
2026-02-25 00:12:24 Verb  <EVT> [ConnectorLogic 2] - LastState: ChargingPausedByEv
2026-02-25 00:12:25 Verb  <EVT> [ConnectorLogic 1] - LastState: Charging
2026-02-25 00:12:25 Verb  <EVT> [ConnectorLogic 2] - LastState: ChargingPausedByEv
2026-02-25 00:12:26 Verb  <EVT> [ConnectorLogic 1] - LastState: Charging
2026-02-25 00:12:26 Verb  <EVT> [ConnectorLogic 2] - LastState: ChargingPausedByEv
2026-02-25 00:12:27 Verb  <#33> [SystemMonitor] - CPU loads: 1.67 1.73 1.74
2026-02-25 00:12:27 Verb  <EVT> [ConnectorLogic 1] - LastState: Charging
2026-02-25 00:12:27 Verb  <EVT> [ConnectorLogic 2] - LastState: ChargingPausedByEv
2026-02-25 00:12:28 Verb  <EVT> [ConnectorLogic 1] - LastState: Charging
2026-02-25 00:12:28 Verb  <EVT> [ConnectorLogic 2] - LastState: ChargingPausedByEv
2026-02-25 00:12:29 Verb  <EVT> [ConnectorLogic 1] - LastState: Charging
2026-02-25 00:12:29 Verb  <EVT> [ConnectorLogic 2] - LastState: ChargingPausedByEv
2026-02-25 00:12:30 Verb  <EVT> [ConnectorLogic 1] - LastState: Charging
2026-02-25 00:12:30 Verb  <EVT> [ConnectorLogic 2] - LastState: ChargingPausedByEv
2026-02-25 00:12:31 Verb  <EVT> [ConnectorLogic 1] - LastState: Charging
2026-02-25 00:12:31 Verb  <EVT> [ConnectorLogic 2] - LastState: ChargingPausedByEv
2026-02-25 00:12:32 Verb  <EVT> [ConnectorLogic 1] - LastState: Charging
2026-02-25 00:12:32 Verb  <EVT> [ConnectorLogic 2] - LastState: ChargingPausedByEv
2026-02-25 00:12:33 Verb  <EVT> [ConnectorLogic 1] - LastState: Charging
2026-02-25 00:12:33 Verb  <EVT> [ConnectorLogic 2] - LastState: ChargingPausedByEv
2026-02-25 00:12:34 Verb  <EVT> [ConnectorLogic 1] - LastState: Charging
2026-02-25 00:12:34 Verb  <EVT> [ConnectorLogic 2] - LastState: ChargingPausedByEv
2026-02-25 00:12:35 Verb  <EVT> [ConnectorLogic 1] - LastState: Charging
2026-02-25 00:12:35 Verb  <EVT> [ConnectorLogic 2] - LastState: ChargingPausedByEv
2026-02-25 00:12:36 Verb  <EVT> [ConnectorLogic 1] - LastState: Charging
2026-02-25 00:12:36 Verb  <EVT> [ConnectorLogic 2] - LastState: ChargingPausedByEv
2026-02-25 00:12:37 Verb  <#47> [SystemMonitor] - CPU loads: 1.41 1.67 1.72
2026-02-25 00:12:37 Verb  <EVT> [ConnectorLogic 1] - LastState: Charging
2026-02-25 00:12:37 Verb  <EVT> [ConnectorLogic 2] - LastState: ChargingPausedByEv
2026-02-25 00:12:38 Verb  <EVT> [ConnectorLogic 1] - LastState: Charging
2026-02-25 00:12:38 Verb  <EVT> [ConnectorLogic 2] - LastState: ChargingPausedByEv
2026-02-25 00:12:39 Verb  <EVT> [ConnectorLogic 1] - LastState: Charging
2026-02-25 00:12:39 Verb  <EVT> [ConnectorLogic 2] - LastState: ChargingPausedByEv
2026-02-25 00:12:40 Verb  <EVT> [ConnectorLogic 1] - LastState: Charging
2026-02-25 00:12:40 Verb  <EVT> [ConnectorLogic 2] - LastState: ChargingPausedByEv
2026-02-25 00:12:41 Verb  <EVT> [ConnectorLogic 1] - LastState: Charging
2026-02-25 00:12:41 Verb  <EVT> [ConnectorLogic 2] - LastState: ChargingPausedByEv
2026-02-25 00:12:42 Verb  <EVT> [ConnectorLogic 1] - LastState: Charging
2026-02-25 00:12:42 Verb  <EVT> [ConnectorLogic 2] - LastState: ChargingPausedByEv
2026-02-25 00:12:43 Verb  <EVT> [ConnectorLogic 1] - LastState: Charging
2026-02-25 00:12:43 Verb  <EVT> [ConnectorLogic 2] - LastState: ChargingPausedByEv
2026-02-25 00:12:44 Verb  <EVT> [ConnectorLogic 1] - LastState: Charging
2026-02-25 00:12:44 Verb  <EVT> [ConnectorLogic 2] - LastState: ChargingPausedByEv
2026-02-25 00:12:46 Verb  <EVT> [ConnectorLogic 1] - LastState: Charging
2026-02-25 00:12:46 Verb  <EVT> [ConnectorLogic 2] - LastState: ChargingPausedByEv
2026-02-25 00:12:46 Verb  <EVT> [ConnectorLogic 1] - LastState: Charging
2026-02-25 00:12:46 Verb  <EVT> [ConnectorLogic 2] - LastState: ChargingPausedByEv
2026-02-25 00:12:47 Verb  <#33> [SystemMonitor] - CPU loads: 1.59 1.7 1.73
2026-02-25 00:12:47 Verb  <EVT> [ConnectorLogic 1] - LastState: Charging
2026-02-25 00:12:47 Verb  <EVT> [Evse 1] - Created ConnectorShortStatusData: {
  "ConnectorId": 1,
  "Current": {
    "L1": 15.762,
    "L2": 15.308,
    "L3": 15.168
  },
  "Power": {
    "L1": 3.7122,
    "L2": 3.6001,
    "L3": 3.5798998,
    "Total": 10.8923
  },
  "Consumption": {
    "L1": 0.0,
    "L2": 0.0,
    "L3": 0.0,
    "Total": 31.8
  },
  "LocalTarget": 16,
  "IsMaxCurrentKnown": true
}
2026-02-25 00:12:47 Verb  <EVT> [ConnectorLogic 2] - LastState: ChargingPausedByEv
2026-02-25 00:12:48 Verb  <EVT> [ConnectorLogic 1] - LastState: Charging
2026-02-25 00:12:48 Verb  <EVT> [ConnectorLogic 2] - LastState: ChargingPausedByEv
2026-02-25 00:12:48 Warn  <#72> [AfeEnergyMeter] - Cannot read temperature from AFE: Could not find file '/sys/bus/spi/drivers/afe_at90e36/spi1.1/Temp'.
2026-02-25 00:12:48 Error <#72> [EnergyMeterService evse2] - SendMeasurements - Temperature: could not read value (AfeSystemFault)
2026-02-25 00:12:49 Verb  <#72> [OcppClient] - Sent: [2,"19eb","MeterValues",{"connectorId":2,"meterValue":[{"timestamp":"2026-02-25T00:12:47.821Z","sampledValue":[{"value":"0","context":"Sample.Periodic","measurand":"Current.Import","phase":"L1","unit":"A"},{"value":"0","context":"Sample.Periodic","measurand":"Current.Import","phase":"L2","unit":"A"},{"value":"0","context":"Sample.Periodic","measurand":"Current.Import","phase":"L3","unit":"A"},{"value":"35855.8","context":"Sample.Periodic","measurand":"Energy.Active.Import.Register","unit":"kWh"},{"value":"49.96","context":"Sample.Periodic","measurand":"Frequency"},{"value":"0","context":"Sample.Periodic","measurand":"Power.Active.Import","phase":"L1","unit":"kW"},{"value":"0","context":"Sample.Periodic","measurand":"Power.Active.Import","phase":"L2","unit":"kW"},{"value":"0","context":"Sample.Periodic","measurand":"Power.Active.Import","phase":"L3","unit":"kW"},{"value":"0","context":"Sample.Periodic","measurand":"Power.Active.Import","unit":"kW"},{"value":"-1","context":"Sample.Periodic","measurand":"Power.Factor"},{"value":"236.4","context":"Sample.Periodic","measurand":"Voltage","phase":"L1","unit":"V"},{"value":"236.4","context":"Sample.Periodic","measurand":"Voltage","phase":"L2","unit":"V"},{"value":"236","context":"Sample.Periodic","measurand":"Voltage","phase":"L3","unit":"V"},{"value":"16","context":"Sample.Periodic","measurand":"Current.Offered","unit":"A"}]}],"transactionId":2027725}]
2026-02-25 00:12:49 Verb  <EVT> [ConnectorLogic 1] - LastState: Charging
2026-02-25 00:12:49 Verb  <EVT> [ConnectorLogic 2] - LastState: ChargingPausedByEv
2026-02-25 00:12:49 Verb  <#72> [OcppClient] - Received: [3,"19eb",{}]
2026-02-25 00:12:49 Verb  <CommHandler first queue> [OcppMessageSender] - OcppMessageSender received response 
OcppAction: MeterValues
OcppMessage response: {}
2026-02-25 00:12:50 Verb  <EVT> [ConnectorLogic 1] - LastState: Charging
2026-02-25 00:12:50 Verb  <EVT> [ConnectorLogic 2] - LastState: ChargingPausedByEv
2026-02-25 00:12:52 Verb  <EVT> [ConnectorLogic 1] - LastState: Charging
2026-02-25 00:12:52 Verb  <EVT> [ConnectorLogic 2] - LastState: ChargingPausedByEv
2026-02-25 00:12:52 Info  <#47> [AfeEnergyMeter] - Calibrating AFE at 1.1
2026-02-25 00:12:52 Warn  <#47> [AfeEnergyMeter] - Cannot read temperature from AFE: Could not find file '/sys/bus/spi/drivers/afe_at90e36/spi1.1/Temp'.
2026-02-25 00:12:52 Error <#47> [EnergyMeterService evse1] - SendMeasurements - Temperature: could not read value (AfeSystemFault)
2026-02-25 00:12:52 Verb  <#47> [OcppClient] - Sent: [2,"19ec","MeterValues",{"connectorId":1,"meterValue":[{"timestamp":"2026-02-25T00:12:50.786Z","sampledValue":[{"value":"15.754","context":"Sample.Periodic","measurand":"Current.Import","phase":"L1","unit":"A"},{"value":"15.319","context":"Sample.Periodic","measurand":"Current.Import","phase":"L2","unit":"A"},{"value":"15.202","context":"Sample.Periodic","measurand":"Current.Import","phase":"L3","unit":"A"},{"value":"24362.5","context":"Sample.Periodic","measurand":"Energy.Active.Import.Register","unit":"kWh"},{"value":"49.95","context":"Sample.Periodic","measurand":"Frequency"},{"value":"3.7057","context":"Sample.Periodic","measurand":"Power.Active.Import","phase":"L1","unit":"kW"},{"value":"3.6011999","context":"Sample.Periodic","measurand":"Power.Active.Import","phase":"L2","unit":"kW"},{"value":"3.5853999","context":"Sample.Periodic","measurand":"Power.Active.Import","phase":"L3","unit":"kW"},{"value":"10.892401","context":"Sample.Periodic","measurand":"Power.Active.Import","unit":"kW"},{"value":"0.9973","context":"Sample.Periodic","measurand":"Power.Factor"},{"value":"236.1","context":"Sample.Periodic","measurand":"Voltage","phase":"L1","unit":"V"},{"value":"235.5","context":"Sample.Periodic","measurand":"Voltage","phase":"L2","unit":"V"},{"value":"236.4","context":"Sample.Periodic","measurand":"Voltage","phase":"L3","unit":"V"},{"value":"16","context":"Sample.Periodic","measurand":"Current.Offered","unit":"A"}]}],"transactionId":2027882}]
2026-02-25 00:12:52 Verb  <#47> [OcppClient] - Received: [3,"19ec",{}]
2026-02-25 00:12:52 Verb  <CommHandler first queue> [OcppMessageSender] - OcppMessageSender received response 
OcppAction: MeterValues
OcppMessage response: {}
2026-02-25 00:12:52 Verb  <EVT> [ConnectorLogic 1] - LastState: Charging
2026-02-25 00:12:52 Verb  <EVT> [ConnectorLogic 2] - LastState: ChargingPausedByEv
2026-02-25 00:12:53 Verb  <EVT> [ConnectorLogic 1] - LastState: Charging
2026-02-25 00:12:53 Verb  <EVT> [ConnectorLogic 2] - LastState: ChargingPausedByEv
2026-02-25 00:12:54 Verb  <EVT> [ConnectorLogic 1] - LastState: Charging
2026-02-25 00:12:54 Verb  <EVT> [Evse 1] - Created ConnectorStatusData: {
  "ConnectorId": 1,
  "Status": "Charging",
  "Current": {
    "L1": 15.759,
    "L2": 15.317,
    "L3": 15.199
  },
  "Power": {
    "L1": 3.7066998,
    "L2": 3.6013,
    "L3": 3.5855,
    "Total": 10.8935995
  },
  "Consumption": {
    "L1": 0.0,
    "L2": 0.0,
    "L3": 0.0,
    "Total": 31.8
  },
  "CurrentSession": {
    "StartTime": "2026-02-24T20:49:51.0918872Z",
    "ConsumedEnergy": 31.8,
    "PhaseUsedByVehicle": "L123",
    "VehicleMinCurrentA": 6.0,
    "VehicleMaxCurrentA": 15.828,
    "IsVehicleMaxCurrentKnown": true,
    "IsVehicleResponsive": true
  },
  "ChargingUserPreferences": {
    "ChargingMode": "Fast",
    "PlannedDepartureTime": "2026-02-25T06:30:00Z",
    "PlannedEnergyConsumption": 100.0
  },
  "CurrentSetpoint": 16
}
2026-02-25 00:12:54 Verb  <EVT> [ConnectorLogic 2] - LastState: ChargingPausedByEv
2026-02-25 00:12:54 Verb  <EVT> [Evse 2] - Created ConnectorStatusData: {
  "ConnectorId": 2,
  "Status": "ChargingPausedByEv",
  "Current": {
    "L1": 0.0,
    "L2": 0.0,
    "L3": 0.0
  },
  "Power": {
    "L1": 0.0,
    "L2": 0.0,
    "L3": 0.0,
    "Total": 0.0
  },
  "Consumption": {
    "L1": 0.0,
    "L2": 0.0,
    "L3": 0.0,
    "Total": 33.2
  },
  "CurrentSession": {
    "StartTime": "2026-02-24T19:36:48.6309339Z",
    "ConsumedEnergy": 33.2,
    "PhaseUsedByVehicle": "L123",
    "VehicleMinCurrentA": 6.0,
    "VehicleMaxCurrentA": 15.952,
    "IsVehicleMaxCurrentKnown": true,
    "IsVehicleResponsive": true
  },
  "ChargingUserPreferences": {
    "ChargingMode": "Fast",
    "PlannedDepartureTime": "2026-02-24T22:00:00Z",
    "PlannedEnergyConsumption": 100.0
  },
  "CurrentSetpoint": 16
}
2026-02-25 00:12:54 Verb  <EVT> [ConnectorLogic 1] - LastState: Charging
2026-02-25 00:12:54 Verb  <EVT> [ConnectorLogic 1] - TargetCurrents {
  "ChargingProfiles": {
    "Current": null,
    "Unit": "A",
    "Source": "ChargingProfiles"
  },
  "SmartCluster": {
    "Current": 16,
    "Unit": "A",
    "Source": "SmartCluster"
  }
}
2026-02-25 00:12:54 Info  <EVT> [ConnectorLogic 1] - TargetCurrent from SmartCluster, current: 16
2026-02-25 00:12:54 Verb  <EVT> [ConnectorLogic 1] - Applying 16 A from SmartCluster triggered by ConnectorMaxOutput (SmartCluster)
2026-02-25 00:12:54 Verb  <EVT> [ConnectorLogic 2] - LastState: ChargingPausedByEv
2026-02-25 00:12:54 Verb  <EVT> [ConnectorLogic 1] - LastState: Charging
2026-02-25 00:12:54 Verb  <EVT> [ConnectorLogic 2] - LastState: ChargingPausedByEv
2026-02-25 00:12:55 Verb  <EVT> [ConnectorLogic 1] - LastState: Charging
2026-02-25 00:12:55 Verb  <EVT> [ConnectorLogic 2] - LastState: ChargingPausedByEv
2026-02-25 00:12:56 Verb  <EVT> [ConnectorLogic 1] - LastState: Charging
2026-02-25 00:12:56 Verb  <EVT> [ConnectorLogic 2] - LastState: ChargingPausedByEv
2026-02-25 00:12:57 Verb  <#47> [SystemMonitor] - CPU loads: 1.59 1.7 1.73
2026-02-25 00:12:57 Verb  <#47> [SystemMonitor] - TotalPhysMem: 508,092 KiB, AvailPhysMem: 371,448 KiB
2026-02-25 00:12:57 Verb  <EVT> [ConnectorLogic 1] - LastState: Charging
2026-02-25 00:12:57 Verb  <EVT> [ConnectorLogic 2] - LastState: ChargingPausedByEv
2026-02-25 00:12:59 Verb  <EVT> [ConnectorLogic 1] - LastState: Charging
2026-02-25 00:12:59 Verb  <EVT> [ConnectorLogic 2] - LastState: ChargingPausedByEv
2026-02-25 00:12:59 Verb  <EVT> [ConnectorLogic 1] - LastState: Charging
2026-02-25 00:12:59 Verb  <EVT> [ConnectorLogic 2] - LastState: ChargingPausedByEv
2026-02-25 00:13:00 Verb  <EVT> [ConnectorLogic 1] - LastState: Charging
2026-02-25 00:13:00 Verb  <EVT> [ConnectorLogic 2] - LastState: ChargingPausedByEv
2026-02-25 00:13:01 Verb  <EVT> [ConnectorLogic 1] - LastState: Charging
2026-02-25 00:13:01 Verb  <EVT> [ConnectorLogic 2] - LastState: ChargingPausedByEv
2026-02-25 00:13:02 Verb  <EVT> [ConnectorLogic 1] - LastState: Charging
2026-02-25 00:13:02 Verb  <EVT> [ConnectorLogic 2] - LastState: ChargingPausedByEv
2026-02-25 00:13:03 Verb  <EVT> [ConnectorLogic 1] - LastState: Charging
2026-02-25 00:13:03 Verb  <EVT> [ConnectorLogic 2] - LastState: ChargingPausedByEv
2026-02-25 00:13:04 Verb  <EVT> [ConnectorLogic 1] - LastState: Charging
2026-02-25 00:13:04 Verb  <EVT> [ConnectorLogic 2] - LastState: ChargingPausedByEv
2026-02-25 00:13:05 Verb  <EVT> [ConnectorLogic 1] - LastState: Charging
2026-02-25 00:13:05 Verb  <EVT> [ConnectorLogic 2] - LastState: ChargingPausedByEv
2026-02-25 00:13:06 Verb  <EVT> [ConnectorLogic 1] - LastState: Charging
2026-02-25 00:13:06 Verb  <EVT> [ConnectorLogic 2] - LastState: ChargingPausedByEv
2026-02-25 00:13:07 Verb  <#72> [SystemMonitor] - CPU loads: 1.5 1.67 1.72
2026-02-25 00:13:07 Verb  <EVT> [ConnectorLogic 1] - LastState: Charging
2026-02-25 00:13:07 Verb  <EVT> [ConnectorLogic 2] - LastState: ChargingPausedByEv
2026-02-25 00:13:08 Verb  <EVT> [ConnectorLogic 1] - LastState: Charging
2026-02-25 00:13:08 Verb  <EVT> [ConnectorLogic 2] - LastState: ChargingPausedByEv
2026-02-25 00:13:09 Verb  <EVT> [ConnectorLogic 1] - LastState: Charging
2026-02-25 00:13:09 Verb  <EVT> [ConnectorLogic 2] - LastState: ChargingPausedByEv
2026-02-25 00:13:10 Verb  <EVT> [ConnectorLogic 1] - LastState: Charging
2026-02-25 00:13:10 Verb  <EVT> [ConnectorLogic 2] - LastState: ChargingPausedByEv
2026-02-25 00:13:11 Verb  <EVT> [ConnectorLogic 1] - LastState: Charging
2026-02-25 00:13:11 Verb  <EVT> [ConnectorLogic 2] - LastState: ChargingPausedByEv
2026-02-25 00:13:13 Verb  <EVT> [ConnectorLogic 1] - LastState: Charging
2026-02-25 00:13:13 Verb  <EVT> [ConnectorLogic 2] - LastState: ChargingPausedByEv
2026-02-25 00:13:16 Verb  <EVT> [ConnectorLogic 1] - LastState: Charging
2026-02-25 00:13:17 Verb  <#72> [SystemMonitor] - CPU loads: 1.66 1.7 1.73
2026-02-25 00:13:22 Verb  <EVT> [ConnectorLogic 2] - LastState: ChargingPausedByEv
2026-02-25 00:13:22 Verb  <EVT> [ConnectorLogic 1] - LastState: Charging
2026-02-25 00:13:22 Verb  <EVT> [ConnectorLogic 2] - LastState: ChargingPausedByEv
2026-02-25 00:13:24 Verb  <EVT> [ConnectorLogic 1] - LastState: Charging
2026-02-25 00:13:24 Verb  <EVT> [ConnectorLogic 2] - LastState: ChargingPausedByEv
2026-02-25 00:13:24 Verb  <EVT> [ConnectorLogic 1] - LastState: Charging
2026-02-25 00:13:24 Verb  <EVT> [Evse 1] - Created ConnectorShortStatusData: {
  "ConnectorId": 1,
  "Current": {
    "L1": 15.753,
    "L2": 15.309,
    "L3": 15.104
  },
  "Power": {
    "L1": 3.7057,
    "L2": 3.5948,
    "L3": 3.5678,
    "Total": 10.868401
  },
  "Consumption": {
    "L1": 0.0,
    "L2": 0.0,
    "L3": 0.0,
    "Total": 31.9
  },
  "LocalTarget": 16,
  "IsMaxCurrentKnown": true
}
2026-02-25 00:13:24 Verb  <EVT> [ConnectorLogic 2] - LastState: ChargingPausedByEv
2026-02-25 00:13:24 Verb  <EVT> [ConnectorLogic 1] - LastState: Charging
2026-02-25 00:13:24 Verb  <EVT> [ConnectorLogic 2] - LastState: ChargingPausedByEv
2026-02-25 00:13:24 Verb  <EVT> [ConnectorLogic 1] - LastState: Charging
2026-02-25 00:13:24 Verb  <EVT> [ConnectorLogic 2] - LastState: ChargingPausedByEv
2026-02-25 00:13:24 Verb  <EVT> [ConnectorLogic 1] - LastState: Charging
2026-02-25 00:13:24 Verb  <EVT> [ConnectorLogic 2] - LastState: ChargingPausedByEv
2026-02-25 00:13:24 Verb  <EVT> [ConnectorLogic 1] - LastState: Charging
2026-02-25 00:13:24 Verb  <EVT> [ConnectorLogic 2] - LastState: ChargingPausedByEv
2026-02-25 00:13:24 Verb  <EVT> [ConnectorLogic 1] - LastState: Charging
2026-02-25 00:13:24 Verb  <EVT> [ConnectorLogic 2] - LastState: ChargingPausedByEv
2026-02-25 00:13:24 Verb  <EVT> [ConnectorLogic 1] - LastState: Charging
2026-02-25 00:13:24 Verb  <EVT> [ConnectorLogic 2] - LastState: ChargingPausedByEv
2026-02-25 00:13:24 Verb  <EVT> [ConnectorLogic 1] - LastState: Charging
2026-02-25 00:13:24 Verb  <EVT> [ConnectorLogic 2] - LastState: ChargingPausedByEv
2026-02-25 00:13:24 Verb  <EVT> [ConnectorLogic 1] - LastState: Charging
2026-02-25 00:13:24 Verb  <EVT> [Evse 1] - Created ConnectorStatusData: {
  "ConnectorId": 1,
  "Status": "Charging",
  "Current": {
    "L1": 15.721,
    "L2": 15.28,
    "L3": 15.1
  },
  "Power": {
    "L1": 3.7057,
    "L2": 3.5948,
    "L3": 3.5678,
    "Total": 10.868401
  },
  "Consumption": {
    "L1": 0.0,
    "L2": 0.0,
    "L3": 0.0,
    "Total": 31.9
  },
  "CurrentSession": {
    "StartTime": "2026-02-24T20:49:51.0918872Z",
    "ConsumedEnergy": 31.9,
    "PhaseUsedByVehicle": "L123",
    "VehicleMinCurrentA": 6.0,
    "VehicleMaxCurrentA": 15.828,
    "IsVehicleMaxCurrentKnown": true,
    "IsVehicleResponsive": true
  },
  "ChargingUserPreferences": {
    "ChargingMode": "Fast",
    "PlannedDepartureTime": "2026-02-25T06:30:00Z",
    "PlannedEnergyConsumption": 100.0
  },
  "CurrentSetpoint": 16
}
2026-02-25 00:13:24 Verb  <EVT> [ConnectorLogic 2] - LastState: ChargingPausedByEv
2026-02-25 00:13:24 Verb  <EVT> [Evse 2] - Created ConnectorStatusData: {
  "ConnectorId": 2,
  "Status": "ChargingPausedByEv",
  "Current": {
    "L1": 0.0,
    "L2": 0.0,
    "L3": 0.0
  },
  "Power": {
    "L1": 0.0,
    "L2": 0.0,
    "L3": 0.0,
    "Total": 0.0
  },
  "Consumption": {
    "L1": 0.0,
    "L2": 0.0,
    "L3": 0.0,
    "Total": 33.2
  },
  "CurrentSession": {
    "StartTime": "2026-02-24T19:36:48.6309339Z",
    "ConsumedEnergy": 33.2,
    "PhaseUsedByVehicle": "L123",
    "VehicleMinCurrentA": 6.0,
    "VehicleMaxCurrentA": 15.952,
    "IsVehicleMaxCurrentKnown": true,
    "IsVehicleResponsive": true
  },
  "ChargingUserPreferences": {
    "ChargingMode": "Fast",
    "PlannedDepartureTime": "2026-02-24T22:00:00Z",
    "PlannedEnergyConsumption": 100.0
  },
  "CurrentSetpoint": 16
}
2026-02-25 00:13:24 Verb  <EVT> [ConnectorLogic 1] - LastState: Charging
2026-02-25 00:13:24 Verb  <EVT> [ConnectorLogic 2] - LastState: ChargingPausedByEv
2026-02-25 00:13:25 Verb  <EVT> [ConnectorLogic 1] - LastState: Charging
2026-02-25 00:13:25 Verb  <EVT> [ConnectorLogic 2] - LastState: ChargingPausedByEv
2026-02-25 00:13:26 Verb  <EVT> [ConnectorLogic 1] - LastState: Charging
2026-02-25 00:13:26 Verb  <EVT> [ConnectorLogic 2] - LastState: ChargingPausedByEv
2026-02-25 00:13:27 Verb  <#50> [SystemMonitor] - CPU loads: 1.48 1.66 1.72
2026-02-25 00:13:27 Verb  <EVT> [ConnectorLogic 1] - LastState: Charging
2026-02-25 00:13:27 Verb  <EVT> [ConnectorLogic 2] - LastState: ChargingPausedByEv
2026-02-25 00:13:27 Verb  <EVT> [ConnectorLogic 1] - LastState: Charging
2026-02-25 00:13:27 Verb  <EVT> [ConnectorLogic 1] - TargetCurrents {
  "ChargingProfiles": {
    "Current": null,
    "Unit": "A",
    "Source": "ChargingProfiles"
  },
  "SmartCluster": {
    "Current": 16,
    "Unit": "A",
    "Source": "SmartCluster"
  }
}
2026-02-25 00:13:27 Info  <EVT> [ConnectorLogic 1] - TargetCurrent from SmartCluster, current: 16
2026-02-25 00:13:27 Verb  <EVT> [ConnectorLogic 1] - Applying 16 A from SmartCluster triggered by ConnectorMaxOutput (SmartCluster)
2026-02-25 00:13:27 Verb  <EVT> [ConnectorLogic 2] - LastState: ChargingPausedByEv
2026-02-25 00:13:28 Verb  <EVT> [ConnectorLogic 1] - LastState: Charging
2026-02-25 00:13:28 Verb  <EVT> [ConnectorLogic 2] - LastState: ChargingPausedByEv
2026-02-25 00:13:29 Verb  <EVT> [ConnectorLogic 1] - LastState: Charging
2026-02-25 00:13:29 Verb  <EVT> [ConnectorLogic 2] - LastState: ChargingPausedByEv
2026-02-25 00:13:30 Verb  <EVT> [ConnectorLogic 1] - LastState: Charging
2026-02-25 00:13:30 Verb  <EVT> [ConnectorLogic 2] - LastState: ChargingPausedByEv
2026-02-25 00:13:31 Verb  <EVT> [ConnectorLogic 1] - LastState: Charging
2026-02-25 00:13:31 Verb  <EVT> [ConnectorLogic 2] - LastState: ChargingPausedByEv
2026-02-25 00:13:32 Verb  <EVT> [ConnectorLogic 1] - LastState: Charging
2026-02-25 00:13:32 Verb  <EVT> [ConnectorLogic 2] - LastState: ChargingPausedByEv
2026-02-25 00:13:33 Verb  <EVT> [ConnectorLogic 1] - LastState: Charging
2026-02-25 00:13:33 Verb  <EVT> [ConnectorLogic 2] - LastState: ChargingPausedByEv
2026-02-25 00:13:34 Verb  <EVT> [ConnectorLogic 1] - LastState: Charging
2026-02-25 00:13:34 Verb  <EVT> [ConnectorLogic 2] - LastState: ChargingPausedByEv
2026-02-25 00:13:35 Verb  <EVT> [ConnectorLogic 1] - LastState: Charging
2026-02-25 00:13:35 Verb  <EVT> [ConnectorLogic 2] - LastState: ChargingPausedByEv
2026-02-25 00:13:36 Verb  <EVT> [ConnectorLogic 1] - LastState: Charging
2026-02-25 00:13:36 Verb  <EVT> [ConnectorLogic 2] - LastState: ChargingPausedByEv
2026-02-25 00:13:37 Verb  <#45> [SystemMonitor] - CPU loads: 2.17 1.8 1.76
2026-02-25 00:13:37 Verb  <EVT> [ConnectorLogic 1] - LastState: Charging
2026-02-25 00:13:37 Verb  <EVT> [ConnectorLogic 2] - LastState: ChargingPausedByEv
2026-02-25 00:13:38 Verb  <EVT> [ConnectorLogic 1] - LastState: Charging
2026-02-25 00:13:38 Verb  <EVT> [ConnectorLogic 2] - LastState: ChargingPausedByEv
2026-02-25 00:13:39 Verb  <EVT> [ConnectorLogic 1] - LastState: Charging
2026-02-25 00:13:39 Verb  <EVT> [ConnectorLogic 2] - LastState: ChargingPausedByEv
2026-02-25 00:13:40 Verb  <EVT> [ConnectorLogic 1] - LastState: Charging
2026-02-25 00:13:40 Verb  <EVT> [ConnectorLogic 2] - LastState: ChargingPausedByEv
2026-02-25 00:13:41 Verb  <EVT> [ConnectorLogic 1] - LastState: Charging
2026-02-25 00:13:41 Verb  <EVT> [ConnectorLogic 2] - LastState: ChargingPausedByEv
2026-02-25 00:13:42 Verb  <EVT> [ConnectorLogic 1] - LastState: Charging
2026-02-25 00:13:42 Verb  <EVT> [ConnectorLogic 2] - LastState: ChargingPausedByEv
2026-02-25 00:13:43 Verb  <EVT> [ConnectorLogic 1] - LastState: Charging
2026-02-25 00:13:43 Verb  <EVT> [ConnectorLogic 2] - LastState: ChargingPausedByEv
2026-02-25 00:13:44 Verb  <EVT> [ConnectorLogic 1] - LastState: Charging
2026-02-25 00:13:44 Verb  <EVT> [ConnectorLogic 2] - LastState: ChargingPausedByEv
2026-02-25 00:13:45 Verb  <EVT> [ConnectorLogic 1] - LastState: Charging
2026-02-25 00:13:45 Verb  <EVT> [ConnectorLogic 2] - LastState: ChargingPausedByEv
2026-02-25 00:13:46 Verb  <EVT> [ConnectorLogic 1] - LastState: Charging
2026-02-25 00:13:46 Verb  <EVT> [ConnectorLogic 2] - LastState: ChargingPausedByEv
2026-02-25 00:13:47 Verb  <#78> [SystemMonitor] - CPU loads: 1.99 1.78 1.76
2026-02-25 00:13:47 Verb  <EVT> [ConnectorLogic 1] - LastState: Charging
2026-02-25 00:13:47 Verb  <EVT> [ConnectorLogic 2] - LastState: ChargingPausedByEv
2026-02-25 00:13:49 Warn  <#25> [AfeEnergyMeter] - Cannot read temperature from AFE: Could not find file '/sys/bus/spi/drivers/afe_at90e36/spi1.1/Temp'.
2026-02-25 00:13:49 Error <#25> [EnergyMeterService evse2] - SendMeasurements - Temperature: could not read value (AfeSystemFault)
2026-02-25 00:13:49 Verb  <EVT> [ConnectorLogic 1] - LastState: Charging
2026-02-25 00:13:49 Verb  <EVT> [ConnectorLogic 2] - LastState: ChargingPausedByEv
2026-02-25 00:13:49 Verb  <#25> [OcppClient] - Sent: [2,"19ed","MeterValues",{"connectorId":2,"meterValue":[{"timestamp":"2026-02-25T00:13:47.737Z","sampledValue":[{"value":"0","context":"Sample.Periodic","measurand":"Current.Import","phase":"L1","unit":"A"},{"value":"0","context":"Sample.Periodic","measurand":"Current.Import","phase":"L2","unit":"A"},{"value":"0","context":"Sample.Periodic","measurand":"Current.Import","phase":"L3","unit":"A"},{"value":"35855.8","context":"Sample.Periodic","measurand":"Energy.Active.Import.Register","unit":"kWh"},{"value":"49.99","context":"Sample.Periodic","measurand":"Frequency"},{"value":"0","context":"Sample.Periodic","measurand":"Power.Active.Import","phase":"L1","unit":"kW"},{"value":"0","context":"Sample.Periodic","measurand":"Power.Active.Import","phase":"L2","unit":"kW"},{"value":"0","context":"Sample.Periodic","measurand":"Power.Active.Import","phase":"L3","unit":"kW"},{"value":"0","context":"Sample.Periodic","measurand":"Power.Active.Import","unit":"kW"},{"value":"-1","context":"Sample.Periodic","measurand":"Power.Factor"},{"value":"236.8","context":"Sample.Periodic","measurand":"Voltage","phase":"L1","unit":"V"},{"value":"236.7","context":"Sample.Periodic","measurand":"Voltage","phase":"L2","unit":"V"},{"value":"236.1","context":"Sample.Periodic","measurand":"Voltage","phase":"L3","unit":"V"},{"value":"16","context":"Sample.Periodic","measurand":"Current.Offered","unit":"A"}]}],"transactionId":2027725}]
2026-02-25 00:13:50 Verb  <#74> [OcppClient] - Received: [3,"19ed",{}]
2026-02-25 00:13:50 Verb  <CommHandler first queue> [OcppMessageSender] - OcppMessageSender received response 
OcppAction: MeterValues
OcppMessage response: {}
2026-02-25 00:13:50 Verb  <EVT> [ConnectorLogic 1] - LastState: Charging
2026-02-25 00:13:50 Verb  <EVT> [ConnectorLogic 2] - LastState: ChargingPausedByEv
2026-02-25 00:13:51 Warn  <#25> [AfeEnergyMeter] - Cannot read temperature from AFE: Could not find file '/sys/bus/spi/drivers/afe_at90e36/spi1.1/Temp'.
2026-02-25 00:13:51 Error <#25> [EnergyMeterService evse1] - SendMeasurements - Temperature: could not read value (AfeSystemFault)
2026-02-25 00:13:51 Verb  <EVT> [ConnectorLogic 1] - LastState: Charging
2026-02-25 00:13:51 Verb  <EVT> [ConnectorLogic 2] - LastState: ChargingPausedByEv
2026-02-25 00:13:51 Verb  <EVT> [ConnectorLogic 1] - LastState: Charging
2026-02-25 00:13:51 Verb  <EVT> [ConnectorLogic 2] - LastState: ChargingPausedByEv
2026-02-25 00:13:52 Verb  <#25> [OcppClient] - Sent: [2,"19ee","MeterValues",{"connectorId":1,"meterValue":[{"timestamp":"2026-02-25T00:13:51.327Z","sampledValue":[{"value":"15.72","context":"Sample.Periodic","measurand":"Current.Import","phase":"L1","unit":"A"},{"value":"15.262","context":"Sample.Periodic","measurand":"Current.Import","phase":"L2","unit":"A"},{"value":"15.094","context":"Sample.Periodic","measurand":"Current.Import","phase":"L3","unit":"A"},{"value":"24362.6","context":"Sample.Periodic","measurand":"Energy.Active.Import.Register","unit":"kWh"},{"value":"49.99","context":"Sample.Periodic","measurand":"Frequency"},{"value":"3.7066998","context":"Sample.Periodic","measurand":"Power.Active.Import","phase":"L1","unit":"kW"},{"value":"3.5914","context":"Sample.Periodic","measurand":"Power.Active.Import","phase":"L2","unit":"kW"},{"value":"3.57","context":"Sample.Periodic","measurand":"Power.Active.Import","phase":"L3","unit":"kW"},{"value":"10.868099","context":"Sample.Periodic","measurand":"Power.Active.Import","unit":"kW"},{"value":"0.9973","context":"Sample.Periodic","measurand":"Power.Factor"},{"value":"236.7","context":"Sample.Periodic","measurand":"Voltage","phase":"L1","unit":"V"},{"value":"235.7","context":"Sample.Periodic","measurand":"Voltage","phase":"L2","unit":"V"},{"value":"237.1","context":"Sample.Periodic","measurand":"Voltage","phase":"L3","unit":"V"},{"value":"16","context":"Sample.Periodic","measurand":"Current.Offered","unit":"A"}]}],"transactionId":2027882}]
2026-02-25 00:13:52 Verb  <EVT> [ConnectorLogic 1] - LastState: Charging
2026-02-25 00:13:52 Verb  <EVT> [ConnectorLogic 2] - LastState: ChargingPausedByEv
2026-02-25 00:13:53 Verb  <#74> [OcppClient] - Received: [3,"19ee",{}]
2026-02-25 00:13:53 Verb  <CommHandler first queue> [OcppMessageSender] - OcppMessageSender received response 
OcppAction: MeterValues
OcppMessage response: {}
2026-02-25 00:13:53 Verb  <EVT> [ConnectorLogic 1] - LastState: Charging
2026-02-25 00:13:53 Verb  <EVT> [ConnectorLogic 2] - LastState: ChargingPausedByEv
2026-02-25 00:13:54 Verb  <EVT> [ConnectorLogic 1] - LastState: Charging
2026-02-25 00:13:54 Verb  <EVT> [ConnectorLogic 2] - LastState: ChargingPausedByEv
2026-02-25 00:13:55 Verb  <EVT> [ConnectorLogic 1] - LastState: Charging
2026-02-25 00:13:55 Verb  <EVT> [Evse 1] - Created ConnectorStatusData: {
  "ConnectorId": 1,
  "Status": "Charging",
  "Current": {
    "L1": 15.731,
    "L2": 15.284,
    "L3": 15.112
  },
  "Power": {
    "L1": 3.7052,
    "L2": 3.593,
    "L3": 3.5706,
    "Total": 10.8689
  },
  "Consumption": {
    "L1": 0.0,
    "L2": 0.0,
    "L3": 0.0,
    "Total": 32.0
  },
  "CurrentSession": {
    "StartTime": "2026-02-24T20:49:51.0918872Z",
    "ConsumedEnergy": 32.0,
    "PhaseUsedByVehicle": "L123",
    "VehicleMinCurrentA": 6.0,
    "VehicleMaxCurrentA": 15.828,
    "IsVehicleMaxCurrentKnown": true,
    "IsVehicleResponsive": true
  },
  "ChargingUserPreferences": {
    "ChargingMode": "Fast",
    "PlannedDepartureTime": "2026-02-25T06:30:00Z",
    "PlannedEnergyConsumption": 100.0
  },
  "CurrentSetpoint": 16
}
2026-02-25 00:13:55 Verb  <EVT> [ConnectorLogic 2] - LastState: ChargingPausedByEv
2026-02-25 00:13:55 Verb  <EVT> [Evse 2] - Created ConnectorStatusData: {
  "ConnectorId": 2,
  "Status": "ChargingPausedByEv",
  "Current": {
    "L1": 0.0,
    "L2": 0.0,
    "L3": 0.0
  },
  "Power": {
    "L1": 0.0,
    "L2": 0.0,
    "L3": 0.0,
    "Total": 0.0
  },
  "Consumption": {
    "L1": 0.0,
    "L2": 0.0,
    "L3": 0.0,
    "Total": 33.2
  },
  "CurrentSession": {
    "StartTime": "2026-02-24T19:36:48.6309339Z",
    "ConsumedEnergy": 33.2,
    "PhaseUsedByVehicle": "L123",
    "VehicleMinCurrentA": 6.0,
    "VehicleMaxCurrentA": 15.952,
    "IsVehicleMaxCurrentKnown": true,
    "IsVehicleResponsive": true
  },
  "ChargingUserPreferences": {
    "ChargingMode": "Fast",
    "PlannedDepartureTime": "2026-02-24T22:00:00Z",
    "PlannedEnergyConsumption": 100.0
  },
  "CurrentSetpoint": 16
}
2026-02-25 00:13:55 Verb  <EVT> [ConnectorLogic 1] - LastState: Charging
2026-02-25 00:13:55 Verb  <EVT> [ConnectorLogic 2] - LastState: ChargingPausedByEv
2026-02-25 00:13:56 Verb  <EVT> [ConnectorLogic 1] - LastState: Charging
2026-02-25 00:13:56 Verb  <EVT> [ConnectorLogic 1] - TargetCurrents {
  "ChargingProfiles": {
    "Current": null,
    "Unit": "A",
    "Source": "ChargingProfiles"
  },
  "SmartCluster": {
    "Current": 16,
    "Unit": "A",
    "Source": "SmartCluster"
  }
}
2026-02-25 00:13:56 Info  <EVT> [ConnectorLogic 1] - TargetCurrent from SmartCluster, current: 16
2026-02-25 00:13:56 Verb  <EVT> [ConnectorLogic 1] - Applying 16 A from SmartCluster triggered by ConnectorMaxOutput (SmartCluster)
2026-02-25 00:13:56 Verb  <EVT> [ConnectorLogic 2] - LastState: ChargingPausedByEv
2026-02-25 00:13:56 Verb  <EVT> [ConnectorLogic 1] - LastState: Charging
2026-02-25 00:13:56 Verb  <EVT> [ConnectorLogic 2] - LastState: ChargingPausedByEv
2026-02-25 00:13:57 Verb  <#25> [SystemMonitor] - CPU loads: 1.83 1.75 1.75
2026-02-25 00:13:57 Verb  <EVT> [ConnectorLogic 1] - LastState: Charging
2026-02-25 00:13:57 Verb  <EVT> [ConnectorLogic 2] - LastState: ChargingPausedByEv
2026-02-25 00:13:58 Verb  <EVT> [ConnectorLogic 1] - LastState: Charging
2026-02-25 00:13:58 Verb  <EVT> [ConnectorLogic 2] - LastState: ChargingPausedByEv
2026-02-25 00:13:59 Verb  <EVT> [ConnectorLogic 1] - LastState: Charging
2026-02-25 00:13:59 Verb  <EVT> [ConnectorLogic 2] - LastState: ChargingPausedByEv
2026-02-25 00:14:00 Verb  <EVT> [ConnectorLogic 1] - LastState: Charging
2026-02-25 00:14:00 Verb  <EVT> [ConnectorLogic 2] - LastState: ChargingPausedByEv
2026-02-25 00:14:01 Verb  <EVT> [ConnectorLogic 1] - LastState: Charging
2026-02-25 00:14:01 Verb  <EVT> [ConnectorLogic 2] - LastState: ChargingPausedByEv
2026-02-25 00:14:02 Verb  <EVT> [ConnectorLogic 1] - LastState: Charging
2026-02-25 00:14:02 Verb  <EVT> [ConnectorLogic 2] - LastState: ChargingPausedByEv
2026-02-25 00:14:03 Verb  <EVT> [ConnectorLogic 1] - LastState: Charging
2026-02-25 00:14:03 Verb  <EVT> [ConnectorLogic 2] - LastState: ChargingPausedByEv
2026-02-25 00:14:04 Verb  <EVT> [ConnectorLogic 1] - LastState: Charging
2026-02-25 00:14:04 Verb  <EVT> [ConnectorLogic 2] - LastState: ChargingPausedByEv
2026-02-25 00:14:05 Verb  <EVT> [ConnectorLogic 1] - LastState: Charging
2026-02-25 00:14:05 Verb  <EVT> [ConnectorLogic 2] - LastState: ChargingPausedByEv
2026-02-25 00:14:06 Verb  <EVT> [ConnectorLogic 1] - LastState: Charging
2026-02-25 00:14:06 Verb  <EVT> [ConnectorLogic 2] - LastState: ChargingPausedByEv
2026-02-25 00:14:07 Verb  <#25> [SystemMonitor] - CPU loads: 1.79 1.74 1.74
2026-02-25 00:14:07 Verb  <EVT> [ConnectorLogic 1] - LastState: Charging
2026-02-25 00:14:07 Verb  <EVT> [ConnectorLogic 2] - LastState: ChargingPausedByEv
2026-02-25 00:14:08 Verb  <EVT> [ConnectorLogic 1] - LastState: Charging
2026-02-25 00:14:08 Verb  <EVT> [ConnectorLogic 2] - LastState: ChargingPausedByEv
2026-02-25 00:14:09 Verb  <EVT> [ConnectorLogic 1] - LastState: Charging
2026-02-25 00:14:09 Verb  <EVT> [ConnectorLogic 2] - LastState: ChargingPausedByEv
2026-02-25 00:14:10 Verb  <EVT> [ConnectorLogic 1] - LastState: Charging
2026-02-25 00:14:10 Verb  <EVT> [ConnectorLogic 2] - LastState: ChargingPausedByEv
2026-02-25 00:14:11 Verb  <EVT> [ConnectorLogic 1] - LastState: Charging
2026-02-25 00:14:11 Verb  <EVT> [ConnectorLogic 2] - LastState: ChargingPausedByEv
2026-02-25 00:14:12 Verb  <EVT> [ConnectorLogic 1] - LastState: Charging
2026-02-25 00:14:12 Verb  <EVT> [ConnectorLogic 2] - LastState: ChargingPausedByEv
2026-02-25 00:14:13 Verb  <EVT> [ConnectorLogic 1] - LastState: Charging
2026-02-25 00:14:13 Verb  <EVT> [ConnectorLogic 2] - LastState: ChargingPausedByEv
2026-02-25 00:14:14 Verb  <EVT> [ConnectorLogic 1] - LastState: Charging
2026-02-25 00:14:14 Verb  <EVT> [ConnectorLogic 2] - LastState: ChargingPausedByEv
2026-02-25 00:14:15 Verb  <EVT> [ConnectorLogic 1] - LastState: Charging
2026-02-25 00:14:15 Verb  <EVT> [ConnectorLogic 2] - LastState: ChargingPausedByEv
2026-02-25 00:14:16 Verb  <EVT> [ConnectorLogic 1] - LastState: Charging
2026-02-25 00:14:16 Verb  <EVT> [ConnectorLogic 2] - LastState: ChargingPausedByEv
2026-02-25 00:14:17 Verb  <#50> [SystemMonitor] - CPU loads: 1.59 1.7 1.73
2026-02-25 00:14:17 Verb  <EVT> [ConnectorLogic 1] - LastState: Charging
2026-02-25 00:14:17 Verb  <EVT> [ConnectorLogic 2] - LastState: ChargingPausedByEv
2026-02-25 00:14:18 Verb  <EVT> [ConnectorLogic 1] - LastState: Charging
2026-02-25 00:14:18 Verb  <EVT> [ConnectorLogic 2] - LastState: ChargingPausedByEv
2026-02-25 00:14:19 Verb  <EVT> [ConnectorLogic 1] - LastState: Charging
2026-02-25 00:14:19 Verb  <EVT> [ConnectorLogic 2] - LastState: ChargingPausedByEv
2026-02-25 00:14:20 Verb  <EVT> [ConnectorLogic 1] - LastState: Charging
2026-02-25 00:14:20 Verb  <EVT> [ConnectorLogic 2] - LastState: ChargingPausedByEv
2026-02-25 00:14:21 Verb  <EVT> [ConnectorLogic 1] - LastState: Charging
2026-02-25 00:14:21 Verb  <EVT> [ConnectorLogic 2] - LastState: ChargingPausedByEv
2026-02-25 00:14:22 Verb  <EVT> [ConnectorLogic 1] - LastState: Charging
2026-02-25 00:14:22 Verb  <EVT> [ConnectorLogic 2] - LastState: ChargingPausedByEv
2026-02-25 00:14:24 Verb  <EVT> [ConnectorLogic 1] - LastState: Charging
2026-02-25 00:14:24 Verb  <EVT> [ConnectorLogic 2] - LastState: ChargingPausedByEv
2026-02-25 00:14:25 Verb  <EVT> [ConnectorLogic 1] - LastState: Charging
2026-02-25 00:14:25 Verb  <EVT> [ConnectorLogic 2] - LastState: ChargingPausedByEv
2026-02-25 00:14:25 Verb  <EVT> [ConnectorLogic 1] - LastState: Charging
2026-02-25 00:14:25 Verb  <EVT> [Evse 1] - Created ConnectorStatusData: {
  "ConnectorId": 1,
  "Status": "Charging",
  "Current": {
    "L1": 15.74,
    "L2": 15.277,
    "L3": 15.088
  },
  "Power": {
    "L1": 3.713,
    "L2": 3.595,
    "L3": 3.5666,
    "Total": 10.8744
  },
  "Consumption": {
    "L1": 0.0,
    "L2": 0.0,
    "L3": 0.0,
    "Total": 32.0
  },
  "CurrentSession": {
    "StartTime": "2026-02-24T20:49:51.0918872Z",
    "ConsumedEnergy": 32.0,
    "PhaseUsedByVehicle": "L123",
    "VehicleMinCurrentA": 6.0,
    "VehicleMaxCurrentA": 15.828,
    "IsVehicleMaxCurrentKnown": true,
    "IsVehicleResponsive": true
  },
  "ChargingUserPreferences": {
    "ChargingMode": "Fast",
    "PlannedDepartureTime": "2026-02-25T06:30:00Z",
    "PlannedEnergyConsumption": 100.0
  },
  "CurrentSetpoint": 16
}
2026-02-25 00:14:25 Verb  <EVT> [ConnectorLogic 2] - LastState: ChargingPausedByEv
2026-02-25 00:14:25 Verb  <EVT> [Evse 2] - Created ConnectorStatusData: {
  "ConnectorId": 2,
  "Status": "ChargingPausedByEv",
  "Current": {
    "L1": 0.0,
    "L2": 0.0,
    "L3": 0.0
  },
  "Power": {
    "L1": 0.0,
    "L2": 0.0,
    "L3": 0.0,
    "Total": 0.0
  },
  "Consumption": {
    "L1": 0.0,
    "L2": 0.0,
    "L3": 0.0,
    "Total": 33.2
  },
  "CurrentSession": {
    "StartTime": "2026-02-24T19:36:48.6309339Z",
    "ConsumedEnergy": 33.2,
    "PhaseUsedByVehicle": "L123",
    "VehicleMinCurrentA": 6.0,
    "VehicleMaxCurrentA": 15.952,
    "IsVehicleMaxCurrentKnown": true,
    "IsVehicleResponsive": true
  },
  "ChargingUserPreferences": {
    "ChargingMode": "Fast",
    "PlannedDepartureTime": "2026-02-24T22:00:00Z",
    "PlannedEnergyConsumption": 100.0
  },
  "CurrentSetpoint": 16
}
2026-02-25 00:14:26 Verb  <EVT> [ConnectorLogic 1] - LastState: Charging
2026-02-25 00:14:26 Verb  <EVT> [Evse 1] - Created ConnectorShortStatusData: {
  "ConnectorId": 1,
  "Current": {
    "L1": 15.74,
    "L2": 15.277,
    "L3": 15.088
  },
  "Power": {
    "L1": 3.713,
    "L2": 3.595,
    "L3": 3.5666,
    "Total": 10.8744
  },
  "Consumption": {
    "L1": 0.0,
    "L2": 0.0,
    "L3": 0.0,
    "Total": 32.1
  },
  "LocalTarget": 16,
  "IsMaxCurrentKnown": true
}
2026-02-25 00:14:26 Verb  <EVT> [ConnectorLogic 2] - LastState: ChargingPausedByEv
2026-02-25 00:14:27 Verb  <EVT> [ConnectorLogic 1] - LastState: Charging
2026-02-25 00:14:27 Verb  <EVT> [ConnectorLogic 2] - LastState: ChargingPausedByEv
2026-02-25 00:14:27 Verb  <#25> [SystemMonitor] - CPU loads: 1.42 1.66 1.72
2026-02-25 00:14:27 Verb  <EVT> [ConnectorLogic 1] - LastState: Charging
2026-02-25 00:14:27 Verb  <EVT> [ConnectorLogic 2] - LastState: ChargingPausedByEv
2026-02-25 00:14:28 Verb  <EVT> [ConnectorLogic 1] - LastState: Charging
2026-02-25 00:14:28 Verb  <EVT> [ConnectorLogic 2] - LastState: ChargingPausedByEv
2026-02-25 00:14:29 Verb  <EVT> [ConnectorLogic 1] - LastState: Charging
2026-02-25 00:14:29 Verb  <EVT> [ConnectorLogic 1] - TargetCurrents {
  "ChargingProfiles": {
    "Current": null,
    "Unit": "A",
    "Source": "ChargingProfiles"
  },
  "SmartCluster": {
    "Current": 16,
    "Unit": "A",
    "Source": "SmartCluster"
  }
}
2026-02-25 00:14:29 Info  <EVT> [ConnectorLogic 1] - TargetCurrent from SmartCluster, current: 16
2026-02-25 00:14:29 Verb  <EVT> [ConnectorLogic 1] - Applying 16 A from SmartCluster triggered by ConnectorMaxOutput (SmartCluster)
2026-02-25 00:14:29 Verb  <EVT> [ConnectorLogic 2] - LastState: ChargingPausedByEv
2026-02-25 00:14:29 Verb  <EVT> [ConnectorLogic 1] - LastState: Charging
2026-02-25 00:14:29 Verb  <EVT> [ConnectorLogic 2] - LastState: ChargingPausedByEv
2026-02-25 00:14:30 Verb  <EVT> [ConnectorLogic 1] - LastState: Charging
2026-02-25 00:14:30 Verb  <EVT> [ConnectorLogic 2] - LastState: ChargingPausedByEv
2026-02-25 00:14:31 Verb  <EVT> [ConnectorLogic 1] - LastState: Charging
2026-02-25 00:14:31 Verb  <EVT> [ConnectorLogic 2] - LastState: ChargingPausedByEv
2026-02-25 00:14:32 Verb  <EVT> [ConnectorLogic 1] - LastState: Charging
2026-02-25 00:14:32 Verb  <EVT> [ConnectorLogic 2] - LastState: ChargingPausedByEv
2026-02-25 00:14:33 Verb  <EVT> [ConnectorLogic 1] - LastState: Charging
2026-02-25 00:14:33 Verb  <EVT> [ConnectorLogic 2] - LastState: ChargingPausedByEv
2026-02-25 00:14:34 Verb  <EVT> [ConnectorLogic 1] - LastState: Charging
2026-02-25 00:14:34 Verb  <EVT> [ConnectorLogic 2] - LastState: ChargingPausedByEv
2026-02-25 00:14:35 Verb  <EVT> [ConnectorLogic 1] - LastState: Charging
2026-02-25 00:14:35 Verb  <EVT> [ConnectorLogic 2] - LastState: ChargingPausedByEv
2026-02-25 00:14:36 Verb  <EVT> [ConnectorLogic 1] - LastState: Charging
2026-02-25 00:14:36 Verb  <EVT> [ConnectorLogic 2] - LastState: ChargingPausedByEv
2026-02-25 00:14:37 Verb  <#25> [SystemMonitor] - CPU loads: 1.44 1.66 1.71
2026-02-25 00:14:37 Verb  <EVT> [ConnectorLogic 1] - LastState: Charging
2026-02-25 00:14:37 Verb  <EVT> [ConnectorLogic 2] - LastState: ChargingPausedByEv
2026-02-25 00:14:38 Verb  <EVT> [ConnectorLogic 1] - LastState: Charging
2026-02-25 00:14:38 Verb  <EVT> [ConnectorLogic 2] - LastState: ChargingPausedByEv
2026-02-25 00:14:39 Verb  <EVT> [ConnectorLogic 1] - LastState: Charging
2026-02-25 00:14:39 Verb  <EVT> [ConnectorLogic 2] - LastState: ChargingPausedByEv
2026-02-25 00:14:40 Verb  <EVT> [ConnectorLogic 1] - LastState: Charging
2026-02-25 00:14:40 Verb  <EVT> [ConnectorLogic 2] - LastState: ChargingPausedByEv
2026-02-25 00:14:41 Verb  <EVT> [ConnectorLogic 1] - LastState: Charging
2026-02-25 00:14:41 Verb  <EVT> [ConnectorLogic 2] - LastState: ChargingPausedByEv
2026-02-25 00:14:42 Verb  <EVT> [ConnectorLogic 1] - LastState: Charging
2026-02-25 00:14:42 Verb  <EVT> [ConnectorLogic 2] - LastState: ChargingPausedByEv
2026-02-25 00:14:43 Verb  <EVT> [ConnectorLogic 1] - LastState: Charging
2026-02-25 00:14:43 Verb  <EVT> [ConnectorLogic 2] - LastState: ChargingPausedByEv
2026-02-25 00:14:45 Verb  <EVT> [ConnectorLogic 1] - LastState: Charging
2026-02-25 00:14:45 Verb  <EVT> [ConnectorLogic 2] - LastState: ChargingPausedByEv
2026-02-25 00:14:45 Verb  <EVT> [ConnectorLogic 1] - LastState: Charging
2026-02-25 00:14:46 Verb  <EVT> [ConnectorLogic 2] - LastState: ChargingPausedByEv
2026-02-25 00:14:46 Verb  <EVT> [ConnectorLogic 1] - LastState: Charging
2026-02-25 00:14:46 Verb  <EVT> [ConnectorLogic 2] - LastState: ChargingPausedByEv
2026-02-25 00:14:47 Verb  <#25> [SystemMonitor] - CPU loads: 1.21 1.6 1.7
2026-02-25 00:14:47 Verb  <EVT> [ConnectorLogic 1] - LastState: Charging
2026-02-25 00:14:47 Verb  <EVT> [ConnectorLogic 2] - LastState: ChargingPausedByEv
2026-02-25 00:14:48 Verb  <EVT> [ConnectorLogic 1] - LastState: Charging
2026-02-25 00:14:48 Verb  <EVT> [ConnectorLogic 2] - LastState: ChargingPausedByEv
2026-02-25 00:14:48 Info  <#25> [AfeEnergyMeter] - Calibrating AFE at 1.1
2026-02-25 00:14:48 Warn  <#25> [AfeEnergyMeter] - Cannot read temperature from AFE: Could not find file '/sys/bus/spi/drivers/afe_at90e36/spi1.1/Temp'.
2026-02-25 00:14:48 Error <#25> [EnergyMeterService evse2] - SendMeasurements - Temperature: could not read value (AfeSystemFault)
2026-02-25 00:14:48 Verb  <#25> [OcppClient] - Sent: [2,"19ef","MeterValues",{"connectorId":2,"meterValue":[{"timestamp":"2026-02-25T00:14:47.771Z","sampledValue":[{"value":"0","context":"Sample.Periodic","measurand":"Current.Import","phase":"L1","unit":"A"},{"value":"0","context":"Sample.Periodic","measurand":"Current.Import","phase":"L2","unit":"A"},{"value":"0","context":"Sample.Periodic","measurand":"Current.Import","phase":"L3","unit":"A"},{"value":"35855.8","context":"Sample.Periodic","measurand":"Energy.Active.Import.Register","unit":"kWh"},{"value":"49.99","context":"Sample.Periodic","measurand":"Frequency"},{"value":"0","context":"Sample.Periodic","measurand":"Power.Active.Import","phase":"L1","unit":"kW"},{"value":"0","context":"Sample.Periodic","measurand":"Power.Active.Import","phase":"L2","unit":"kW"},{"value":"0","context":"Sample.Periodic","measurand":"Power.Active.Import","phase":"L3","unit":"kW"},{"value":"0","context":"Sample.Periodic","measurand":"Power.Active.Import","unit":"kW"},{"value":"-1","context":"Sample.Periodic","measurand":"Power.Factor"},{"value":"236.6","context":"Sample.Periodic","measurand":"Voltage","phase":"L1","unit":"V"},{"value":"236.7","context":"Sample.Periodic","measurand":"Voltage","phase":"L2","unit":"V"},{"value":"236","context":"Sample.Periodic","measurand":"Voltage","phase":"L3","unit":"V"},{"value":"16","context":"Sample.Periodic","measurand":"Current.Offered","unit":"A"}]}],"transactionId":2027725}]
2026-02-25 00:14:49 Verb  <EVT> [ConnectorLogic 1] - LastState: Charging
2026-02-25 00:14:49 Verb  <EVT> [ConnectorLogic 2] - LastState: ChargingPausedByEv
2026-02-25 00:14:49 Verb  <#74> [OcppClient] - Received: [3,"19ef",{}]
2026-02-25 00:14:49 Verb  <CommHandler first queue> [OcppMessageSender] - OcppMessageSender received response 
OcppAction: MeterValues
OcppMessage response: {}
2026-02-25 00:14:50 Verb  <EVT> [ConnectorLogic 1] - LastState: Charging
2026-02-25 00:14:50 Verb  <EVT> [ConnectorLogic 2] - LastState: ChargingPausedByEv
2026-02-25 00:14:51 Verb  <EVT> [ConnectorLogic 1] - LastState: Charging
2026-02-25 00:14:51 Warn  <#47> [AfeEnergyMeter] - Cannot read temperature from AFE: Could not find file '/sys/bus/spi/drivers/afe_at90e36/spi1.1/Temp'.
2026-02-25 00:14:51 Error <#47> [EnergyMeterService evse1] - SendMeasurements - Temperature: could not read value (AfeSystemFault)
2026-02-25 00:14:51 Verb  <#47> [OcppClient] - Sent: [2,"19f0","MeterValues",{"connectorId":1,"meterValue":[{"timestamp":"2026-02-25T00:14:49.795Z","sampledValue":[{"value":"15.737","context":"Sample.Periodic","measurand":"Current.Import","phase":"L1","unit":"A"},{"value":"15.279","context":"Sample.Periodic","measurand":"Current.Import","phase":"L2","unit":"A"},{"value":"15.117","context":"Sample.Periodic","measurand":"Current.Import","phase":"L3","unit":"A"},{"value":"24362.8","context":"Sample.Periodic","measurand":"Energy.Active.Import.Register","unit":"kWh"},{"value":"49.98","context":"Sample.Periodic","measurand":"Frequency"},{"value":"3.7113001","context":"Sample.Periodic","measurand":"Power.Active.Import","phase":"L1","unit":"kW"},{"value":"3.5948","context":"Sample.Periodic","measurand":"Power.Active.Import","phase":"L2","unit":"kW"},{"value":"3.5726001","context":"Sample.Periodic","measurand":"Power.Active.Import","phase":"L3","unit":"kW"},{"value":"10.878901","context":"Sample.Periodic","measurand":"Power.Active.Import","unit":"kW"},{"value":"0.9973","context":"Sample.Periodic","measurand":"Power.Factor"},{"value":"236.7","context":"Sample.Periodic","measurand":"Voltage","phase":"L1","unit":"V"},{"value":"235.7","context":"Sample.Periodic","measurand":"Voltage","phase":"L2","unit":"V"},{"value":"236.8","context":"Sample.Periodic","measurand":"Voltage","phase":"L3","unit":"V"},{"value":"16","context":"Sample.Periodic","measurand":"Current.Offered","unit":"A"}]}],"transactionId":2027882}]
2026-02-25 00:14:51 Verb  <EVT> [ConnectorLogic 2] - LastState: ChargingPausedByEv
2026-02-25 00:14:52 Verb  <#74> [OcppClient] - Received: [3,"19f0",{}]
2026-02-25 00:14:52 Verb  <CommHandler first queue> [OcppMessageSender] - OcppMessageSender received response 
OcppAction: MeterValues
OcppMessage response: {}
2026-02-25 00:14:53 Verb  <EVT> [ConnectorLogic 1] - LastState: Charging
2026-02-25 00:14:53 Verb  <EVT> [ConnectorLogic 2] - LastState: ChargingPausedByEv
2026-02-25 00:14:53 Verb  <EVT> [ConnectorLogic 1] - LastState: Charging
2026-02-25 00:14:53 Verb  <EVT> [ConnectorLogic 2] - LastState: ChargingPausedByEv
2026-02-25 00:14:54 Verb  <EVT> [ConnectorLogic 1] - LastState: Charging
2026-02-25 00:14:54 Verb  <EVT> [ConnectorLogic 2] - LastState: ChargingPausedByEv
2026-02-25 00:14:55 Verb  <EVT> [ConnectorLogic 1] - LastState: Charging
2026-02-25 00:14:55 Verb  <EVT> [ConnectorLogic 2] - LastState: ChargingPausedByEv
2026-02-25 00:14:56 Verb  <EVT> [ConnectorLogic 1] - LastState: Charging
2026-02-25 00:14:56 Verb  <EVT> [ConnectorLogic 2] - LastState: ChargingPausedByEv
2026-02-25 00:14:57 Verb  <#26> [SystemMonitor] - CPU loads: 1.18 1.58 1.69
2026-02-25 00:14:57 Verb  <EVT> [ConnectorLogic 1] - LastState: Charging
2026-02-25 00:14:57 Verb  <EVT> [Evse 1] - Created ConnectorStatusData: {
  "ConnectorId": 1,
  "Status": "Charging",
  "Current": {
    "L1": 15.723,
    "L2": 15.26,
    "L3": 15.153
  },
  "Power": {
    "L1": 3.7065,
    "L2": 3.5875,
    "L3": 3.5848,
    "Total": 10.878901
  },
  "Consumption": {
    "L1": 0.0,
    "L2": 0.0,
    "L3": 0.0,
    "Total": 32.1
  },
  "CurrentSession": {
    "StartTime": "2026-02-24T20:49:51.0918872Z",
    "ConsumedEnergy": 32.1,
    "PhaseUsedByVehicle": "L123",
    "VehicleMinCurrentA": 6.0,
    "VehicleMaxCurrentA": 15.828,
    "IsVehicleMaxCurrentKnown": true,
    "IsVehicleResponsive": true
  },
  "ChargingUserPreferences": {
    "ChargingMode": "Fast",
    "PlannedDepartureTime": "2026-02-25T06:30:00Z",
    "PlannedEnergyConsumption": 100.0
  },
  "CurrentSetpoint": 16
}
2026-02-25 00:14:57 Verb  <EVT> [ConnectorLogic 2] - LastState: ChargingPausedByEv
2026-02-25 00:14:57 Verb  <EVT> [Evse 2] - Created ConnectorStatusData: {
  "ConnectorId": 2,
  "Status": "ChargingPausedByEv",
  "Current": {
    "L1": 0.0,
    "L2": 0.0,
    "L3": 0.0
  },
  "Power": {
    "L1": 0.0,
    "L2": 0.0,
    "L3": 0.0,
    "Total": 0.0
  },
  "Consumption": {
    "L1": 0.0,
    "L2": 0.0,
    "L3": 0.0,
    "Total": 33.2
  },
  "CurrentSession": {
    "StartTime": "2026-02-24T19:36:48.6309339Z",
    "ConsumedEnergy": 33.2,
    "PhaseUsedByVehicle": "L123",
    "VehicleMinCurrentA": 6.0,
    "VehicleMaxCurrentA": 15.952,
    "IsVehicleMaxCurrentKnown": true,
    "IsVehicleResponsive": true
  },
  "ChargingUserPreferences": {
    "ChargingMode": "Fast",
    "PlannedDepartureTime": "2026-02-24T22:00:00Z",
    "PlannedEnergyConsumption": 100.0
  },
  "CurrentSetpoint": 16
}
2026-02-25 00:14:57 Verb  <EVT> [ConnectorLogic 1] - LastState: Charging
2026-02-25 00:14:57 Verb  <EVT> [ConnectorLogic 2] - LastState: ChargingPausedByEv
2026-02-25 00:14:58 Verb  <EVT> [ConnectorLogic 1] - LastState: Charging
2026-02-25 00:14:58 Verb  <EVT> [ConnectorLogic 2] - LastState: ChargingPausedByEv
2026-02-25 00:14:59 Verb  <EVT> [ConnectorLogic 1] - LastState: Charging
2026-02-25 00:14:59 Verb  <EVT> [ConnectorLogic 2] - LastState: ChargingPausedByEv
2026-02-25 00:14:59 Verb  <EVT> [ConnectorLogic 1] - LastState: Charging
2026-02-25 00:14:59 Verb  <EVT> [ConnectorLogic 1] - TargetCurrents {
  "ChargingProfiles": {
    "Current": null,
    "Unit": "A",
    "Source": "ChargingProfiles"
  },
  "SmartCluster": {
    "Current": 16,
    "Unit": "A",
    "Source": "SmartCluster"
  }
}
2026-02-25 00:14:59 Info  <EVT> [ConnectorLogic 1] - TargetCurrent from SmartCluster, current: 16
2026-02-25 00:14:59 Verb  <EVT> [ConnectorLogic 1] - Applying 16 A from SmartCluster triggered by ConnectorMaxOutput (SmartCluster)
2026-02-25 00:14:59 Verb  <EVT> [ConnectorLogic 2] - LastState: ChargingPausedByEv
2026-02-25 00:15:01 Verb  <EVT> [ConnectorLogic 1] - LastState: Charging
2026-02-25 00:15:01 Verb  <EVT> [ConnectorLogic 2] - LastState: ChargingPausedByEv
2026-02-25 00:15:01 Verb  <EVT> [ConnectorLogic 1] - LastState: Charging
2026-02-25 00:15:01 Verb  <EVT> [Evse 1] - Created ConnectorShortStatusData: {
  "ConnectorId": 1,
  "Current": {
    "L1": 15.717,
    "L2": 15.277,
    "L3": 15.149
  },
  "Power": {
    "L1": 3.7045,
    "L2": 3.5915,
    "L3": 3.584,
    "Total": 10.880099
  },
  "Consumption": {
    "L1": 0.0,
    "L2": 0.0,
    "L3": 0.0,
    "Total": 32.2
  },
  "LocalTarget": 16,
  "IsMaxCurrentKnown": true
}
2026-02-25 00:15:01 Verb  <EVT> [ConnectorLogic 2] - LastState: ChargingPausedByEv
2026-02-25 00:15:02 Verb  <EVT> [ConnectorLogic 1] - LastState: Charging
2026-02-25 00:15:02 Verb  <EVT> [ConnectorLogic 2] - LastState: ChargingPausedByEv
2026-02-25 00:15:03 Verb  <EVT> [ConnectorLogic 1] - LastState: Charging
2026-02-25 00:15:03 Verb  <EVT> [ConnectorLogic 2] - LastState: ChargingPausedByEv
2026-02-25 00:15:04 Verb  <EVT> [ConnectorLogic 1] - LastState: Charging
2026-02-25 00:15:04 Verb  <EVT> [ConnectorLogic 2] - LastState: ChargingPausedByEv
2026-02-25 00:15:05 Verb  <EVT> [ConnectorLogic 1] - LastState: Charging
2026-02-25 00:15:05 Verb  <EVT> [ConnectorLogic 2] - LastState: ChargingPausedByEv
2026-02-25 00:15:06 Verb  <EVT> [ConnectorLogic 1] - LastState: Charging
2026-02-25 00:15:06 Verb  <EVT> [ConnectorLogic 2] - LastState: ChargingPausedByEv
2026-02-25 00:15:07 Verb  <#47> [SystemMonitor] - CPU loads: 1.08 1.54 1.67
2026-02-25 00:15:07 Verb  <EVT> [ConnectorLogic 1] - LastState: Charging
2026-02-25 00:15:07 Verb  <EVT> [ConnectorLogic 2] - LastState: ChargingPausedByEv
2026-02-25 00:15:08 Verb  <EVT> [ConnectorLogic 1] - LastState: Charging
2026-02-25 00:15:08 Verb  <EVT> [ConnectorLogic 2] - LastState: ChargingPausedByEv
2026-02-25 00:15:09 Verb  <EVT> [ConnectorLogic 1] - LastState: Charging
2026-02-25 00:15:09 Verb  <EVT> [ConnectorLogic 2] - LastState: ChargingPausedByEv
2026-02-25 00:15:11 Verb  <EVT> [ConnectorLogic 1] - LastState: Charging
2026-02-25 00:15:11 Verb  <EVT> [ConnectorLogic 2] - LastState: ChargingPausedByEv
2026-02-25 00:15:11 Verb  <EVT> [ConnectorLogic 1] - LastState: Charging
2026-02-25 00:15:11 Verb  <EVT> [ConnectorLogic 2] - LastState: ChargingPausedByEv
2026-02-25 00:15:12 Verb  <EVT> [ConnectorLogic 1] - LastState: Charging
2026-02-25 00:15:12 Verb  <EVT> [ConnectorLogic 2] - LastState: ChargingPausedByEv
2026-02-25 00:15:13 Verb  <EVT> [ConnectorLogic 1] - LastState: Charging
2026-02-25 00:15:13 Verb  <EVT> [ConnectorLogic 2] - LastState: ChargingPausedByEv
2026-02-25 00:15:14 Verb  <EVT> [ConnectorLogic 1] - LastState: Charging
2026-02-25 00:15:14 Verb  <EVT> [ConnectorLogic 2] - LastState: ChargingPausedByEv
2026-02-25 00:15:15 Verb  <EVT> [ConnectorLogic 1] - LastState: Charging
2026-02-25 00:15:15 Verb  <EVT> [ConnectorLogic 2] - LastState: ChargingPausedByEv
2026-02-25 00:15:16 Verb  <EVT> [ConnectorLogic 1] - LastState: Charging
2026-02-25 00:15:16 Verb  <EVT> [ConnectorLogic 2] - LastState: ChargingPausedByEv
2026-02-25 00:15:17 Verb  <#47> [SystemMonitor] - CPU loads: 1.06 1.53 1.67
2026-02-25 00:15:17 Verb  <EVT> [ConnectorLogic 1] - LastState: Charging
2026-02-25 00:15:17 Verb  <EVT> [ConnectorLogic 2] - LastState: ChargingPausedByEv
2026-02-25 00:15:18 Verb  <EVT> [ConnectorLogic 1] - LastState: Charging
2026-02-25 00:15:18 Verb  <EVT> [ConnectorLogic 2] - LastState: ChargingPausedByEv
2026-02-25 00:15:19 Verb  <EVT> [ConnectorLogic 1] - LastState: Charging
2026-02-25 00:15:19 Verb  <EVT> [ConnectorLogic 2] - LastState: ChargingPausedByEv
2026-02-25 00:15:20 Verb  <EVT> [ConnectorLogic 1] - LastState: Charging
2026-02-25 00:15:20 Verb  <EVT> [ConnectorLogic 2] - LastState: ChargingPausedByEv
2026-02-25 00:15:21 Verb  <EVT> [ConnectorLogic 1] - LastState: Charging
2026-02-25 00:15:21 Verb  <EVT> [ConnectorLogic 2] - LastState: ChargingPausedByEv
2026-02-25 00:15:22 Verb  <EVT> [ConnectorLogic 1] - LastState: Charging
2026-02-25 00:15:22 Verb  <EVT> [ConnectorLogic 2] - LastState: ChargingPausedByEv
2026-02-25 00:15:23 Verb  <EVT> [ConnectorLogic 1] - LastState: Charging
2026-02-25 00:15:23 Verb  <EVT> [ConnectorLogic 2] - LastState: ChargingPausedByEv
2026-02-25 00:15:24 Verb  <EVT> [ConnectorLogic 1] - LastState: Charging
2026-02-25 00:15:24 Verb  <EVT> [ConnectorLogic 2] - LastState: ChargingPausedByEv
2026-02-25 00:15:25 Verb  <EVT> [ConnectorLogic 1] - LastState: Charging
2026-02-25 00:15:25 Verb  <EVT> [ConnectorLogic 2] - LastState: ChargingPausedByEv
2026-02-25 00:15:26 Verb  <EVT> [ConnectorLogic 1] - LastState: Charging
2026-02-25 00:15:26 Verb  <EVT> [ConnectorLogic 2] - LastState: ChargingPausedByEv
2026-02-25 00:15:27 Verb  <#50> [SystemMonitor] - CPU loads: 1.45 1.59 1.69
2026-02-25 00:15:27 Verb  <EVT> [ConnectorLogic 1] - LastState: Charging
2026-02-25 00:15:27 Verb  <EVT> [Evse 1] - Created ConnectorStatusData: {
  "ConnectorId": 1,
  "Status": "Charging",
  "Current": {
    "L1": 15.719,
    "L2": 15.274,
    "L3": 15.133
  },
  "Power": {
    "L1": 3.7066998,
    "L2": 3.5883,
    "L3": 3.584,
    "Total": 10.8792
  },
  "Consumption": {
    "L1": 0.0,
    "L2": 0.0,
    "L3": 0.0,
    "Total": 32.2
  },
  "CurrentSession": {
    "StartTime": "2026-02-24T20:49:51.0918872Z",
    "ConsumedEnergy": 32.2,
    "PhaseUsedByVehicle": "L123",
    "VehicleMinCurrentA": 6.0,
    "VehicleMaxCurrentA": 15.828,
    "IsVehicleMaxCurrentKnown": true,
    "IsVehicleResponsive": true
  },
  "ChargingUserPreferences": {
    "ChargingMode": "Fast",
    "PlannedDepartureTime": "2026-02-25T06:30:00Z",
    "PlannedEnergyConsumption": 100.0
  },
  "CurrentSetpoint": 16
}
2026-02-25 00:15:27 Verb  <EVT> [ConnectorLogic 2] - LastState: ChargingPausedByEv
2026-02-25 00:15:27 Verb  <EVT> [Evse 2] - Created ConnectorStatusData: {
  "ConnectorId": 2,
  "Status": "ChargingPausedByEv",
  "Current": {
    "L1": 0.0,
    "L2": 0.0,
    "L3": 0.0
  },
  "Power": {
    "L1": 0.0,
    "L2": 0.0,
    "L3": 0.0,
    "Total": 0.0
  },
  "Consumption": {
    "L1": 0.0,
    "L2": 0.0,
    "L3": 0.0,
    "Total": 33.2
  },
  "CurrentSession": {
    "StartTime": "2026-02-24T19:36:48.6309339Z",
    "ConsumedEnergy": 33.2,
    "PhaseUsedByVehicle": "L123",
    "VehicleMinCurrentA": 6.0,
    "VehicleMaxCurrentA": 15.952,
    "IsVehicleMaxCurrentKnown": true,
    "IsVehicleResponsive": true
  },
  "ChargingUserPreferences": {
    "ChargingMode": "Fast",
    "PlannedDepartureTime": "2026-02-24T22:00:00Z",
    "PlannedEnergyConsumption": 100.0
  },
  "CurrentSetpoint": 16
}
2026-02-25 00:15:27 Verb  <EVT> [ConnectorLogic 1] - LastState: Charging
2026-02-25 00:15:27 Verb  <EVT> [ConnectorLogic 2] - LastState: ChargingPausedByEv
2026-02-25 00:15:28 Verb  <EVT> [ConnectorLogic 1] - LastState: Charging
2026-02-25 00:15:28 Verb  <EVT> [ConnectorLogic 1] - TargetCurrents {
  "ChargingProfiles": {
    "Current": null,
    "Unit": "A",
    "Source": "ChargingProfiles"
  },
  "SmartCluster": {
    "Current": 16,
    "Unit": "A",
    "Source": "SmartCluster"
  }
}
2026-02-25 00:15:28 Info  <EVT> [ConnectorLogic 1] - TargetCurrent from SmartCluster, current: 16
2026-02-25 00:15:28 Verb  <EVT> [ConnectorLogic 1] - Applying 16 A from SmartCluster triggered by ConnectorMaxOutput (SmartCluster)
2026-02-25 00:15:28 Verb  <EVT> [ConnectorLogic 2] - LastState: ChargingPausedByEv
2026-02-25 00:15:28 Verb  <EVT> [ConnectorLogic 1] - LastState: Charging
2026-02-25 00:15:28 Verb  <EVT> [ConnectorLogic 2] - LastState: ChargingPausedByEv
2026-02-25 00:15:29 Verb  <EVT> [ConnectorLogic 1] - LastState: Charging
2026-02-25 00:15:29 Verb  <EVT> [ConnectorLogic 2] - LastState: ChargingPausedByEv
2026-02-25 00:15:30 Verb  <EVT> [ConnectorLogic 1] - LastState: Charging
2026-02-25 00:15:30 Verb  <EVT> [ConnectorLogic 2] - LastState: ChargingPausedByEv
2026-02-25 00:15:31 Verb  <EVT> [ConnectorLogic 1] - LastState: Charging
2026-02-25 00:15:31 Verb  <EVT> [ConnectorLogic 2] - LastState: ChargingPausedByEv
2026-02-25 00:15:32 Verb  <EVT> [ConnectorLogic 1] - LastState: Charging
2026-02-25 00:15:32 Verb  <EVT> [ConnectorLogic 2] - LastState: ChargingPausedByEv
2026-02-25 00:15:33 Verb  <EVT> [ConnectorLogic 1] - LastState: Charging
2026-02-25 00:15:33 Verb  <EVT> [Evse 1] - Created ConnectorShortStatusData: {
  "ConnectorId": 1,
  "Current": {
    "L1": 15.715,
    "L2": 15.294,
    "L3": 15.13
  },
  "Power": {
    "L1": 3.704,
    "L2": 3.5946002,
    "L3": 3.583,
    "Total": 10.8817005
  },
  "Consumption": {
    "L1": 0.0,
    "L2": 0.0,
    "L3": 0.0,
    "Total": 32.3
  },
  "LocalTarget": 16,
  "IsMaxCurrentKnown": true
}
2026-02-25 00:15:33 Verb  <EVT> [ConnectorLogic 2] - LastState: ChargingPausedByEv
2026-02-25 00:15:35 Verb  <EVT> [ConnectorLogic 1] - LastState: Charging
2026-02-25 00:15:35 Verb  <EVT> [ConnectorLogic 2] - LastState: ChargingPausedByEv
2026-02-25 00:15:35 Verb  <EVT> [ConnectorLogic 1] - LastState: Charging
2026-02-25 00:15:35 Verb  <EVT> [ConnectorLogic 2] - LastState: ChargingPausedByEv
2026-02-25 00:15:37 Verb  <EVT> [ConnectorLogic 1] - LastState: Charging
2026-02-25 00:15:37 Verb  <EVT> [ConnectorLogic 2] - LastState: ChargingPausedByEv
2026-02-25 00:15:37 Verb  <EVT> [ConnectorLogic 1] - LastState: Charging
2026-02-25 00:15:37 Verb  <EVT> [ConnectorLogic 2] - LastState: ChargingPausedByEv
2026-02-25 00:15:37 Verb  <#25> [SystemMonitor] - CPU loads: 1.39 1.57 1.68
2026-02-25 00:15:41 Verb  <EVT> [ConnectorLogic 1] - LastState: Charging
2026-02-25 00:15:41 Verb  <EVT> [ConnectorLogic 2] - LastState: ChargingPausedByEv
2026-02-25 00:15:41 Verb  <EVT> [ConnectorLogic 1] - LastState: Charging
2026-02-25 00:15:41 Verb  <EVT> [ConnectorLogic 2] - LastState: ChargingPausedByEv
2026-02-25 00:15:41 Verb  <EVT> [ConnectorLogic 1] - LastState: Charging
2026-02-25 00:15:41 Error <voltage check> [VoltageCheckService] - Could not read voltages L1, L2, L3 on evse 1
2026-02-25 00:15:43 Verb  <EVT> [ConnectorLogic 2] - LastState: ChargingPausedByEv
2026-02-25 00:15:43 Verb  <EVT> [ConnectorLogic 1] - LastState: Charging
2026-02-25 00:15:43 Verb  <EVT> [ConnectorLogic 2] - LastState: ChargingPausedByEv
2026-02-25 00:15:43 Verb  <EVT> [ConnectorLogic 1] - LastState: Charging
2026-02-25 00:15:43 Verb  <EVT> [ConnectorLogic 2] - LastState: ChargingPausedByEv
2026-02-25 00:15:43 Verb  <EVT> [ConnectorLogic 1] - LastState: Charging
2026-02-25 00:15:43 Verb  <EVT> [ConnectorLogic 2] - LastState: ChargingPausedByEv
2026-02-25 00:15:44 Verb  <EVT> [ConnectorLogic 1] - LastState: Charging
2026-02-25 00:15:44 Verb  <EVT> [ConnectorLogic 2] - LastState: ChargingPausedByEv
2026-02-25 00:15:45 Verb  <EVT> [ConnectorLogic 1] - LastState: Charging
2026-02-25 00:15:45 Verb  <EVT> [ConnectorLogic 2] - LastState: ChargingPausedByEv
2026-02-25 00:15:46 Verb  <EVT> [ConnectorLogic 1] - LastState: Charging
2026-02-25 00:15:46 Verb  <EVT> [ConnectorLogic 2] - LastState: ChargingPausedByEv
2026-02-25 00:15:47 Verb  <#76> [SystemMonitor] - CPU loads: 1.41 1.57 1.68
2026-02-25 00:15:47 Verb  <EVT> [ConnectorLogic 1] - LastState: Charging
2026-02-25 00:15:47 Verb  <EVT> [ConnectorLogic 2] - LastState: ChargingPausedByEv
2026-02-25 00:15:48 Verb  <EVT> [ConnectorLogic 1] - LastState: Charging
2026-02-25 00:15:48 Verb  <EVT> [ConnectorLogic 2] - LastState: ChargingPausedByEv
2026-02-25 00:15:48 Warn  <#36> [AfeEnergyMeter] - Cannot read temperature from AFE: Could not find file '/sys/bus/spi/drivers/afe_at90e36/spi1.1/Temp'.
2026-02-25 00:15:48 Error <#36> [EnergyMeterService evse2] - SendMeasurements - Temperature: could not read value (AfeSystemFault)
2026-02-25 00:15:49 Verb  <#25> [OcppClient] - Sent: [2,"19f1","MeterValues",{"connectorId":2,"meterValue":[{"timestamp":"2026-02-25T00:15:47.718Z","sampledValue":[{"value":"0","context":"Sample.Periodic","measurand":"Current.Import","phase":"L1","unit":"A"},{"value":"0","context":"Sample.Periodic","measurand":"Current.Import","phase":"L2","unit":"A"},{"value":"0","context":"Sample.Periodic","measurand":"Current.Import","phase":"L3","unit":"A"},{"value":"35855.8","context":"Sample.Periodic","measurand":"Energy.Active.Import.Register","unit":"kWh"},{"value":"50","context":"Sample.Periodic","measurand":"Frequency"},{"value":"0","context":"Sample.Periodic","measurand":"Power.Active.Import","phase":"L1","unit":"kW"},{"value":"0","context":"Sample.Periodic","measurand":"Power.Active.Import","phase":"L2","unit":"kW"},{"value":"0","context":"Sample.Periodic","measurand":"Power.Active.Import","phase":"L3","unit":"kW"},{"value":"0","context":"Sample.Periodic","measurand":"Power.Active.Import","unit":"kW"},{"value":"-1","context":"Sample.Periodic","measurand":"Power.Factor"},{"value":"236.9","context":"Sample.Periodic","measurand":"Voltage","phase":"L1","unit":"V"},{"value":"236.7","context":"Sample.Periodic","measurand":"Voltage","phase":"L2","unit":"V"},{"value":"235.9","context":"Sample.Periodic","measurand":"Voltage","phase":"L3","unit":"V"},{"value":"16","context":"Sample.Periodic","measurand":"Current.Offered","unit":"A"}]}],"transactionId":2027725}]
2026-02-25 00:15:49 Verb  <EVT> [ConnectorLogic 1] - LastState: Charging
2026-02-25 00:15:49 Verb  <EVT> [ConnectorLogic 2] - LastState: ChargingPausedByEv
2026-02-25 00:15:49 Verb  <#77> [OcppClient] - Received: [3,"19f1",{}]
2026-02-25 00:15:49 Verb  <CommHandler first queue> [OcppMessageSender] - OcppMessageSender received response 
OcppAction: MeterValues
OcppMessage response: {}
2026-02-25 00:15:50 Verb  <EVT> [ConnectorLogic 1] - LastState: Charging
2026-02-25 00:15:50 Verb  <EVT> [ConnectorLogic 2] - LastState: ChargingPausedByEv
2026-02-25 00:15:51 Verb  <EVT> [ConnectorLogic 1] - LastState: Charging
2026-02-25 00:15:51 Info  <#25> [AfeEnergyMeter] - Calibrating AFE at 1.1
2026-02-25 00:15:51 Verb  <EVT> [ConnectorLogic 2] - LastState: ChargingPausedByEv
2026-02-25 00:15:51 Warn  <#25> [AfeEnergyMeter] - Cannot read temperature from AFE: Could not find file '/sys/bus/spi/drivers/afe_at90e36/spi1.1/Temp'.
2026-02-25 00:15:51 Error <#25> [EnergyMeterService evse1] - SendMeasurements - Temperature: could not read value (AfeSystemFault)
2026-02-25 00:15:51 Verb  <#25> [OcppClient] - Sent: [2,"19f2","MeterValues",{"connectorId":1,"meterValue":[{"timestamp":"2026-02-25T00:15:50.709Z","sampledValue":[{"value":"15.714","context":"Sample.Periodic","measurand":"Current.Import","phase":"L1","unit":"A"},{"value":"15.305","context":"Sample.Periodic","measurand":"Current.Import","phase":"L2","unit":"A"},{"value":"15.121","context":"Sample.Periodic","measurand":"Current.Import","phase":"L3","unit":"A"},{"value":"24363","context":"Sample.Periodic","measurand":"Energy.Active.Import.Register","unit":"kWh"},{"value":"50.01","context":"Sample.Periodic","measurand":"Frequency"},{"value":"3.7061","context":"Sample.Periodic","measurand":"Power.Active.Import","phase":"L1","unit":"kW"},{"value":"3.5993001","context":"Sample.Periodic","measurand":"Power.Active.Import","phase":"L2","unit":"kW"},{"value":"3.5785","context":"Sample.Periodic","measurand":"Power.Active.Import","phase":"L3","unit":"kW"},{"value":"10.884","context":"Sample.Periodic","measurand":"Power.Active.Import","unit":"kW"},{"value":"0.9973","context":"Sample.Periodic","measurand":"Power.Factor"},{"value":"236.7","context":"Sample.Periodic","measurand":"Voltage","phase":"L1","unit":"V"},{"value":"235.6","context":"Sample.Periodic","measurand":"Voltage","phase":"L2","unit":"V"},{"value":"237.2","context":"Sample.Periodic","measurand":"Voltage","phase":"L3","unit":"V"},{"value":"16","context":"Sample.Periodic","measurand":"Current.Offered","unit":"A"}]}],"transactionId":2027882}]
2026-02-25 00:15:52 Verb  <#25> [OcppClient] - Received: [3,"19f2",{}]
2026-02-25 00:15:52 Verb  <CommHandler first queue> [OcppMessageSender] - OcppMessageSender received response 
OcppAction: MeterValues
OcppMessage response: {}
2026-02-25 00:15:52 Verb  <EVT> [ConnectorLogic 1] - LastState: Charging
2026-02-25 00:15:52 Verb  <EVT> [ConnectorLogic 2] - LastState: ChargingPausedByEv
2026-02-25 00:15:53 Verb  <EVT> [ConnectorLogic 1] - LastState: Charging
2026-02-25 00:15:53 Verb  <EVT> [ConnectorLogic 2] - LastState: ChargingPausedByEv
2026-02-25 00:15:54 Verb  <EVT> [ConnectorLogic 1] - LastState: Charging
2026-02-25 00:15:54 Verb  <EVT> [ConnectorLogic 2] - LastState: ChargingPausedByEv
2026-02-25 00:15:55 Verb  <EVT> [ConnectorLogic 1] - LastState: Charging
2026-02-25 00:15:55 Verb  <EVT> [ConnectorLogic 2] - LastState: ChargingPausedByEv
2026-02-25 00:15:56 Verb  <EVT> [ConnectorLogic 1] - LastState: Charging
2026-02-25 00:15:56 Verb  <EVT> [ConnectorLogic 2] - LastState: ChargingPausedByEv
2026-02-25 00:15:57 Verb  <#50> [SystemMonitor] - CPU loads: 1.35 1.55 1.67
2026-02-25 00:15:57 Verb  <EVT> [ConnectorLogic 1] - LastState: Charging
2026-02-25 00:15:57 Verb  <EVT> [Evse 1] - Created ConnectorStatusData: {
  "ConnectorId": 1,
  "Status": "Charging",
  "Current": {
    "L1": 15.728,
    "L2": 15.301,
    "L3": 15.141
  },
  "Power": {
    "L1": 3.7073,
    "L2": 3.5963998,
    "L3": 3.5811,
    "Total": 10.885099
  },
  "Consumption": {
    "L1": 0.0,
    "L2": 0.0,
    "L3": 0.0,
    "Total": 32.3
  },
  "CurrentSession": {
    "StartTime": "2026-02-24T20:49:51.0918872Z",
    "ConsumedEnergy": 32.3,
    "PhaseUsedByVehicle": "L123",
    "VehicleMinCurrentA": 6.0,
    "VehicleMaxCurrentA": 15.828,
    "IsVehicleMaxCurrentKnown": true,
    "IsVehicleResponsive": true
  },
  "ChargingUserPreferences": {
    "ChargingMode": "Fast",
    "PlannedDepartureTime": "2026-02-25T06:30:00Z",
    "PlannedEnergyConsumption": 100.0
  },
  "CurrentSetpoint": 16
}
2026-02-25 00:15:57 Verb  <EVT> [ConnectorLogic 2] - LastState: ChargingPausedByEv
2026-02-25 00:15:57 Verb  <EVT> [Evse 2] - Created ConnectorStatusData: {
  "ConnectorId": 2,
  "Status": "ChargingPausedByEv",
  "Current": {
    "L1": 0.0,
    "L2": 0.0,
    "L3": 0.0
  },
  "Power": {
    "L1": 0.0,
    "L2": 0.0,
    "L3": 0.0,
    "Total": 0.0
  },
  "Consumption": {
    "L1": 0.0,
    "L2": 0.0,
    "L3": 0.0,
    "Total": 33.2
  },
  "CurrentSession": {
    "StartTime": "2026-02-24T19:36:48.6309339Z",
    "ConsumedEnergy": 33.2,
    "PhaseUsedByVehicle": "L123",
    "VehicleMinCurrentA": 6.0,
    "VehicleMaxCurrentA": 15.952,
    "IsVehicleMaxCurrentKnown": true,
    "IsVehicleResponsive": true
  },
  "ChargingUserPreferences": {
    "ChargingMode": "Fast",
    "PlannedDepartureTime": "2026-02-24T22:00:00Z",
    "PlannedEnergyConsumption": 100.0
  },
  "CurrentSetpoint": 16
}
2026-02-25 00:15:57 Verb  <EVT> [ConnectorLogic 1] - LastState: Charging
2026-02-25 00:15:57 Verb  <EVT> [ConnectorLogic 2] - LastState: ChargingPausedByEv
2026-02-25 00:15:58 Verb  <EVT> [ConnectorLogic 1] - LastState: Charging
2026-02-25 00:15:58 Verb  <EVT> [ConnectorLogic 2] - LastState: ChargingPausedByEv
2026-02-25 00:15:59 Verb  <EVT> [ConnectorLogic 1] - LastState: Charging
2026-02-25 00:15:59 Verb  <EVT> [ConnectorLogic 1] - TargetCurrents {
  "ChargingProfiles": {
    "Current": null,
    "Unit": "A",
    "Source": "ChargingProfiles"
  },
  "SmartCluster": {
    "Current": 16,
    "Unit": "A",
    "Source": "SmartCluster"
  }
}
2026-02-25 00:15:59 Info  <EVT> [ConnectorLogic 1] - TargetCurrent from SmartCluster, current: 16
2026-02-25 00:15:59 Verb  <EVT> [ConnectorLogic 1] - Applying 16 A from SmartCluster triggered by ConnectorMaxOutput (SmartCluster)
2026-02-25 00:15:59 Verb  <EVT> [ConnectorLogic 2] - LastState: ChargingPausedByEv
2026-02-25 00:15:59 Verb  <EVT> [ConnectorLogic 1] - LastState: Charging
2026-02-25 00:15:59 Verb  <EVT> [ConnectorLogic 2] - LastState: ChargingPausedByEv
2026-02-25 00:16:00 Verb  <EVT> [ConnectorLogic 1] - LastState: Charging
2026-02-25 00:16:00 Verb  <EVT> [ConnectorLogic 2] - LastState: ChargingPausedByEv
2026-02-25 00:16:01 Verb  <EVT> [ConnectorLogic 1] - LastState: Charging
2026-02-25 00:16:01 Verb  <EVT> [ConnectorLogic 2] - LastState: ChargingPausedByEv
2026-02-25 00:16:02 Verb  <EVT> [ConnectorLogic 1] - LastState: Charging
2026-02-25 00:16:02 Verb  <EVT> [ConnectorLogic 2] - LastState: ChargingPausedByEv
2026-02-25 00:16:03 Verb  <EVT> [ConnectorLogic 1] - LastState: Charging
2026-02-25 00:16:03 Verb  <EVT> [ConnectorLogic 2] - LastState: ChargingPausedByEv
2026-02-25 00:16:04 Verb  <EVT> [ConnectorLogic 1] - LastState: Charging
2026-02-25 00:16:04 Verb  <EVT> [ConnectorLogic 2] - LastState: ChargingPausedByEv
2026-02-25 00:16:05 Verb  <EVT> [ConnectorLogic 1] - LastState: Charging
2026-02-25 00:16:05 Verb  <EVT> [ConnectorLogic 2] - LastState: ChargingPausedByEv
2026-02-25 00:16:06 Verb  <EVT> [ConnectorLogic 1] - LastState: Charging
2026-02-25 00:16:06 Verb  <EVT> [ConnectorLogic 2] - LastState: ChargingPausedByEv
2026-02-25 00:16:07 Verb  <#76> [SystemMonitor] - CPU loads: 1.29 1.53 1.66
2026-02-25 00:16:07 Verb  <EVT> [ConnectorLogic 1] - LastState: Charging
2026-02-25 00:16:07 Verb  <EVT> [Evse 1] - Created ConnectorShortStatusData: {
  "ConnectorId": 1,
  "Current": {
    "L1": 15.735,
    "L2": 15.295,
    "L3": 15.148
  },
  "Power": {
    "L1": 3.7113001,
    "L2": 3.5945,
    "L3": 3.5816998,
    "Total": 10.8877
  },
  "Consumption": {
    "L1": 0.0,
    "L2": 0.0,
    "L3": 0.0,
    "Total": 32.4
  },
  "LocalTarget": 16,
  "IsMaxCurrentKnown": true
}
2026-02-25 00:16:07 Verb  <EVT> [ConnectorLogic 2] - LastState: ChargingPausedByEv
2026-02-25 00:16:08 Verb  <EVT> [ConnectorLogic 1] - LastState: Charging
2026-02-25 00:16:08 Verb  <EVT> [ConnectorLogic 2] - LastState: ChargingPausedByEv
2026-02-25 00:16:09 Verb  <EVT> [ConnectorLogic 1] - LastState: Charging
2026-02-25 00:16:09 Verb  <EVT> [ConnectorLogic 2] - LastState: ChargingPausedByEv
2026-02-25 00:16:10 Verb  <EVT> [ConnectorLogic 1] - LastState: Charging
2026-02-25 00:16:10 Verb  <EVT> [ConnectorLogic 2] - LastState: ChargingPausedByEv
2026-02-25 00:16:11 Verb  <EVT> [ConnectorLogic 1] - LastState: Charging
2026-02-25 00:16:11 Verb  <EVT> [ConnectorLogic 2] - LastState: ChargingPausedByEv
2026-02-25 00:16:12 Verb  <EVT> [ConnectorLogic 1] - LastState: Charging
2026-02-25 00:16:12 Verb  <EVT> [ConnectorLogic 2] - LastState: ChargingPausedByEv
2026-02-25 00:16:13 Verb  <EVT> [ConnectorLogic 1] - LastState: Charging
2026-02-25 00:16:13 Verb  <EVT> [ConnectorLogic 2] - LastState: ChargingPausedByEv
2026-02-25 00:16:15 Verb  <EVT> [ConnectorLogic 1] - LastState: Charging
2026-02-25 00:16:15 Verb  <EVT> [ConnectorLogic 2] - LastState: ChargingPausedByEv
2026-02-25 00:16:16 Verb  <EVT> [ConnectorLogic 1] - LastState: Charging
2026-02-25 00:16:16 Verb  <EVT> [ConnectorLogic 2] - LastState: ChargingPausedByEv
2026-02-25 00:16:16 Verb  <EVT> [ConnectorLogic 1] - LastState: Charging
2026-02-25 00:16:16 Verb  <EVT> [ConnectorLogic 2] - LastState: ChargingPausedByEv
2026-02-25 00:16:17 Verb  <#36> [SystemMonitor] - CPU loads: 1.56 1.58 1.68
2026-02-25 00:16:17 Verb  <EVT> [ConnectorLogic 1] - LastState: Charging
2026-02-25 00:16:17 Verb  <EVT> [ConnectorLogic 2] - LastState: ChargingPausedByEv
2026-02-25 00:16:18 Verb  <EVT> [ConnectorLogic 1] - LastState: Charging
2026-02-25 00:16:18 Verb  <EVT> [ConnectorLogic 2] - LastState: ChargingPausedByEv
2026-02-25 00:16:19 Verb  <EVT> [ConnectorLogic 1] - LastState: Charging
2026-02-25 00:16:19 Verb  <EVT> [ConnectorLogic 2] - LastState: ChargingPausedByEv
2026-02-25 00:16:20 Verb  <EVT> [ConnectorLogic 1] - LastState: Charging
2026-02-25 00:16:20 Verb  <EVT> [ConnectorLogic 2] - LastState: ChargingPausedByEv
2026-02-25 00:16:21 Verb  <EVT> [ConnectorLogic 1] - LastState: Charging
2026-02-25 00:16:21 Verb  <EVT> [ConnectorLogic 2] - LastState: ChargingPausedByEv
2026-02-25 00:16:22 Verb  <EVT> [ConnectorLogic 1] - LastState: Charging
2026-02-25 00:16:22 Verb  <EVT> [ConnectorLogic 2] - LastState: ChargingPausedByEv
2026-02-25 00:16:23 Verb  <EVT> [ConnectorLogic 1] - LastState: Charging
2026-02-25 00:16:23 Verb  <EVT> [ConnectorLogic 2] - LastState: ChargingPausedByEv
2026-02-25 00:16:24 Verb  <EVT> [ConnectorLogic 1] - LastState: Charging
2026-02-25 00:16:24 Verb  <EVT> [ConnectorLogic 2] - LastState: ChargingPausedByEv
2026-02-25 00:16:25 Verb  <EVT> [ConnectorLogic 1] - LastState: Charging
2026-02-25 00:16:25 Verb  <EVT> [ConnectorLogic 2] - LastState: ChargingPausedByEv
2026-02-25 00:16:26 Verb  <EVT> [ConnectorLogic 1] - LastState: Charging
2026-02-25 00:16:26 Verb  <EVT> [ConnectorLogic 2] - LastState: ChargingPausedByEv
2026-02-25 00:16:27 Verb  <#77> [SystemMonitor] - CPU loads: 1.4 1.55 1.66
2026-02-25 00:16:27 Verb  <EVT> [ConnectorLogic 1] - LastState: Charging
2026-02-25 00:16:27 Verb  <EVT> [ConnectorLogic 2] - LastState: ChargingPausedByEv
2026-02-25 00:16:27 Verb  <EVT> [ConnectorLogic 1] - LastState: Charging
2026-02-25 00:16:27 Verb  <EVT> [Evse 1] - Created ConnectorStatusData: {
  "ConnectorId": 1,
  "Status": "Charging",
  "Current": {
    "L1": 15.736,
    "L2": 15.325,
    "L3": 15.212
  },
  "Power": {
    "L1": 3.7038,
    "L2": 3.6011002,
    "L3": 3.5863001,
    "Total": 10.8913
  },
  "Consumption": {
    "L1": 0.0,
    "L2": 0.0,
    "L3": 0.0,
    "Total": 32.4
  },
  "CurrentSession": {
    "StartTime": "2026-02-24T20:49:51.0918872Z",
    "ConsumedEnergy": 32.4,
    "PhaseUsedByVehicle": "L123",
    "VehicleMinCurrentA": 6.0,
    "VehicleMaxCurrentA": 15.828,
    "IsVehicleMaxCurrentKnown": true,
    "IsVehicleResponsive": true
  },
  "ChargingUserPreferences": {
    "ChargingMode": "Fast",
    "PlannedDepartureTime": "2026-02-25T06:30:00Z",
    "PlannedEnergyConsumption": 100.0
  },
  "CurrentSetpoint": 16
}
2026-02-25 00:16:27 Verb  <EVT> [ConnectorLogic 2] - LastState: ChargingPausedByEv
2026-02-25 00:16:27 Verb  <EVT> [Evse 2] - Created ConnectorStatusData: {
  "ConnectorId": 2,
  "Status": "ChargingPausedByEv",
  "Current": {
    "L1": 0.0,
    "L2": 0.0,
    "L3": 0.0
  },
  "Power": {
    "L1": 0.0,
    "L2": 0.0,
    "L3": 0.0,
    "Total": 0.0
  },
  "Consumption": {
    "L1": 0.0,
    "L2": 0.0,
    "L3": 0.0,
    "Total": 33.2
  },
  "CurrentSession": {
    "StartTime": "2026-02-24T19:36:48.6309339Z",
    "ConsumedEnergy": 33.2,
    "PhaseUsedByVehicle": "L123",
    "VehicleMinCurrentA": 6.0,
    "VehicleMaxCurrentA": 15.952,
    "IsVehicleMaxCurrentKnown": true,
    "IsVehicleResponsive": true
  },
  "ChargingUserPreferences": {
    "ChargingMode": "Fast",
    "PlannedDepartureTime": "2026-02-24T22:00:00Z",
    "PlannedEnergyConsumption": 100.0
  },
  "CurrentSetpoint": 16
}
2026-02-25 00:16:28 Verb  <EVT> [ConnectorLogic 1] - LastState: Charging
2026-02-25 00:16:28 Verb  <EVT> [ConnectorLogic 2] - LastState: ChargingPausedByEv
2026-02-25 00:16:29 Verb  <EVT> [ConnectorLogic 1] - LastState: Charging
2026-02-25 00:16:29 Verb  <EVT> [ConnectorLogic 1] - TargetCurrents {
  "ChargingProfiles": {
    "Current": null,
    "Unit": "A",
    "Source": "ChargingProfiles"
  },
  "SmartCluster": {
    "Current": 16,
    "Unit": "A",
    "Source": "SmartCluster"
  }
}
2026-02-25 00:16:29 Info  <EVT> [ConnectorLogic 1] - TargetCurrent from SmartCluster, current: 16
2026-02-25 00:16:29 Verb  <EVT> [ConnectorLogic 1] - Applying 16 A from SmartCluster triggered by ConnectorMaxOutput (SmartCluster)
2026-02-25 00:16:29 Verb  <EVT> [ConnectorLogic 2] - LastState: ChargingPausedByEv
2026-02-25 00:16:29 Verb  <EVT> [ConnectorLogic 1] - LastState: Charging
2026-02-25 00:16:29 Verb  <EVT> [ConnectorLogic 2] - LastState: ChargingPausedByEv
2026-02-25 00:16:30 Verb  <EVT> [ConnectorLogic 1] - LastState: Charging
2026-02-25 00:16:30 Verb  <EVT> [ConnectorLogic 2] - LastState: ChargingPausedByEv
2026-02-25 00:16:31 Verb  <EVT> [ConnectorLogic 1] - LastState: Charging
2026-02-25 00:16:31 Verb  <EVT> [ConnectorLogic 2] - LastState: ChargingPausedByEv
2026-02-25 00:16:32 Verb  <EVT> [ConnectorLogic 1] - LastState: Charging
2026-02-25 00:16:32 Verb  <EVT> [ConnectorLogic 2] - LastState: ChargingPausedByEv
2026-02-25 00:16:33 Verb  <EVT> [ConnectorLogic 1] - LastState: Charging
2026-02-25 00:16:33 Verb  <EVT> [ConnectorLogic 2] - LastState: ChargingPausedByEv
2026-02-25 00:16:34 Verb  <EVT> [ConnectorLogic 1] - LastState: Charging
2026-02-25 00:16:34 Verb  <EVT> [ConnectorLogic 2] - LastState: ChargingPausedByEv
2026-02-25 00:16:35 Verb  <EVT> [ConnectorLogic 1] - LastState: Charging
2026-02-25 00:16:35 Verb  <EVT> [ConnectorLogic 2] - LastState: ChargingPausedByEv
2026-02-25 00:16:36 Verb  <EVT> [ConnectorLogic 1] - LastState: Charging
2026-02-25 00:16:36 Verb  <EVT> [ConnectorLogic 2] - LastState: ChargingPausedByEv
2026-02-25 00:16:37 Verb  <#76> [SystemMonitor] - CPU loads: 1.98 1.66 1.7
2026-02-25 00:16:37 Verb  <EVT> [ConnectorLogic 1] - LastState: Charging
2026-02-25 00:16:37 Verb  <EVT> [ConnectorLogic 2] - LastState: ChargingPausedByEv
2026-02-25 00:16:38 Verb  <EVT> [ConnectorLogic 1] - LastState: Charging
2026-02-25 00:16:38 Verb  <EVT> [ConnectorLogic 2] - LastState: ChargingPausedByEv
2026-02-25 00:16:39 Verb  <EVT> [ConnectorLogic 1] - LastState: Charging
2026-02-25 00:16:39 Verb  <EVT> [Evse 1] - Created ConnectorShortStatusData: {
  "ConnectorId": 1,
  "Current": {
    "L1": 15.733,
    "L2": 15.302,
    "L3": 15.204
  },
  "Power": {
    "L1": 3.7073,
    "L2": 3.5963001,
    "L3": 3.5872,
    "Total": 10.890901
  },
  "Consumption": {
    "L1": 0.0,
    "L2": 0.0,
    "L3": 0.0,
    "Total": 32.5
  },
  "LocalTarget": 16,
  "IsMaxCurrentKnown": true
}
2026-02-25 00:16:39 Verb  <EVT> [ConnectorLogic 2] - LastState: ChargingPausedByEv
2026-02-25 00:16:40 Verb  <EVT> [ConnectorLogic 1] - LastState: Charging
2026-02-25 00:16:40 Verb  <EVT> [ConnectorLogic 2] - LastState: ChargingPausedByEv
2026-02-25 00:16:41 Verb  <EVT> [ConnectorLogic 1] - LastState: Charging
2026-02-25 00:16:41 Verb  <EVT> [ConnectorLogic 2] - LastState: ChargingPausedByEv
2026-02-25 00:16:42 Verb  <EVT> [ConnectorLogic 1] - LastState: Charging
2026-02-25 00:16:42 Verb  <EVT> [ConnectorLogic 2] - LastState: ChargingPausedByEv
2026-02-25 00:16:43 Verb  <EVT> [ConnectorLogic 1] - LastState: Charging
2026-02-25 00:16:43 Verb  <EVT> [ConnectorLogic 2] - LastState: ChargingPausedByEv
2026-02-25 00:16:44 Verb  <EVT> [ConnectorLogic 1] - LastState: Charging
2026-02-25 00:16:44 Verb  <EVT> [ConnectorLogic 2] - LastState: ChargingPausedByEv
2026-02-25 00:16:45 Verb  <EVT> [ConnectorLogic 1] - LastState: Charging
2026-02-25 00:16:45 Verb  <EVT> [ConnectorLogic 2] - LastState: ChargingPausedByEv
2026-02-25 00:16:46 Verb  <EVT> [ConnectorLogic 1] - LastState: Charging
2026-02-25 00:16:46 Verb  <EVT> [ConnectorLogic 2] - LastState: ChargingPausedByEv
2026-02-25 00:16:47 Verb  <#76> [SystemMonitor] - CPU loads: 1.91 1.65 1.7
2026-02-25 00:16:47 Verb  <EVT> [ConnectorLogic 1] - LastState: Charging
2026-02-25 00:16:47 Verb  <EVT> [ConnectorLogic 2] - LastState: ChargingPausedByEv
2026-02-25 00:16:48 Verb  <EVT> [ConnectorLogic 1] - LastState: Charging
2026-02-25 00:16:48 Verb  <EVT> [ConnectorLogic 2] - LastState: ChargingPausedByEv
2026-02-25 00:16:48 Warn  <#50> [AfeEnergyMeter] - Cannot read temperature from AFE: Could not find file '/sys/bus/spi/drivers/afe_at90e36/spi1.1/Temp'.
2026-02-25 00:16:48 Error <#50> [EnergyMeterService evse2] - SendMeasurements - Temperature: could not read value (AfeSystemFault)
2026-02-25 00:16:49 Verb  <#50> [OcppClient] - Sent: [2,"19f3","MeterValues",{"connectorId":2,"meterValue":[{"timestamp":"2026-02-25T00:16:47.707Z","sampledValue":[{"value":"0","context":"Sample.Periodic","measurand":"Current.Import","phase":"L1","unit":"A"},{"value":"0","context":"Sample.Periodic","measurand":"Current.Import","phase":"L2","unit":"A"},{"value":"0","context":"Sample.Periodic","measurand":"Current.Import","phase":"L3","unit":"A"},{"value":"35855.8","context":"Sample.Periodic","measurand":"Energy.Active.Import.Register","unit":"kWh"},{"value":"50.02","context":"Sample.Periodic","measurand":"Frequency"},{"value":"0","context":"Sample.Periodic","measurand":"Power.Active.Import","phase":"L1","unit":"kW"},{"value":"0","context":"Sample.Periodic","measurand":"Power.Active.Import","phase":"L2","unit":"kW"},{"value":"0","context":"Sample.Periodic","measurand":"Power.Active.Import","phase":"L3","unit":"kW"},{"value":"0","context":"Sample.Periodic","measurand":"Power.Active.Import","unit":"kW"},{"value":"-1","context":"Sample.Periodic","measurand":"Power.Factor"},{"value":"236.1","context":"Sample.Periodic","measurand":"Voltage","phase":"L1","unit":"V"},{"value":"236.4","context":"Sample.Periodic","measurand":"Voltage","phase":"L2","unit":"V"},{"value":"235.5","context":"Sample.Periodic","measurand":"Voltage","phase":"L3","unit":"V"},{"value":"16","context":"Sample.Periodic","measurand":"Current.Offered","unit":"A"}]}],"transactionId":2027725}]
2026-02-25 00:16:49 Verb  <EVT> [ConnectorLogic 1] - LastState: Charging
2026-02-25 00:16:49 Verb  <EVT> [ConnectorLogic 2] - LastState: ChargingPausedByEv
2026-02-25 00:16:49 Verb  <#36> [OcppClient] - Received: [3,"19f3",{}]
2026-02-25 00:16:49 Verb  <CommHandler first queue> [OcppMessageSender] - OcppMessageSender received response 
OcppAction: MeterValues
OcppMessage response: {}
2026-02-25 00:16:50 Verb  <EVT> [ConnectorLogic 1] - LastState: Charging
2026-02-25 00:16:50 Verb  <EVT> [ConnectorLogic 2] - LastState: ChargingPausedByEv
2026-02-25 00:16:51 Verb  <EVT> [ConnectorLogic 1] - LastState: Charging
2026-02-25 00:16:51 Verb  <EVT> [ConnectorLogic 2] - LastState: ChargingPausedByEv
2026-02-25 00:16:51 Warn  <#48> [AfeEnergyMeter] - Cannot read temperature from AFE: Could not find file '/sys/bus/spi/drivers/afe_at90e36/spi1.1/Temp'.
2026-02-25 00:16:51 Error <#48> [EnergyMeterService evse1] - SendMeasurements - Temperature: could not read value (AfeSystemFault)
2026-02-25 00:16:51 Verb  <#48> [OcppClient] - Sent: [2,"19f4","MeterValues",{"connectorId":1,"meterValue":[{"timestamp":"2026-02-25T00:16:50.973Z","sampledValue":[{"value":"15.738","context":"Sample.Periodic","measurand":"Current.Import","phase":"L1","unit":"A"},{"value":"15.304","context":"Sample.Periodic","measurand":"Current.Import","phase":"L2","unit":"A"},{"value":"15.195","context":"Sample.Periodic","measurand":"Current.Import","phase":"L3","unit":"A"},{"value":"24363.2","context":"Sample.Periodic","measurand":"Energy.Active.Import.Register","unit":"kWh"},{"value":"50.01","context":"Sample.Periodic","measurand":"Frequency"},{"value":"3.7111","context":"Sample.Periodic","measurand":"Power.Active.Import","phase":"L1","unit":"kW"},{"value":"3.5962","context":"Sample.Periodic","measurand":"Power.Active.Import","phase":"L2","unit":"kW"},{"value":"3.5876","context":"Sample.Periodic","measurand":"Power.Active.Import","phase":"L3","unit":"kW"},{"value":"10.8949","context":"Sample.Periodic","measurand":"Power.Active.Import","unit":"kW"},{"value":"0.9973","context":"Sample.Periodic","measurand":"Power.Factor"},{"value":"236.6","context":"Sample.Periodic","measurand":"Voltage","phase":"L1","unit":"V"},{"value":"235.4","context":"Sample.Periodic","measurand":"Voltage","phase":"L2","unit":"V"},{"value":"236.6","context":"Sample.Periodic","measurand":"Voltage","phase":"L3","unit":"V"},{"value":"16","context":"Sample.Periodic","measurand":"Current.Offered","unit":"A"}]}],"transactionId":2027882}]
2026-02-25 00:16:52 Verb  <#48> [OcppClient] - Received: [3,"19f4",{}]
2026-02-25 00:16:52 Verb  <CommHandler first queue> [OcppMessageSender] - OcppMessageSender received response 
OcppAction: MeterValues
OcppMessage response: {}
2026-02-25 00:16:52 Verb  <EVT> [ConnectorLogic 1] - LastState: Charging
2026-02-25 00:16:52 Verb  <EVT> [ConnectorLogic 2] - LastState: ChargingPausedByEv
2026-02-25 00:16:53 Verb  <EVT> [ConnectorLogic 1] - LastState: Charging
2026-02-25 00:16:53 Verb  <EVT> [ConnectorLogic 2] - LastState: ChargingPausedByEv
2026-02-25 00:16:54 Verb  <EVT> [ConnectorLogic 1] - LastState: Charging
2026-02-25 00:16:54 Verb  <EVT> [ConnectorLogic 2] - LastState: ChargingPausedByEv
2026-02-25 00:16:55 Verb  <EVT> [ConnectorLogic 1] - LastState: Charging
2026-02-25 00:16:55 Verb  <EVT> [ConnectorLogic 2] - LastState: ChargingPausedByEv
2026-02-25 00:16:56 Verb  <EVT> [ConnectorLogic 1] - LastState: Charging
2026-02-25 00:16:56 Verb  <EVT> [ConnectorLogic 2] - LastState: ChargingPausedByEv
2026-02-25 00:16:57 Verb  <#47> [SystemMonitor] - CPU loads: 1.93 1.67 1.7
2026-02-25 00:16:57 Verb  <EVT> [ConnectorLogic 1] - LastState: Charging
2026-02-25 00:16:57 Verb  <EVT> [ConnectorLogic 2] - LastState: ChargingPausedByEv
2026-02-25 00:16:57 Verb  <EVT> [ConnectorLogic 1] - LastState: Charging
2026-02-25 00:16:57 Verb  <EVT> [Evse 1] - Created ConnectorStatusData: {
  "ConnectorId": 1,
  "Status": "Charging",
  "Current": {
    "L1": 15.733,
    "L2": 15.324,
    "L3": 15.239
  },
  "Power": {
    "L1": 3.7043998,
    "L2": 3.5986001,
    "L3": 3.5948,
    "Total": 10.897901
  },
  "Consumption": {
    "L1": 0.0,
    "L2": 0.0,
    "L3": 0.0,
    "Total": 32.5
  },
  "CurrentSession": {
    "StartTime": "2026-02-24T20:49:51.0918872Z",
    "ConsumedEnergy": 32.5,
    "PhaseUsedByVehicle": "L123",
    "VehicleMinCurrentA": 6.0,
    "VehicleMaxCurrentA": 15.828,
    "IsVehicleMaxCurrentKnown": true,
    "IsVehicleResponsive": true
  },
  "ChargingUserPreferences": {
    "ChargingMode": "Fast",
    "PlannedDepartureTime": "2026-02-25T06:30:00Z",
    "PlannedEnergyConsumption": 100.0
  },
  "CurrentSetpoint": 16
}
2026-02-25 00:16:57 Verb  <EVT> [ConnectorLogic 2] - LastState: ChargingPausedByEv
2026-02-25 00:16:57 Verb  <EVT> [Evse 2] - Created ConnectorStatusData: {
  "ConnectorId": 2,
  "Status": "ChargingPausedByEv",
  "Current": {
    "L1": 0.0,
    "L2": 0.0,
    "L3": 0.0
  },
  "Power": {
    "L1": 0.0,
    "L2": 0.0,
    "L3": 0.0,
    "Total": 0.0
  },
  "Consumption": {
    "L1": 0.0,
    "L2": 0.0,
    "L3": 0.0,
    "Total": 33.2
  },
  "CurrentSession": {
    "StartTime": "2026-02-24T19:36:48.6309339Z",
    "ConsumedEnergy": 33.2,
    "PhaseUsedByVehicle": "L123",
    "VehicleMinCurrentA": 6.0,
    "VehicleMaxCurrentA": 15.952,
    "IsVehicleMaxCurrentKnown": true,
    "IsVehicleResponsive": true
  },
  "ChargingUserPreferences": {
    "ChargingMode": "Fast",
    "PlannedDepartureTime": "2026-02-24T22:00:00Z",
    "PlannedEnergyConsumption": 100.0
  },
  "CurrentSetpoint": 16
}
2026-02-25 00:16:58 Verb  <EVT> [ConnectorLogic 1] - LastState: Charging
2026-02-25 00:16:58 Verb  <EVT> [ConnectorLogic 1] - TargetCurrents {
  "ChargingProfiles": {
    "Current": null,
    "Unit": "A",
    "Source": "ChargingProfiles"
  },
  "SmartCluster": {
    "Current": 16,
    "Unit": "A",
    "Source": "SmartCluster"
  }
}
2026-02-25 00:16:58 Info  <EVT> [ConnectorLogic 1] - TargetCurrent from SmartCluster, current: 16
2026-02-25 00:16:58 Verb  <EVT> [ConnectorLogic 1] - Applying 16 A from SmartCluster triggered by ConnectorMaxOutput (SmartCluster)
2026-02-25 00:16:58 Verb  <EVT> [ConnectorLogic 2] - LastState: ChargingPausedByEv
2026-02-25 00:16:58 Verb  <EVT> [ConnectorLogic 1] - LastState: Charging
2026-02-25 00:16:58 Verb  <EVT> [ConnectorLogic 2] - LastState: ChargingPausedByEv
2026-02-25 00:16:59 Verb  <EVT> [ConnectorLogic 1] - LastState: Charging
2026-02-25 00:16:59 Verb  <EVT> [ConnectorLogic 2] - LastState: ChargingPausedByEv
2026-02-25 00:17:00 Verb  <EVT> [ConnectorLogic 1] - LastState: Charging
2026-02-25 00:17:00 Verb  <EVT> [ConnectorLogic 2] - LastState: ChargingPausedByEv
2026-02-25 00:17:01 Verb  <EVT> [ConnectorLogic 1] - LastState: Charging
2026-02-25 00:17:01 Verb  <EVT> [ConnectorLogic 2] - LastState: ChargingPausedByEv
2026-02-25 00:17:02 Verb  <EVT> [ConnectorLogic 1] - LastState: Charging
2026-02-25 00:17:02 Verb  <EVT> [ConnectorLogic 2] - LastState: ChargingPausedByEv
2026-02-25 00:17:03 Verb  <EVT> [ConnectorLogic 1] - LastState: Charging
2026-02-25 00:17:03 Verb  <EVT> [ConnectorLogic 2] - LastState: ChargingPausedByEv
2026-02-25 00:17:04 Verb  <EVT> [ConnectorLogic 1] - LastState: Charging
2026-02-25 00:17:04 Verb  <EVT> [ConnectorLogic 2] - LastState: ChargingPausedByEv
2026-02-25 00:17:05 Verb  <EVT> [ConnectorLogic 1] - LastState: Charging
2026-02-25 00:17:05 Verb  <EVT> [ConnectorLogic 2] - LastState: ChargingPausedByEv
2026-02-25 00:17:06 Verb  <EVT> [ConnectorLogic 1] - LastState: Charging
2026-02-25 00:17:06 Verb  <EVT> [ConnectorLogic 2] - LastState: ChargingPausedByEv
2026-02-25 00:17:07 Verb  <#50> [SystemMonitor] - CPU loads: 1.78 1.64 1.69
2026-02-25 00:17:07 Verb  <EVT> [ConnectorLogic 1] - LastState: Charging
2026-02-25 00:17:07 Verb  <EVT> [ConnectorLogic 2] - LastState: ChargingPausedByEv
2026-02-25 00:17:08 Verb  <EVT> [ConnectorLogic 1] - LastState: Charging
2026-02-25 00:17:08 Verb  <EVT> [ConnectorLogic 2] - LastState: ChargingPausedByEv
2026-02-25 00:17:09 Verb  <EVT> [ConnectorLogic 1] - LastState: Charging
2026-02-25 00:17:09 Verb  <EVT> [ConnectorLogic 2] - LastState: ChargingPausedByEv
2026-02-25 00:17:10 Verb  <EVT> [ConnectorLogic 1] - LastState: Charging
2026-02-25 00:17:10 Verb  <EVT> [ConnectorLogic 2] - LastState: ChargingPausedByEv
2026-02-25 00:17:11 Verb  <EVT> [ConnectorLogic 1] - LastState: Charging
2026-02-25 00:17:11 Verb  <EVT> [ConnectorLogic 2] - LastState: ChargingPausedByEv
2026-02-25 00:17:12 Verb  <EVT> [ConnectorLogic 1] - LastState: Charging
2026-02-25 00:17:12 Verb  <EVT> [ConnectorLogic 2] - LastState: ChargingPausedByEv
2026-02-25 00:17:13 Verb  <EVT> [ConnectorLogic 1] - LastState: Charging
2026-02-25 00:17:13 Verb  <EVT> [Evse 1] - Created ConnectorShortStatusData: {
  "ConnectorId": 1,
  "Current": {
    "L1": 15.74,
    "L2": 15.331,
    "L3": 15.204
  },
  "Power": {
    "L1": 3.7081,
    "L2": 3.6037,
    "L3": 3.589,
    "Total": 10.900901
  },
  "Consumption": {
    "L1": 0.0,
    "L2": 0.0,
    "L3": 0.0,
    "Total": 32.6
  },
  "LocalTarget": 16,
  "IsMaxCurrentKnown": true
}
2026-02-25 00:17:13 Verb  <EVT> [ConnectorLogic 2] - LastState: ChargingPausedByEv
2026-02-25 00:17:14 Verb  <EVT> [ConnectorLogic 1] - LastState: Charging
2026-02-25 00:17:14 Verb  <EVT> [ConnectorLogic 2] - LastState: ChargingPausedByEv
2026-02-25 00:17:15 Verb  <EVT> [ConnectorLogic 1] - LastState: Charging
2026-02-25 00:17:15 Verb  <EVT> [ConnectorLogic 2] - LastState: ChargingPausedByEv
2026-02-25 00:17:16 Verb  <EVT> [ConnectorLogic 1] - LastState: Charging
2026-02-25 00:17:16 Verb  <EVT> [ConnectorLogic 2] - LastState: ChargingPausedByEv
2026-02-25 00:17:17 Verb  <#48> [SystemMonitor] - CPU loads: 1.66 1.62 1.69
2026-02-25 00:17:17 Verb  <EVT> [ConnectorLogic 1] - LastState: Charging
2026-02-25 00:17:17 Verb  <EVT> [ConnectorLogic 2] - LastState: ChargingPausedByEv
2026-02-25 00:17:18 Verb  <EVT> [ConnectorLogic 1] - LastState: Charging
2026-02-25 00:17:18 Verb  <EVT> [ConnectorLogic 2] - LastState: ChargingPausedByEv
2026-02-25 00:17:19 Verb  <EVT> [ConnectorLogic 1] - LastState: Charging
2026-02-25 00:17:19 Verb  <EVT> [ConnectorLogic 2] - LastState: ChargingPausedByEv
2026-02-25 00:17:20 Verb  <EVT> [ConnectorLogic 1] - LastState: Charging
2026-02-25 00:17:20 Verb  <EVT> [ConnectorLogic 2] - LastState: ChargingPausedByEv
2026-02-25 00:17:21 Verb  <EVT> [ConnectorLogic 1] - LastState: Charging
2026-02-25 00:17:21 Verb  <EVT> [ConnectorLogic 2] - LastState: ChargingPausedByEv
2026-02-25 00:17:22 Verb  <EVT> [ConnectorLogic 1] - LastState: Charging
2026-02-25 00:17:22 Verb  <EVT> [ConnectorLogic 2] - LastState: ChargingPausedByEv
2026-02-25 00:17:23 Verb  <EVT> [ConnectorLogic 1] - LastState: Charging
2026-02-25 00:17:23 Verb  <EVT> [ConnectorLogic 2] - LastState: ChargingPausedByEv
2026-02-25 00:17:24 Verb  <EVT> [ConnectorLogic 1] - LastState: Charging
2026-02-25 00:17:24 Verb  <EVT> [ConnectorLogic 2] - LastState: ChargingPausedByEv
2026-02-25 00:17:25 Verb  <EVT> [ConnectorLogic 1] - LastState: Charging
2026-02-25 00:17:25 Verb  <EVT> [ConnectorLogic 2] - LastState: ChargingPausedByEv
2026-02-25 00:17:26 Verb  <EVT> [ConnectorLogic 1] - LastState: Charging
2026-02-25 00:17:26 Verb  <EVT> [ConnectorLogic 2] - LastState: ChargingPausedByEv
2026-02-25 00:17:27 Verb  <#76> [SystemMonitor] - CPU loads: 1.48 1.58 1.67
2026-02-25 00:17:27 Verb  <EVT> [ConnectorLogic 1] - LastState: Charging
2026-02-25 00:17:27 Verb  <EVT> [ConnectorLogic 2] - LastState: ChargingPausedByEv
2026-02-25 00:17:27 Verb  <EVT> [ConnectorLogic 1] - LastState: Charging
2026-02-25 00:17:27 Verb  <EVT> [Evse 1] - Created ConnectorStatusData: {
  "ConnectorId": 1,
  "Status": "Charging",
  "Current": {
    "L1": 15.736,
    "L2": 15.311,
    "L3": 15.172
  },
  "Power": {
    "L1": 3.7064,
    "L2": 3.6016002,
    "L3": 3.5784,
    "Total": 10.8865
  },
  "Consumption": {
    "L1": 0.0,
    "L2": 0.0,
    "L3": 0.0,
    "Total": 32.6
  },
  "CurrentSession": {
    "StartTime": "2026-02-24T20:49:51.0918872Z",
    "ConsumedEnergy": 32.6,
    "PhaseUsedByVehicle": "L123",
    "VehicleMinCurrentA": 6.0,
    "VehicleMaxCurrentA": 15.828,
    "IsVehicleMaxCurrentKnown": true,
    "IsVehicleResponsive": true
  },
  "ChargingUserPreferences": {
    "ChargingMode": "Fast",
    "PlannedDepartureTime": "2026-02-25T06:30:00Z",
    "PlannedEnergyConsumption": 100.0
  },
  "CurrentSetpoint": 16
}
2026-02-25 00:17:27 Verb  <EVT> [ConnectorLogic 2] - LastState: ChargingPausedByEv
2026-02-25 00:17:27 Verb  <EVT> [Evse 2] - Created ConnectorStatusData: {
  "ConnectorId": 2,
  "Status": "ChargingPausedByEv",
  "Current": {
    "L1": 0.0,
    "L2": 0.0,
    "L3": 0.0
  },
  "Power": {
    "L1": 0.0,
    "L2": 0.0,
    "L3": 0.0,
    "Total": 0.0
  },
  "Consumption": {
    "L1": 0.0,
    "L2": 0.0,
    "L3": 0.0,
    "Total": 33.2
  },
  "CurrentSession": {
    "StartTime": "2026-02-24T19:36:48.6309339Z",
    "ConsumedEnergy": 33.2,
    "PhaseUsedByVehicle": "L123",
    "VehicleMinCurrentA": 6.0,
    "VehicleMaxCurrentA": 15.952,
    "IsVehicleMaxCurrentKnown": true,
    "IsVehicleResponsive": true
  },
  "ChargingUserPreferences": {
    "ChargingMode": "Fast",
    "PlannedDepartureTime": "2026-02-24T22:00:00Z",
    "PlannedEnergyConsumption": 100.0
  },
  "CurrentSetpoint": 16
}
2026-02-25 00:17:28 Verb  <EVT> [ConnectorLogic 1] - LastState: Charging
2026-02-25 00:17:28 Verb  <EVT> [ConnectorLogic 1] - TargetCurrents {
  "ChargingProfiles": {
    "Current": null,
    "Unit": "A",
    "Source": "ChargingProfiles"
  },
  "SmartCluster": {
    "Current": 16,
    "Unit": "A",
    "Source": "SmartCluster"
  }
}
2026-02-25 00:17:28 Info  <EVT> [ConnectorLogic 1] - TargetCurrent from SmartCluster, current: 16
2026-02-25 00:17:28 Verb  <EVT> [ConnectorLogic 1] - Applying 16 A from SmartCluster triggered by ConnectorMaxOutput (SmartCluster)
2026-02-25 00:17:28 Verb  <EVT> [ConnectorLogic 2] - LastState: ChargingPausedByEv
2026-02-25 00:17:28 Verb  <EVT> [ConnectorLogic 1] - LastState: Charging
2026-02-25 00:17:28 Verb  <EVT> [ConnectorLogic 2] - LastState: ChargingPausedByEv
2026-02-25 00:17:29 Verb  <EVT> [ConnectorLogic 1] - LastState: Charging
2026-02-25 00:17:29 Verb  <EVT> [ConnectorLogic 2] - LastState: ChargingPausedByEv
2026-02-25 00:17:30 Verb  <EVT> [ConnectorLogic 1] - LastState: Charging
2026-02-25 00:17:30 Verb  <EVT> [ConnectorLogic 2] - LastState: ChargingPausedByEv
2026-02-25 00:17:31 Verb  <EVT> [ConnectorLogic 1] - LastState: Charging
2026-02-25 00:17:31 Verb  <EVT> [ConnectorLogic 2] - LastState: ChargingPausedByEv
2026-02-25 00:17:32 Verb  <EVT> [ConnectorLogic 1] - LastState: Charging
2026-02-25 00:17:32 Verb  <EVT> [ConnectorLogic 2] - LastState: ChargingPausedByEv
2026-02-25 00:17:33 Verb  <EVT> [ConnectorLogic 1] - LastState: Charging
2026-02-25 00:17:33 Verb  <EVT> [ConnectorLogic 2] - LastState: ChargingPausedByEv
2026-02-25 00:17:34 Verb  <EVT> [ConnectorLogic 1] - LastState: Charging
2026-02-25 00:17:34 Verb  <EVT> [ConnectorLogic 2] - LastState: ChargingPausedByEv
2026-02-25 00:17:35 Verb  <EVT> [ConnectorLogic 1] - LastState: Charging
2026-02-25 00:17:35 Verb  <EVT> [ConnectorLogic 2] - LastState: ChargingPausedByEv
2026-02-25 00:17:36 Verb  <EVT> [ConnectorLogic 1] - LastState: Charging
2026-02-25 00:17:36 Verb  <EVT> [ConnectorLogic 2] - LastState: ChargingPausedByEv
2026-02-25 00:17:37 Verb  <#76> [SystemMonitor] - CPU loads: 1.41 1.57 1.66
2026-02-25 00:17:37 Verb  <EVT> [ConnectorLogic 1] - LastState: Charging
2026-02-25 00:17:37 Verb  <EVT> [ConnectorLogic 2] - LastState: ChargingPausedByEv
2026-02-25 00:17:38 Verb  <EVT> [ConnectorLogic 1] - LastState: Charging
2026-02-25 00:17:38 Verb  <EVT> [ConnectorLogic 2] - LastState: ChargingPausedByEv
2026-02-25 00:17:39 Verb  <EVT> [ConnectorLogic 1] - LastState: Charging
2026-02-25 00:17:39 Verb  <EVT> [ConnectorLogic 2] - LastState: ChargingPausedByEv
2026-02-25 00:17:40 Verb  <EVT> [ConnectorLogic 1] - LastState: Charging
2026-02-25 00:17:40 Verb  <EVT> [ConnectorLogic 2] - LastState: ChargingPausedByEv
2026-02-25 00:17:41 Verb  <EVT> [ConnectorLogic 1] - LastState: Charging
2026-02-25 00:17:41 Verb  <EVT> [ConnectorLogic 2] - LastState: ChargingPausedByEv
2026-02-25 00:17:42 Verb  <EVT> [ConnectorLogic 1] - LastState: Charging
2026-02-25 00:17:42 Verb  <EVT> [ConnectorLogic 2] - LastState: ChargingPausedByEv
2026-02-25 00:17:43 Verb  <EVT> [ConnectorLogic 1] - LastState: Charging
2026-02-25 00:17:43 Verb  <EVT> [ConnectorLogic 2] - LastState: ChargingPausedByEv
2026-02-25 00:17:44 Verb  <EVT> [ConnectorLogic 1] - LastState: Charging
2026-02-25 00:17:44 Verb  <EVT> [ConnectorLogic 2] - LastState: ChargingPausedByEv
2026-02-25 00:17:45 Verb  <EVT> [ConnectorLogic 1] - LastState: Charging
2026-02-25 00:17:45 Verb  <EVT> [Evse 1] - Created ConnectorShortStatusData: {
  "ConnectorId": 1,
  "Current": {
    "L1": 15.707,
    "L2": 15.282,
    "L3": 15.18
  },
  "Power": {
    "L1": 3.7001002,
    "L2": 3.5953999,
    "L3": 3.5819,
    "Total": 10.8776
  },
  "Consumption": {
    "L1": 0.0,
    "L2": 0.0,
    "L3": 0.0,
    "Total": 32.7
  },
  "LocalTarget": 16,
  "IsMaxCurrentKnown": true
}
2026-02-25 00:17:45 Verb  <EVT> [ConnectorLogic 2] - LastState: ChargingPausedByEv
2026-02-25 00:17:46 Verb  <EVT> [ConnectorLogic 1] - LastState: Charging
2026-02-25 00:17:46 Verb  <EVT> [ConnectorLogic 2] - LastState: ChargingPausedByEv
2026-02-25 00:17:47 Verb  <#50> [SystemMonitor] - CPU loads: 1.34 1.55 1.66
2026-02-25 00:17:47 Verb  <EVT> [ConnectorLogic 1] - LastState: Charging
2026-02-25 00:17:47 Verb  <EVT> [ConnectorLogic 2] - LastState: ChargingPausedByEv
2026-02-25 00:17:48 Verb  <EVT> [ConnectorLogic 1] - LastState: Charging
2026-02-25 00:17:48 Verb  <EVT> [ConnectorLogic 2] - LastState: ChargingPausedByEv
2026-02-25 00:17:48 Info  <#16> [AfeEnergyMeter] - Calibrating AFE at 1.1
2026-02-25 00:17:49 Warn  <#16> [AfeEnergyMeter] - Cannot read temperature from AFE: Could not find file '/sys/bus/spi/drivers/afe_at90e36/spi1.1/Temp'.
2026-02-25 00:17:49 Error <#16> [EnergyMeterService evse2] - SendMeasurements - Temperature: could not read value (AfeSystemFault)
2026-02-25 00:17:49 Verb  <#16> [OcppClient] - Sent: [2,"19f5","MeterValues",{"connectorId":2,"meterValue":[{"timestamp":"2026-02-25T00:17:47.735Z","sampledValue":[{"value":"0","context":"Sample.Periodic","measurand":"Current.Import","phase":"L1","unit":"A"},{"value":"0","context":"Sample.Periodic","measurand":"Current.Import","phase":"L2","unit":"A"},{"value":"0","context":"Sample.Periodic","measurand":"Current.Import","phase":"L3","unit":"A"},{"value":"35855.8","context":"Sample.Periodic","measurand":"Energy.Active.Import.Register","unit":"kWh"},{"value":"49.99","context":"Sample.Periodic","measurand":"Frequency"},{"value":"0","context":"Sample.Periodic","measurand":"Power.Active.Import","phase":"L1","unit":"kW"},{"value":"0","context":"Sample.Periodic","measurand":"Power.Active.Import","phase":"L2","unit":"kW"},{"value":"0","context":"Sample.Periodic","measurand":"Power.Active.Import","phase":"L3","unit":"kW"},{"value":"0","context":"Sample.Periodic","measurand":"Power.Active.Import","unit":"kW"},{"value":"-1","context":"Sample.Periodic","measurand":"Power.Factor"},{"value":"236","context":"Sample.Periodic","measurand":"Voltage","phase":"L1","unit":"V"},{"value":"236.1","context":"Sample.Periodic","measurand":"Voltage","phase":"L2","unit":"V"},{"value":"235.8","context":"Sample.Periodic","measurand":"Voltage","phase":"L3","unit":"V"},{"value":"16","context":"Sample.Periodic","measurand":"Current.Offered","unit":"A"}]}],"transactionId":2027725}]
2026-02-25 00:17:49 Verb  <EVT> [ConnectorLogic 1] - LastState: Charging
2026-02-25 00:17:49 Verb  <EVT> [ConnectorLogic 2] - LastState: ChargingPausedByEv
2026-02-25 00:17:49 Verb  <#16> [OcppClient] - Received: [3,"19f5",{}]
2026-02-25 00:17:49 Verb  <CommHandler first queue> [OcppMessageSender] - OcppMessageSender received response 
OcppAction: MeterValues
OcppMessage response: {}
2026-02-25 00:17:50 Verb  <EVT> [ConnectorLogic 1] - LastState: Charging
2026-02-25 00:17:50 Verb  <EVT> [ConnectorLogic 2] - LastState: ChargingPausedByEv
2026-02-25 00:17:51 Verb  <EVT> [ConnectorLogic 1] - LastState: Charging
2026-02-25 00:17:51 Verb  <EVT> [ConnectorLogic 2] - LastState: ChargingPausedByEv
2026-02-25 00:17:51 Warn  <#48> [AfeEnergyMeter] - Cannot read temperature from AFE: Could not find file '/sys/bus/spi/drivers/afe_at90e36/spi1.1/Temp'.
2026-02-25 00:17:51 Error <#48> [EnergyMeterService evse1] - SendMeasurements - Temperature: could not read value (AfeSystemFault)
2026-02-25 00:17:51 Verb  <#77> [OcppClient] - Sent: [2,"19f6","MeterValues",{"connectorId":1,"meterValue":[{"timestamp":"2026-02-25T00:17:50.856Z","sampledValue":[{"value":"15.698","context":"Sample.Periodic","measurand":"Current.Import","phase":"L1","unit":"A"},{"value":"15.314","context":"Sample.Periodic","measurand":"Current.Import","phase":"L2","unit":"A"},{"value":"15.188","context":"Sample.Periodic","measurand":"Current.Import","phase":"L3","unit":"A"},{"value":"24363.4","context":"Sample.Periodic","measurand":"Energy.Active.Import.Register","unit":"kWh"},{"value":"50.01","context":"Sample.Periodic","measurand":"Frequency"},{"value":"3.6957","context":"Sample.Periodic","measurand":"Power.Active.Import","phase":"L1","unit":"kW"},{"value":"3.6008","context":"Sample.Periodic","measurand":"Power.Active.Import","phase":"L2","unit":"kW"},{"value":"3.5814","context":"Sample.Periodic","measurand":"Power.Active.Import","phase":"L3","unit":"kW"},{"value":"10.878201","context":"Sample.Periodic","measurand":"Power.Active.Import","unit":"kW"},{"value":"0.9973","context":"Sample.Periodic","measurand":"Power.Factor"},{"value":"236.4","context":"Sample.Periodic","measurand":"Voltage","phase":"L1","unit":"V"},{"value":"235.7","context":"Sample.Periodic","measurand":"Voltage","phase":"L2","unit":"V"},{"value":"236.5","context":"Sample.Periodic","measurand":"Voltage","phase":"L3","unit":"V"},{"value":"16","context":"Sample.Periodic","measurand":"Current.Offered","unit":"A"}]}],"transactionId":2027882}]
2026-02-25 00:17:52 Verb  <#77> [OcppClient] - Received: [3,"19f6",{}]
2026-02-25 00:17:52 Verb  <CommHandler first queue> [OcppMessageSender] - OcppMessageSender received response 
OcppAction: MeterValues
OcppMessage response: {}
2026-02-25 00:17:52 Verb  <EVT> [ConnectorLogic 1] - LastState: Charging
2026-02-25 00:17:52 Verb  <EVT> [ConnectorLogic 2] - LastState: ChargingPausedByEv
2026-02-25 00:17:53 Verb  <EVT> [ConnectorLogic 1] - LastState: Charging
2026-02-25 00:17:53 Verb  <EVT> [ConnectorLogic 2] - LastState: ChargingPausedByEv
2026-02-25 00:17:54 Verb  <EVT> [ConnectorLogic 1] - LastState: Charging
2026-02-25 00:17:54 Verb  <EVT> [ConnectorLogic 2] - LastState: ChargingPausedByEv
2026-02-25 00:17:55 Verb  <EVT> [ConnectorLogic 1] - LastState: Charging
2026-02-25 00:17:55 Verb  <EVT> [ConnectorLogic 2] - LastState: ChargingPausedByEv
2026-02-25 00:17:56 Verb  <EVT> [ConnectorLogic 1] - LastState: Charging
2026-02-25 00:17:56 Verb  <EVT> [ConnectorLogic 2] - LastState: ChargingPausedByEv
2026-02-25 00:17:57 Verb  <#50> [SystemMonitor] - CPU loads: 2.09 1.69 1.7
2026-02-25 00:17:57 Verb  <EVT> [ConnectorLogic 1] - LastState: Charging
2026-02-25 00:17:57 Verb  <EVT> [ConnectorLogic 2] - LastState: ChargingPausedByEv
2026-02-25 00:17:57 Verb  <EVT> [ConnectorLogic 1] - LastState: Charging
2026-02-25 00:17:57 Verb  <EVT> [Evse 1] - Created ConnectorStatusData: {
  "ConnectorId": 1,
  "Status": "Charging",
  "Current": {
    "L1": 15.709,
    "L2": 15.306,
    "L3": 15.149
  },
  "Power": {
    "L1": 3.7015,
    "L2": 3.6002,
    "L3": 3.5765,
    "Total": 10.878
  },
  "Consumption": {
    "L1": 0.0,
    "L2": 0.0,
    "L3": 0.0,
    "Total": 32.7
  },
  "CurrentSession": {
    "StartTime": "2026-02-24T20:49:51.0918872Z",
    "ConsumedEnergy": 32.7,
    "PhaseUsedByVehicle": "L123",
    "VehicleMinCurrentA": 6.0,
    "VehicleMaxCurrentA": 15.828,
    "IsVehicleMaxCurrentKnown": true,
    "IsVehicleResponsive": true
  },
  "ChargingUserPreferences": {
    "ChargingMode": "Fast",
    "PlannedDepartureTime": "2026-02-25T06:30:00Z",
    "PlannedEnergyConsumption": 100.0
  },
  "CurrentSetpoint": 16
}
2026-02-25 00:17:57 Verb  <EVT> [ConnectorLogic 2] - LastState: ChargingPausedByEv
2026-02-25 00:17:58 Verb  <EVT> [Evse 2] - Created ConnectorStatusData: {
  "ConnectorId": 2,
  "Status": "ChargingPausedByEv",
  "Current": {
    "L1": 0.0,
    "L2": 0.0,
    "L3": 0.0
  },
  "Power": {
    "L1": 0.0,
    "L2": 0.0,
    "L3": 0.0,
    "Total": 0.0
  },
  "Consumption": {
    "L1": 0.0,
    "L2": 0.0,
    "L3": 0.0,
    "Total": 33.2
  },
  "CurrentSession": {
    "StartTime": "2026-02-24T19:36:48.6309339Z",
    "ConsumedEnergy": 33.2,
    "PhaseUsedByVehicle": "L123",
    "VehicleMinCurrentA": 6.0,
    "VehicleMaxCurrentA": 15.952,
    "IsVehicleMaxCurrentKnown": true,
    "IsVehicleResponsive": true
  },
  "ChargingUserPreferences": {
    "ChargingMode": "Fast",
    "PlannedDepartureTime": "2026-02-24T22:00:00Z",
    "PlannedEnergyConsumption": 100.0
  },
  "CurrentSetpoint": 16
}
2026-02-25 00:17:58 Verb  <EVT> [ConnectorLogic 1] - LastState: Charging
2026-02-25 00:17:58 Verb  <EVT> [ConnectorLogic 2] - LastState: ChargingPausedByEv
2026-02-25 00:17:59 Verb  <EVT> [ConnectorLogic 1] - LastState: Charging
2026-02-25 00:17:59 Verb  <EVT> [ConnectorLogic 1] - TargetCurrents {
  "ChargingProfiles": {
    "Current": null,
    "Unit": "A",
    "Source": "ChargingProfiles"
  },
  "SmartCluster": {
    "Current": 16,
    "Unit": "A",
    "Source": "SmartCluster"
  }
}
2026-02-25 00:17:59 Info  <EVT> [ConnectorLogic 1] - TargetCurrent from SmartCluster, current: 16
2026-02-25 00:17:59 Verb  <EVT> [ConnectorLogic 1] - Applying 16 A from SmartCluster triggered by ConnectorMaxOutput (SmartCluster)
2026-02-25 00:17:59 Verb  <EVT> [ConnectorLogic 2] - LastState: ChargingPausedByEv
2026-02-25 00:17:59 Verb  <EVT> [ConnectorLogic 1] - LastState: Charging
2026-02-25 00:18:00 Verb  <EVT> [ConnectorLogic 2] - LastState: ChargingPausedByEv
2026-02-25 00:18:00 Verb  <EVT> [ConnectorLogic 1] - LastState: Charging
2026-02-25 00:18:00 Verb  <EVT> [ConnectorLogic 2] - LastState: ChargingPausedByEv
2026-02-25 00:18:01 Verb  <EVT> [ConnectorLogic 1] - LastState: Charging
2026-02-25 00:18:01 Verb  <EVT> [ConnectorLogic 2] - LastState: ChargingPausedByEv
2026-02-25 00:18:02 Verb  <EVT> [ConnectorLogic 1] - LastState: Charging
2026-02-25 00:18:02 Verb  <EVT> [ConnectorLogic 2] - LastState: ChargingPausedByEv
2026-02-25 00:18:03 Verb  <EVT> [ConnectorLogic 1] - LastState: Charging
2026-02-25 00:18:03 Verb  <EVT> [ConnectorLogic 2] - LastState: ChargingPausedByEv
2026-02-25 00:18:04 Verb  <EVT> [ConnectorLogic 1] - LastState: Charging
2026-02-25 00:18:04 Verb  <EVT> [ConnectorLogic 2] - LastState: ChargingPausedByEv
2026-02-25 00:18:05 Verb  <EVT> [ConnectorLogic 1] - LastState: Charging
2026-02-25 00:18:05 Verb  <EVT> [ConnectorLogic 2] - LastState: ChargingPausedByEv
2026-02-25 00:18:06 Verb  <EVT> [ConnectorLogic 1] - LastState: Charging
2026-02-25 00:18:06 Verb  <EVT> [ConnectorLogic 2] - LastState: ChargingPausedByEv
2026-02-25 00:18:07 Verb  <#48> [SystemMonitor] - CPU loads: 1.93 1.67 1.7
2026-02-25 00:18:07 Verb  <EVT> [ConnectorLogic 1] - LastState: Charging
2026-02-25 00:18:07 Verb  <EVT> [ConnectorLogic 2] - LastState: ChargingPausedByEv
2026-02-25 00:18:08 Verb  <EVT> [ConnectorLogic 1] - LastState: Charging
2026-02-25 00:18:08 Verb  <EVT> [ConnectorLogic 2] - LastState: ChargingPausedByEv
2026-02-25 00:18:09 Verb  <EVT> [ConnectorLogic 1] - LastState: Charging
2026-02-25 00:18:09 Verb  <EVT> [ConnectorLogic 2] - LastState: ChargingPausedByEv
2026-02-25 00:18:10 Verb  <EVT> [ConnectorLogic 1] - LastState: Charging
2026-02-25 00:18:10 Verb  <EVT> [ConnectorLogic 2] - LastState: ChargingPausedByEv
2026-02-25 00:18:11 Verb  <EVT> [ConnectorLogic 1] - LastState: Charging
2026-02-25 00:18:11 Verb  <EVT> [ConnectorLogic 2] - LastState: ChargingPausedByEv
2026-02-25 00:18:12 Verb  <EVT> [ConnectorLogic 1] - LastState: Charging
2026-02-25 00:18:12 Verb  <EVT> [ConnectorLogic 2] - LastState: ChargingPausedByEv
2026-02-25 00:18:13 Verb  <EVT> [ConnectorLogic 1] - LastState: Charging
2026-02-25 00:18:13 Verb  <EVT> [ConnectorLogic 2] - LastState: ChargingPausedByEv
2026-02-25 00:18:15 Verb  <EVT> [ConnectorLogic 1] - LastState: Charging
2026-02-25 00:18:15 Verb  <EVT> [ConnectorLogic 2] - LastState: ChargingPausedByEv
2026-02-25 00:18:15 Verb  <EVT> [ConnectorLogic 1] - LastState: Charging
2026-02-25 00:18:15 Verb  <EVT> [ConnectorLogic 2] - LastState: ChargingPausedByEv
2026-02-25 00:18:17 Verb  <EVT> [ConnectorLogic 1] - LastState: Charging
2026-02-25 00:18:17 Verb  <EVT> [ConnectorLogic 2] - LastState: ChargingPausedByEv
2026-02-25 00:18:17 Verb  <#16> [SystemMonitor] - CPU loads: 1.71 1.63 1.68
2026-02-25 00:18:17 Verb  <EVT> [ConnectorLogic 1] - LastState: Charging
2026-02-25 00:18:17 Verb  <EVT> [ConnectorLogic 2] - LastState: ChargingPausedByEv
2026-02-25 00:18:18 Verb  <EVT> [ConnectorLogic 1] - LastState: Charging
2026-02-25 00:18:18 Verb  <EVT> [ConnectorLogic 2] - LastState: ChargingPausedByEv
2026-02-25 00:18:19 Verb  <EVT> [ConnectorLogic 1] - LastState: Charging
2026-02-25 00:18:19 Verb  <EVT> [Evse 1] - Created ConnectorShortStatusData: {
  "ConnectorId": 1,
  "Current": {
    "L1": 15.743,
    "L2": 15.245,
    "L3": 15.19
  },
  "Power": {
    "L1": 3.7098,
    "L2": 3.589,
    "L3": 3.5835,
    "Total": 10.8825
  },
  "Consumption": {
    "L1": 0.0,
    "L2": 0.0,
    "L3": 0.0,
    "Total": 32.8
  },
  "LocalTarget": 16,
  "IsMaxCurrentKnown": true
}
2026-02-25 00:18:19 Verb  <EVT> [ConnectorLogic 2] - LastState: ChargingPausedByEv
2026-02-25 00:18:20 Verb  <EVT> [ConnectorLogic 1] - LastState: Charging
2026-02-25 00:18:20 Verb  <EVT> [ConnectorLogic 2] - LastState: ChargingPausedByEv
2026-02-25 00:18:21 Verb  <EVT> [ConnectorLogic 1] - LastState: Charging
2026-02-25 00:18:21 Verb  <EVT> [ConnectorLogic 2] - LastState: ChargingPausedByEv
2026-02-25 00:18:22 Verb  <EVT> [ConnectorLogic 1] - LastState: Charging
2026-02-25 00:18:22 Verb  <EVT> [ConnectorLogic 2] - LastState: ChargingPausedByEv
2026-02-25 00:18:23 Verb  <EVT> [ConnectorLogic 1] - LastState: Charging
2026-02-25 00:18:23 Verb  <EVT> [ConnectorLogic 2] - LastState: ChargingPausedByEv
2026-02-25 00:18:24 Verb  <EVT> [ConnectorLogic 1] - LastState: Charging
2026-02-25 00:18:24 Verb  <EVT> [ConnectorLogic 2] - LastState: ChargingPausedByEv
2026-02-25 00:18:25 Verb  <EVT> [ConnectorLogic 1] - LastState: Charging
2026-02-25 00:18:25 Verb  <EVT> [ConnectorLogic 2] - LastState: ChargingPausedByEv
2026-02-25 00:18:26 Verb  <EVT> [ConnectorLogic 1] - LastState: Charging
2026-02-25 00:18:26 Verb  <EVT> [ConnectorLogic 2] - LastState: ChargingPausedByEv
2026-02-25 00:18:27 Verb  <#48> [SystemMonitor] - CPU loads: 1.6 1.61 1.67
2026-02-25 00:18:27 Verb  <EVT> [ConnectorLogic 1] - LastState: Charging
2026-02-25 00:18:27 Verb  <EVT> [ConnectorLogic 2] - LastState: ChargingPausedByEv
2026-02-25 00:18:28 Verb  <EVT> [ConnectorLogic 1] - LastState: Charging
2026-02-25 00:18:28 Verb  <EVT> [ConnectorLogic 2] - LastState: ChargingPausedByEv
2026-02-25 00:18:29 Verb  <EVT> [ConnectorLogic 1] - LastState: Charging
2026-02-25 00:18:29 Verb  <EVT> [ConnectorLogic 2] - LastState: ChargingPausedByEv
2026-02-25 00:18:29 Verb  <EVT> [ConnectorLogic 1] - LastState: Charging
2026-02-25 00:18:29 Verb  <EVT> [Evse 1] - Created ConnectorStatusData: {
  "ConnectorId": 1,
  "Status": "Charging",
  "Current": {
    "L1": 15.716,
    "L2": 15.301,
    "L3": 15.186
  },
  "Power": {
    "L1": 3.7013998,
    "L2": 3.5993001,
    "L3": 3.5816002,
    "Total": 10.8827
  },
  "Consumption": {
    "L1": 0.0,
    "L2": 0.0,
    "L3": 0.0,
    "Total": 32.8
  },
  "CurrentSession": {
    "StartTime": "2026-02-24T20:49:51.0918872Z",
    "ConsumedEnergy": 32.8,
    "PhaseUsedByVehicle": "L123",
    "VehicleMinCurrentA": 6.0,
    "VehicleMaxCurrentA": 15.828,
    "IsVehicleMaxCurrentKnown": true,
    "IsVehicleResponsive": true
  },
  "ChargingUserPreferences": {
    "ChargingMode": "Fast",
    "PlannedDepartureTime": "2026-02-25T06:30:00Z",
    "PlannedEnergyConsumption": 100.0
  },
  "CurrentSetpoint": 16
}
2026-02-25 00:18:29 Verb  <EVT> [ConnectorLogic 2] - LastState: ChargingPausedByEv
2026-02-25 00:18:29 Verb  <EVT> [Evse 2] - Created ConnectorStatusData: {
  "ConnectorId": 2,
  "Status": "ChargingPausedByEv",
  "Current": {
    "L1": 0.0,
    "L2": 0.0,
    "L3": 0.0
  },
  "Power": {
    "L1": 0.0,
    "L2": 0.0,
    "L3": 0.0,
    "Total": 0.0
  },
  "Consumption": {
    "L1": 0.0,
    "L2": 0.0,
    "L3": 0.0,
    "Total": 33.2
  },
  "CurrentSession": {
    "StartTime": "2026-02-24T19:36:48.6309339Z",
    "ConsumedEnergy": 33.2,
    "PhaseUsedByVehicle": "L123",
    "VehicleMinCurrentA": 6.0,
    "VehicleMaxCurrentA": 15.952,
    "IsVehicleMaxCurrentKnown": true,
    "IsVehicleResponsive": true
  },
  "ChargingUserPreferences": {
    "ChargingMode": "Fast",
    "PlannedDepartureTime": "2026-02-24T22:00:00Z",
    "PlannedEnergyConsumption": 100.0
  },
  "CurrentSetpoint": 16
}
2026-02-25 00:18:30 Verb  <EVT> [ConnectorLogic 1] - LastState: Charging
2026-02-25 00:18:30 Verb  <EVT> [ConnectorLogic 2] - LastState: ChargingPausedByEv
2026-02-25 00:18:31 Verb  <EVT> [ConnectorLogic 1] - LastState: Charging
2026-02-25 00:18:31 Verb  <EVT> [ConnectorLogic 2] - LastState: ChargingPausedByEv
2026-02-25 00:18:32 Verb  <EVT> [ConnectorLogic 1] - LastState: Charging
2026-02-25 00:18:32 Verb  <EVT> [ConnectorLogic 1] - TargetCurrents {
  "ChargingProfiles": {
    "Current": null,
    "Unit": "A",
    "Source": "ChargingProfiles"
  },
  "SmartCluster": {
    "Current": 16,
    "Unit": "A",
    "Source": "SmartCluster"
  }
}
2026-02-25 00:18:32 Info  <EVT> [ConnectorLogic 1] - TargetCurrent from SmartCluster, current: 16
2026-02-25 00:18:32 Verb  <EVT> [ConnectorLogic 1] - Applying 16 A from SmartCluster triggered by ConnectorMaxOutput (SmartCluster)
2026-02-25 00:18:32 Verb  <EVT> [ConnectorLogic 2] - LastState: ChargingPausedByEv
2026-02-25 00:18:32 Verb  <EVT> [ConnectorLogic 1] - LastState: Charging
2026-02-25 00:18:32 Verb  <EVT> [ConnectorLogic 2] - LastState: ChargingPausedByEv
2026-02-25 00:18:33 Verb  <EVT> [ConnectorLogic 1] - LastState: Charging
2026-02-25 00:18:33 Verb  <EVT> [ConnectorLogic 2] - LastState: ChargingPausedByEv
2026-02-25 00:18:34 Verb  <EVT> [ConnectorLogic 1] - LastState: Charging
2026-02-25 00:18:34 Verb  <EVT> [ConnectorLogic 2] - LastState: ChargingPausedByEv
2026-02-25 00:18:35 Verb  <EVT> [ConnectorLogic 1] - LastState: Charging
2026-02-25 00:18:35 Verb  <EVT> [ConnectorLogic 2] - LastState: ChargingPausedByEv
2026-02-25 00:18:36 Verb  <EVT> [ConnectorLogic 1] - LastState: Charging
2026-02-25 00:18:36 Verb  <EVT> [ConnectorLogic 2] - LastState: ChargingPausedByEv
2026-02-25 00:18:37 Verb  <#50> [SystemMonitor] - CPU loads: 1.8 1.66 1.69
2026-02-25 00:18:37 Verb  <EVT> [ConnectorLogic 1] - LastState: Charging
2026-02-25 00:18:37 Verb  <EVT> [ConnectorLogic 2] - LastState: ChargingPausedByEv
2026-02-25 00:18:38 Verb  <EVT> [ConnectorLogic 1] - LastState: Charging
2026-02-25 00:18:38 Verb  <EVT> [ConnectorLogic 2] - LastState: ChargingPausedByEv
2026-02-25 00:18:39 Verb  <EVT> [ConnectorLogic 1] - LastState: Charging
2026-02-25 00:18:39 Verb  <EVT> [ConnectorLogic 2] - LastState: ChargingPausedByEv
2026-02-25 00:18:40 Verb  <EVT> [ConnectorLogic 1] - LastState: Charging
2026-02-25 00:18:40 Verb  <EVT> [ConnectorLogic 2] - LastState: ChargingPausedByEv
2026-02-25 00:18:41 Verb  <EVT> [ConnectorLogic 1] - LastState: Charging
2026-02-25 00:18:41 Verb  <EVT> [ConnectorLogic 2] - LastState: ChargingPausedByEv
2026-02-25 00:18:43 Verb  <EVT> [ConnectorLogic 1] - LastState: Charging
2026-02-25 00:18:43 Verb  <EVT> [ConnectorLogic 2] - LastState: ChargingPausedByEv
2026-02-25 00:18:43 Verb  <EVT> [ConnectorLogic 1] - LastState: Charging
2026-02-25 00:18:43 Verb  <EVT> [ConnectorLogic 2] - LastState: ChargingPausedByEv
2026-02-25 00:18:44 Verb  <EVT> [ConnectorLogic 1] - LastState: Charging
2026-02-25 00:18:44 Verb  <EVT> [ConnectorLogic 2] - LastState: ChargingPausedByEv
2026-02-25 00:18:45 Verb  <EVT> [ConnectorLogic 1] - LastState: Charging
2026-02-25 00:18:45 Verb  <EVT> [ConnectorLogic 2] - LastState: ChargingPausedByEv
2026-02-25 00:18:46 Verb  <EVT> [ConnectorLogic 1] - LastState: Charging
2026-02-25 00:18:46 Verb  <EVT> [ConnectorLogic 2] - LastState: ChargingPausedByEv
2026-02-25 00:18:47 Verb  <#50> [SystemMonitor] - CPU loads: 2.06 1.72 1.71
2026-02-25 00:18:47 Verb  <EVT> [ConnectorLogic 1] - LastState: Charging
2026-02-25 00:18:47 Verb  <EVT> [ConnectorLogic 2] - LastState: ChargingPausedByEv
2026-02-25 00:18:48 Verb  <EVT> [ConnectorLogic 1] - LastState: Charging
2026-02-25 00:18:48 Verb  <EVT> [ConnectorLogic 2] - LastState: ChargingPausedByEv
2026-02-25 00:18:48 Warn  <#76> [AfeEnergyMeter] - Cannot read temperature from AFE: Could not find file '/sys/bus/spi/drivers/afe_at90e36/spi1.1/Temp'.
2026-02-25 00:18:48 Error <#76> [EnergyMeterService evse2] - SendMeasurements - Temperature: could not read value (AfeSystemFault)
2026-02-25 00:18:48 Verb  <#76> [OcppClient] - Sent: [2,"19f7","MeterValues",{"connectorId":2,"meterValue":[{"timestamp":"2026-02-25T00:18:47.708Z","sampledValue":[{"value":"0","context":"Sample.Periodic","measurand":"Current.Import","phase":"L1","unit":"A"},{"value":"0","context":"Sample.Periodic","measurand":"Current.Import","phase":"L2","unit":"A"},{"value":"0","context":"Sample.Periodic","measurand":"Current.Import","phase":"L3","unit":"A"},{"value":"35855.8","context":"Sample.Periodic","measurand":"Energy.Active.Import.Register","unit":"kWh"},{"value":"49.96","context":"Sample.Periodic","measurand":"Frequency"},{"value":"0","context":"Sample.Periodic","measurand":"Power.Active.Import","phase":"L1","unit":"kW"},{"value":"0","context":"Sample.Periodic","measurand":"Power.Active.Import","phase":"L2","unit":"kW"},{"value":"0","context":"Sample.Periodic","measurand":"Power.Active.Import","phase":"L3","unit":"kW"},{"value":"0","context":"Sample.Periodic","measurand":"Power.Active.Import","unit":"kW"},{"value":"-1","context":"Sample.Periodic","measurand":"Power.Factor"},{"value":"236.8","context":"Sample.Periodic","measurand":"Voltage","phase":"L1","unit":"V"},{"value":"236.4","context":"Sample.Periodic","measurand":"Voltage","phase":"L2","unit":"V"},{"value":"235.9","context":"Sample.Periodic","measurand":"Voltage","phase":"L3","unit":"V"},{"value":"16","context":"Sample.Periodic","measurand":"Current.Offered","unit":"A"}]}],"transactionId":2027725}]
2026-02-25 00:18:49 Verb  <EVT> [ConnectorLogic 1] - LastState: Charging
2026-02-25 00:18:49 Verb  <EVT> [ConnectorLogic 2] - LastState: ChargingPausedByEv
2026-02-25 00:18:49 Verb  <#16> [OcppClient] - Received: [3,"19f7",{}]
2026-02-25 00:18:49 Verb  <CommHandler first queue> [OcppMessageSender] - OcppMessageSender received response 
OcppAction: MeterValues
OcppMessage response: {}
2026-02-25 00:18:50 Verb  <EVT> [ConnectorLogic 1] - LastState: Charging
2026-02-25 00:18:50 Verb  <EVT> [ConnectorLogic 2] - LastState: ChargingPausedByEv
2026-02-25 00:18:51 Info  <#56> [AfeEnergyMeter] - Calibrating AFE at 1.1
2026-02-25 00:18:51 Verb  <EVT> [ConnectorLogic 1] - LastState: Charging
2026-02-25 00:18:51 Verb  <EVT> [Evse 1] - Created ConnectorShortStatusData: {
  "ConnectorId": 1,
  "Current": {
    "L1": 15.738,
    "L2": 15.299,
    "L3": 15.129
  },
  "Power": {
    "L1": 3.7069,
    "L2": 3.5963001,
    "L3": 3.5788999,
    "Total": 10.8822
  },
  "Consumption": {
    "L1": 0.0,
    "L2": 0.0,
    "L3": 0.0,
    "Total": 32.9
  },
  "LocalTarget": 16,
  "IsMaxCurrentKnown": true
}
2026-02-25 00:18:51 Verb  <EVT> [ConnectorLogic 2] - LastState: ChargingPausedByEv
2026-02-25 00:18:51 Warn  <#56> [AfeEnergyMeter] - Cannot read temperature from AFE: Could not find file '/sys/bus/spi/drivers/afe_at90e36/spi1.1/Temp'.
2026-02-25 00:18:51 Error <#56> [EnergyMeterService evse1] - SendMeasurements - Temperature: could not read value (AfeSystemFault)
2026-02-25 00:18:51 Verb  <#76> [OcppClient] - Sent: [2,"19f8","MeterValues",{"connectorId":1,"meterValue":[{"timestamp":"2026-02-25T00:18:50.916Z","sampledValue":[{"value":"15.738","context":"Sample.Periodic","measurand":"Current.Import","phase":"L1","unit":"A"},{"value":"15.299","context":"Sample.Periodic","measurand":"Current.Import","phase":"L2","unit":"A"},{"value":"15.129","context":"Sample.Periodic","measurand":"Current.Import","phase":"L3","unit":"A"},{"value":"24363.6","context":"Sample.Periodic","measurand":"Energy.Active.Import.Register","unit":"kWh"},{"value":"49.96","context":"Sample.Periodic","measurand":"Frequency"},{"value":"3.7069","context":"Sample.Periodic","measurand":"Power.Active.Import","phase":"L1","unit":"kW"},{"value":"3.5963001","context":"Sample.Periodic","measurand":"Power.Active.Import","phase":"L2","unit":"kW"},{"value":"3.5788999","context":"Sample.Periodic","measurand":"Power.Active.Import","phase":"L3","unit":"kW"},{"value":"10.8822","context":"Sample.Periodic","measurand":"Power.Active.Import","unit":"kW"},{"value":"0.9973","context":"Sample.Periodic","measurand":"Power.Factor"},{"value":"236.3","context":"Sample.Periodic","measurand":"Voltage","phase":"L1","unit":"V"},{"value":"235.5","context":"Sample.Periodic","measurand":"Voltage","phase":"L2","unit":"V"},{"value":"237.1","context":"Sample.Periodic","measurand":"Voltage","phase":"L3","unit":"V"},{"value":"16","context":"Sample.Periodic","measurand":"Current.Offered","unit":"A"}]}],"transactionId":2027882}]
2026-02-25 00:18:52 Verb  <#77> [OcppClient] - Received: [3,"19f8",{}]
2026-02-25 00:18:52 Verb  <CommHandler first queue> [OcppMessageSender] - OcppMessageSender received response 
OcppAction: MeterValues
OcppMessage response: {}
2026-02-25 00:18:52 Verb  <EVT> [ConnectorLogic 1] - LastState: Charging
2026-02-25 00:18:52 Verb  <EVT> [ConnectorLogic 2] - LastState: ChargingPausedByEv
2026-02-25 00:18:53 Verb  <EVT> [ConnectorLogic 1] - LastState: Charging
2026-02-25 00:18:53 Verb  <EVT> [ConnectorLogic 2] - LastState: ChargingPausedByEv
2026-02-25 00:18:54 Verb  <EVT> [ConnectorLogic 1] - LastState: Charging
2026-02-25 00:18:54 Verb  <EVT> [ConnectorLogic 2] - LastState: ChargingPausedByEv
2026-02-25 00:18:55 Verb  <EVT> [ConnectorLogic 1] - LastState: Charging
2026-02-25 00:18:55 Verb  <EVT> [ConnectorLogic 2] - LastState: ChargingPausedByEv
2026-02-25 00:18:56 Verb  <EVT> [ConnectorLogic 1] - LastState: Charging
2026-02-25 00:18:56 Verb  <EVT> [ConnectorLogic 2] - LastState: ChargingPausedByEv
2026-02-25 00:18:57 Verb  <#77> [SystemMonitor] - CPU loads: 2.05 1.73 1.71
2026-02-25 00:18:57 Verb  <EVT> [ConnectorLogic 1] - LastState: Charging
2026-02-25 00:18:57 Verb  <EVT> [ConnectorLogic 2] - LastState: ChargingPausedByEv
2026-02-25 00:18:58 Verb  <EVT> [ConnectorLogic 1] - LastState: Charging
2026-02-25 00:18:58 Verb  <EVT> [ConnectorLogic 2] - LastState: ChargingPausedByEv
2026-02-25 00:18:59 Verb  <EVT> [ConnectorLogic 1] - LastState: Charging
2026-02-25 00:18:59 Verb  <EVT> [ConnectorLogic 2] - LastState: ChargingPausedByEv
2026-02-25 00:19:00 Verb  <EVT> [ConnectorLogic 1] - LastState: Charging
2026-02-25 00:19:00 Verb  <EVT> [Evse 1] - Created ConnectorStatusData: {
  "ConnectorId": 1,
  "Status": "Charging",
  "Current": {
    "L1": 15.738,
    "L2": 15.289,
    "L3": 15.127
  },
  "Power": {
    "L1": 3.7076,
    "L2": 3.5963998,
    "L3": 3.5783,
    "Total": 10.8824005
  },
  "Consumption": {
    "L1": 0.0,
    "L2": 0.0,
    "L3": 0.0,
    "Total": 32.9
  },
  "CurrentSession": {
    "StartTime": "2026-02-24T20:49:51.0918872Z",
    "ConsumedEnergy": 32.9,
    "PhaseUsedByVehicle": "L123",
    "VehicleMinCurrentA": 6.0,
    "VehicleMaxCurrentA": 15.828,
    "IsVehicleMaxCurrentKnown": true,
    "IsVehicleResponsive": true
  },
  "ChargingUserPreferences": {
    "ChargingMode": "Fast",
    "PlannedDepartureTime": "2026-02-25T06:30:00Z",
    "PlannedEnergyConsumption": 100.0
  },
  "CurrentSetpoint": 16
}
2026-02-25 00:19:00 Verb  <EVT> [ConnectorLogic 2] - LastState: ChargingPausedByEv
2026-02-25 00:19:00 Verb  <EVT> [Evse 2] - Created ConnectorStatusData: {
  "ConnectorId": 2,
  "Status": "ChargingPausedByEv",
  "Current": {
    "L1": 0.0,
    "L2": 0.0,
    "L3": 0.0
  },
  "Power": {
    "L1": 0.0,
    "L2": 0.0,
    "L3": 0.0,
    "Total": 0.0
  },
  "Consumption": {
    "L1": 0.0,
    "L2": 0.0,
    "L3": 0.0,
    "Total": 33.2
  },
  "CurrentSession": {
    "StartTime": "2026-02-24T19:36:48.6309339Z",
    "ConsumedEnergy": 33.2,
    "PhaseUsedByVehicle": "L123",
    "VehicleMinCurrentA": 6.0,
    "VehicleMaxCurrentA": 15.952,
    "IsVehicleMaxCurrentKnown": true,
    "IsVehicleResponsive": true
  },
  "ChargingUserPreferences": {
    "ChargingMode": "Fast",
    "PlannedDepartureTime": "2026-02-24T22:00:00Z",
    "PlannedEnergyConsumption": 100.0
  },
  "CurrentSetpoint": 16
}
2026-02-25 00:19:00 Verb  <EVT> [ConnectorLogic 1] - LastState: Charging
2026-02-25 00:19:00 Verb  <EVT> [ConnectorLogic 2] - LastState: ChargingPausedByEv
2026-02-25 00:19:01 Verb  <EVT> [ConnectorLogic 1] - LastState: Charging
2026-02-25 00:19:01 Verb  <EVT> [ConnectorLogic 2] - LastState: ChargingPausedByEv
2026-02-25 00:19:02 Verb  <EVT> [ConnectorLogic 1] - LastState: Charging
2026-02-25 00:19:02 Verb  <EVT> [ConnectorLogic 1] - TargetCurrents {
  "ChargingProfiles": {
    "Current": null,
    "Unit": "A",
    "Source": "ChargingProfiles"
  },
  "SmartCluster": {
    "Current": 16,
    "Unit": "A",
    "Source": "SmartCluster"
  }
}
2026-02-25 00:19:02 Info  <EVT> [ConnectorLogic 1] - TargetCurrent from SmartCluster, current: 16
2026-02-25 00:19:02 Verb  <EVT> [ConnectorLogic 1] - Applying 16 A from SmartCluster triggered by ConnectorMaxOutput (SmartCluster)
2026-02-25 00:19:02 Verb  <EVT> [ConnectorLogic 2] - LastState: ChargingPausedByEv
2026-02-25 00:19:02 Verb  <EVT> [ConnectorLogic 1] - LastState: Charging
2026-02-25 00:19:02 Verb  <EVT> [ConnectorLogic 2] - LastState: ChargingPausedByEv
2026-02-25 00:19:03 Verb  <EVT> [ConnectorLogic 1] - LastState: Charging
2026-02-25 00:19:03 Verb  <EVT> [ConnectorLogic 2] - LastState: ChargingPausedByEv
2026-02-25 00:19:04 Verb  <EVT> [ConnectorLogic 1] - LastState: Charging
2026-02-25 00:19:04 Verb  <EVT> [ConnectorLogic 2] - LastState: ChargingPausedByEv
2026-02-25 00:19:05 Verb  <EVT> [ConnectorLogic 1] - LastState: Charging
2026-02-25 00:19:05 Verb  <EVT> [ConnectorLogic 2] - LastState: ChargingPausedByEv
2026-02-25 00:19:06 Verb  <EVT> [ConnectorLogic 1] - LastState: Charging
2026-02-25 00:19:06 Verb  <EVT> [ConnectorLogic 2] - LastState: ChargingPausedByEv
2026-02-25 00:19:07 Verb  <#77> [SystemMonitor] - CPU loads: 2.36 1.8 1.74
2026-02-25 00:19:07 Verb  <EVT> [ConnectorLogic 1] - LastState: Charging
2026-02-25 00:19:07 Verb  <EVT> [ConnectorLogic 2] - LastState: ChargingPausedByEv
2026-02-25 00:19:08 Verb  <EVT> [ConnectorLogic 1] - LastState: Charging
2026-02-25 00:19:08 Verb  <EVT> [ConnectorLogic 2] - LastState: ChargingPausedByEv
2026-02-25 00:19:09 Verb  <EVT> [ConnectorLogic 1] - LastState: Charging
2026-02-25 00:19:09 Verb  <EVT> [ConnectorLogic 2] - LastState: ChargingPausedByEv
2026-02-25 00:19:10 Verb  <EVT> [ConnectorLogic 1] - LastState: Charging
2026-02-25 00:19:10 Verb  <EVT> [ConnectorLogic 2] - LastState: ChargingPausedByEv
2026-02-25 00:19:11 Verb  <EVT> [ConnectorLogic 1] - LastState: Charging
2026-02-25 00:19:11 Verb  <EVT> [ConnectorLogic 2] - LastState: ChargingPausedByEv
2026-02-25 00:19:12 Verb  <EVT> [ConnectorLogic 1] - LastState: Charging
2026-02-25 00:19:12 Verb  <EVT> [ConnectorLogic 2] - LastState: ChargingPausedByEv
2026-02-25 00:19:13 Verb  <EVT> [ConnectorLogic 1] - LastState: Charging
2026-02-25 00:19:13 Verb  <EVT> [ConnectorLogic 2] - LastState: ChargingPausedByEv
2026-02-25 00:19:14 Verb  <EVT> [ConnectorLogic 1] - LastState: Charging
2026-02-25 00:19:14 Verb  <EVT> [ConnectorLogic 2] - LastState: ChargingPausedByEv
2026-02-25 00:19:15 Verb  <EVT> [ConnectorLogic 1] - LastState: Charging
2026-02-25 00:19:15 Verb  <EVT> [ConnectorLogic 2] - LastState: ChargingPausedByEv
2026-02-25 00:19:16 Verb  <EVT> [ConnectorLogic 1] - LastState: Charging
2026-02-25 00:19:16 Verb  <EVT> [ConnectorLogic 2] - LastState: ChargingPausedByEv
2026-02-25 00:19:17 Verb  <#48> [SystemMonitor] - CPU loads: 2.23 1.79 1.74
2026-02-25 00:19:17 Verb  <EVT> [ConnectorLogic 1] - LastState: Charging
2026-02-25 00:19:17 Verb  <EVT> [ConnectorLogic 2] - LastState: ChargingPausedByEv
2026-02-25 00:19:18 Verb  <EVT> [ConnectorLogic 1] - LastState: Charging
2026-02-25 00:19:18 Verb  <EVT> [ConnectorLogic 2] - LastState: ChargingPausedByEv
2026-02-25 00:19:19 Verb  <EVT> [ConnectorLogic 1] - LastState: Charging
2026-02-25 00:19:19 Verb  <EVT> [ConnectorLogic 2] - LastState: ChargingPausedByEv
2026-02-25 00:19:20 Verb  <EVT> [ConnectorLogic 1] - LastState: Charging
2026-02-25 00:19:20 Verb  <EVT> [ConnectorLogic 2] - LastState: ChargingPausedByEv
2026-02-25 00:19:21 Verb  <EVT> [ConnectorLogic 1] - LastState: Charging
2026-02-25 00:19:21 Verb  <EVT> [ConnectorLogic 2] - LastState: ChargingPausedByEv
2026-02-25 00:19:22 Verb  <EVT> [ConnectorLogic 1] - LastState: Charging
2026-02-25 00:19:22 Verb  <EVT> [ConnectorLogic 2] - LastState: ChargingPausedByEv
2026-02-25 00:19:23 Verb  <EVT> [ConnectorLogic 1] - LastState: Charging
2026-02-25 00:19:23 Verb  <EVT> [ConnectorLogic 2] - LastState: ChargingPausedByEv
2026-02-25 00:19:24 Verb  <EVT> [ConnectorLogic 1] - LastState: Charging
2026-02-25 00:19:24 Verb  <EVT> [ConnectorLogic 2] - LastState: ChargingPausedByEv
2026-02-25 00:19:25 Verb  <EVT> [ConnectorLogic 1] - LastState: Charging
2026-02-25 00:19:25 Verb  <EVT> [Evse 1] - Created ConnectorShortStatusData: {
  "ConnectorId": 1,
  "Current": {
    "L1": 15.74,
    "L2": 15.317,
    "L3": 15.133
  },
  "Power": {
    "L1": 3.7042,
    "L2": 3.6028001,
    "L3": 3.577,
    "Total": 10.8843
  },
  "Consumption": {
    "L1": 0.0,
    "L2": 0.0,
    "L3": 0.0,
    "Total": 33.0
  },
  "LocalTarget": 16,
  "IsMaxCurrentKnown": true
}
2026-02-25 00:19:25 Verb  <EVT> [ConnectorLogic 2] - LastState: ChargingPausedByEv
2026-02-25 00:19:26 Verb  <EVT> [ConnectorLogic 1] - LastState: Charging
2026-02-25 00:19:26 Verb  <EVT> [ConnectorLogic 2] - LastState: ChargingPausedByEv
2026-02-25 00:19:27 Verb  <#56> [SystemMonitor] - CPU loads: 1.96 1.75 1.72
2026-02-25 00:19:27 Verb  <EVT> [ConnectorLogic 1] - LastState: Charging
2026-02-25 00:19:27 Verb  <EVT> [ConnectorLogic 2] - LastState: ChargingPausedByEv
2026-02-25 00:19:28 Verb  <EVT> [ConnectorLogic 1] - LastState: Charging
2026-02-25 00:19:28 Verb  <EVT> [ConnectorLogic 2] - LastState: ChargingPausedByEv
2026-02-25 00:19:29 Verb  <EVT> [ConnectorLogic 1] - LastState: Charging
2026-02-25 00:19:29 Verb  <EVT> [ConnectorLogic 2] - LastState: ChargingPausedByEv
2026-02-25 00:19:30 Verb  <EVT> [ConnectorLogic 1] - LastState: Charging
2026-02-25 00:19:30 Verb  <EVT> [Evse 1] - Created ConnectorStatusData: {
  "ConnectorId": 1,
  "Status": "Charging",
  "Current": {
    "L1": 15.763,
    "L2": 15.305,
    "L3": 15.113
  },
  "Power": {
    "L1": 3.7098,
    "L2": 3.5988,
    "L3": 3.5751002,
    "Total": 10.8842
  },
  "Consumption": {
    "L1": 0.0,
    "L2": 0.0,
    "L3": 0.0,
    "Total": 33.0
  },
  "CurrentSession": {
    "StartTime": "2026-02-24T20:49:51.0918872Z",
    "ConsumedEnergy": 33.0,
    "PhaseUsedByVehicle": "L123",
    "VehicleMinCurrentA": 6.0,
    "VehicleMaxCurrentA": 15.828,
    "IsVehicleMaxCurrentKnown": true,
    "IsVehicleResponsive": true
  },
  "ChargingUserPreferences": {
    "ChargingMode": "Fast",
    "PlannedDepartureTime": "2026-02-25T06:30:00Z",
    "PlannedEnergyConsumption": 100.0
  },
  "CurrentSetpoint": 16
}
2026-02-25 00:19:30 Verb  <EVT> [ConnectorLogic 2] - LastState: ChargingPausedByEv
2026-02-25 00:19:30 Verb  <EVT> [Evse 2] - Created ConnectorStatusData: {
  "ConnectorId": 2,
  "Status": "ChargingPausedByEv",
  "Current": {
    "L1": 0.0,
    "L2": 0.0,
    "L3": 0.0
  },
  "Power": {
    "L1": 0.0,
    "L2": 0.0,
    "L3": 0.0,
    "Total": 0.0
  },
  "Consumption": {
    "L1": 0.0,
    "L2": 0.0,
    "L3": 0.0,
    "Total": 33.2
  },
  "CurrentSession": {
    "StartTime": "2026-02-24T19:36:48.6309339Z",
    "ConsumedEnergy": 33.2,
    "PhaseUsedByVehicle": "L123",
    "VehicleMinCurrentA": 6.0,
    "VehicleMaxCurrentA": 15.952,
    "IsVehicleMaxCurrentKnown": true,
    "IsVehicleResponsive": true
  },
  "ChargingUserPreferences": {
    "ChargingMode": "Fast",
    "PlannedDepartureTime": "2026-02-24T22:00:00Z",
    "PlannedEnergyConsumption": 100.0
  },
  "CurrentSetpoint": 16
}
2026-02-25 00:19:30 Verb  <EVT> [ConnectorLogic 1] - LastState: Charging
2026-02-25 00:19:30 Verb  <EVT> [ConnectorLogic 2] - LastState: ChargingPausedByEv
2026-02-25 00:19:31 Verb  <EVT> [ConnectorLogic 1] - LastState: Charging
2026-02-25 00:19:31 Verb  <EVT> [ConnectorLogic 2] - LastState: ChargingPausedByEv
2026-02-25 00:19:32 Verb  <EVT> [ConnectorLogic 1] - LastState: Charging
2026-02-25 00:19:32 Verb  <EVT> [ConnectorLogic 1] - TargetCurrents {
  "ChargingProfiles": {
    "Current": null,
    "Unit": "A",
    "Source": "ChargingProfiles"
  },
  "SmartCluster": {
    "Current": 16,
    "Unit": "A",
    "Source": "SmartCluster"
  }
}
2026-02-25 00:19:32 Info  <EVT> [ConnectorLogic 1] - TargetCurrent from SmartCluster, current: 16
2026-02-25 00:19:32 Verb  <EVT> [ConnectorLogic 1] - Applying 16 A from SmartCluster triggered by ConnectorMaxOutput (SmartCluster)
2026-02-25 00:19:32 Verb  <EVT> [ConnectorLogic 2] - LastState: ChargingPausedByEv
2026-02-25 00:19:32 Verb  <EVT> [ConnectorLogic 1] - LastState: Charging
2026-02-25 00:19:32 Verb  <EVT> [ConnectorLogic 2] - LastState: ChargingPausedByEv
2026-02-25 00:19:33 Verb  <EVT> [ConnectorLogic 1] - LastState: Charging
2026-02-25 00:19:33 Verb  <EVT> [ConnectorLogic 2] - LastState: ChargingPausedByEv
2026-02-25 00:19:34 Verb  <EVT> [ConnectorLogic 1] - LastState: Charging
2026-02-25 00:19:34 Verb  <EVT> [ConnectorLogic 2] - LastState: ChargingPausedByEv
2026-02-25 00:19:35 Verb  <EVT> [ConnectorLogic 1] - LastState: Charging
2026-02-25 00:19:35 Verb  <EVT> [ConnectorLogic 2] - LastState: ChargingPausedByEv
2026-02-25 00:19:36 Verb  <EVT> [ConnectorLogic 1] - LastState: Charging
2026-02-25 00:19:36 Verb  <EVT> [ConnectorLogic 2] - LastState: ChargingPausedByEv
2026-02-25 00:19:37 Verb  <#76> [SystemMonitor] - CPU loads: 1.74 1.71 1.71
2026-02-25 00:19:37 Verb  <EVT> [ConnectorLogic 1] - LastState: Charging
2026-02-25 00:19:37 Verb  <EVT> [ConnectorLogic 2] - LastState: ChargingPausedByEv
2026-02-25 00:19:38 Verb  <EVT> [ConnectorLogic 1] - LastState: Charging
2026-02-25 00:19:38 Verb  <EVT> [ConnectorLogic 2] - LastState: ChargingPausedByEv
2026-02-25 00:19:39 Verb  <EVT> [ConnectorLogic 1] - LastState: Charging
2026-02-25 00:19:39 Verb  <EVT> [ConnectorLogic 2] - LastState: ChargingPausedByEv
2026-02-25 00:19:40 Verb  <EVT> [ConnectorLogic 1] - LastState: Charging
2026-02-25 00:19:40 Verb  <EVT> [ConnectorLogic 2] - LastState: ChargingPausedByEv
2026-02-25 00:19:41 Verb  <EVT> [ConnectorLogic 1] - LastState: Charging
2026-02-25 00:19:41 Verb  <EVT> [ConnectorLogic 2] - LastState: ChargingPausedByEv
2026-02-25 00:19:42 Verb  <EVT> [ConnectorLogic 1] - LastState: Charging
2026-02-25 00:19:42 Verb  <EVT> [ConnectorLogic 2] - LastState: ChargingPausedByEv
2026-02-25 00:19:43 Verb  <EVT> [ConnectorLogic 1] - LastState: Charging
2026-02-25 00:19:43 Verb  <EVT> [ConnectorLogic 2] - LastState: ChargingPausedByEv
2026-02-25 00:19:44 Verb  <EVT> [ConnectorLogic 1] - LastState: Charging
2026-02-25 00:19:44 Verb  <EVT> [ConnectorLogic 2] - LastState: ChargingPausedByEv
2026-02-25 00:19:45 Verb  <EVT> [ConnectorLogic 1] - LastState: Charging
2026-02-25 00:19:45 Verb  <EVT> [ConnectorLogic 2] - LastState: ChargingPausedByEv
2026-02-25 00:19:46 Verb  <EVT> [ConnectorLogic 1] - LastState: Charging
2026-02-25 00:19:46 Verb  <EVT> [ConnectorLogic 2] - LastState: ChargingPausedByEv
2026-02-25 00:19:47 Verb  <#16> [SystemMonitor] - CPU loads: 1.62 1.68 1.7
2026-02-25 00:19:47 Verb  <EVT> [ConnectorLogic 1] - LastState: Charging
2026-02-25 00:19:47 Verb  <EVT> [ConnectorLogic 2] - LastState: ChargingPausedByEv
2026-02-25 00:19:48 Verb  <EVT> [ConnectorLogic 1] - LastState: Charging
2026-02-25 00:19:48 Verb  <EVT> [ConnectorLogic 2] - LastState: ChargingPausedByEv
2026-02-25 00:19:48 Warn  <#48> [AfeEnergyMeter] - Cannot read temperature from AFE: Could not find file '/sys/bus/spi/drivers/afe_at90e36/spi1.1/Temp'.
2026-02-25 00:19:48 Error <#48> [EnergyMeterService evse2] - SendMeasurements - Temperature: could not read value (AfeSystemFault)
2026-02-25 00:19:48 Verb  <#48> [OcppClient] - Sent: [2,"19f9","MeterValues",{"connectorId":2,"meterValue":[{"timestamp":"2026-02-25T00:19:47.707Z","sampledValue":[{"value":"0","context":"Sample.Periodic","measurand":"Current.Import","phase":"L1","unit":"A"},{"value":"0","context":"Sample.Periodic","measurand":"Current.Import","phase":"L2","unit":"A"},{"value":"0","context":"Sample.Periodic","measurand":"Current.Import","phase":"L3","unit":"A"},{"value":"35855.8","context":"Sample.Periodic","measurand":"Energy.Active.Import.Register","unit":"kWh"},{"value":"50.01","context":"Sample.Periodic","measurand":"Frequency"},{"value":"0","context":"Sample.Periodic","measurand":"Power.Active.Import","phase":"L1","unit":"kW"},{"value":"0","context":"Sample.Periodic","measurand":"Power.Active.Import","phase":"L2","unit":"kW"},{"value":"0","context":"Sample.Periodic","measurand":"Power.Active.Import","phase":"L3","unit":"kW"},{"value":"0","context":"Sample.Periodic","measurand":"Power.Active.Import","unit":"kW"},{"value":"-1","context":"Sample.Periodic","measurand":"Power.Factor"},{"value":"236.7","context":"Sample.Periodic","measurand":"Voltage","phase":"L1","unit":"V"},{"value":"236.6","context":"Sample.Periodic","measurand":"Voltage","phase":"L2","unit":"V"},{"value":"236.1","context":"Sample.Periodic","measurand":"Voltage","phase":"L3","unit":"V"},{"value":"16","context":"Sample.Periodic","measurand":"Current.Offered","unit":"A"}]}],"transactionId":2027725}]
2026-02-25 00:19:49 Verb  <EVT> [ConnectorLogic 1] - LastState: Charging
2026-02-25 00:19:49 Verb  <EVT> [ConnectorLogic 2] - LastState: ChargingPausedByEv
2026-02-25 00:19:49 Verb  <#16> [OcppClient] - Received: [3,"19f9",{}]
2026-02-25 00:19:49 Verb  <CommHandler first queue> [OcppMessageSender] - OcppMessageSender received response 
OcppAction: MeterValues
OcppMessage response: {}
2026-02-25 00:19:50 Verb  <EVT> [ConnectorLogic 1] - LastState: Charging
2026-02-25 00:19:50 Verb  <EVT> [ConnectorLogic 2] - LastState: ChargingPausedByEv
2026-02-25 00:19:51 Verb  <EVT> [ConnectorLogic 1] - LastState: Charging
2026-02-25 00:19:51 Info  <#16> [AfeEnergyMeter] - Calibrating AFE at 1.1
2026-02-25 00:19:51 Verb  <EVT> [ConnectorLogic 2] - LastState: ChargingPausedByEv
2026-02-25 00:19:51 Warn  <#16> [AfeEnergyMeter] - Cannot read temperature from AFE: Could not find file '/sys/bus/spi/drivers/afe_at90e36/spi1.1/Temp'.
2026-02-25 00:19:51 Error <#16> [EnergyMeterService evse1] - SendMeasurements - Temperature: could not read value (AfeSystemFault)
2026-02-25 00:19:51 Verb  <#16> [OcppClient] - Sent: [2,"19fa","MeterValues",{"connectorId":1,"meterValue":[{"timestamp":"2026-02-25T00:19:50.908Z","sampledValue":[{"value":"15.757","context":"Sample.Periodic","measurand":"Current.Import","phase":"L1","unit":"A"},{"value":"15.299","context":"Sample.Periodic","measurand":"Current.Import","phase":"L2","unit":"A"},{"value":"15.122","context":"Sample.Periodic","measurand":"Current.Import","phase":"L3","unit":"A"},{"value":"24363.7","context":"Sample.Periodic","measurand":"Energy.Active.Import.Register","unit":"kWh"},{"value":"49.99","context":"Sample.Periodic","measurand":"Frequency"},{"value":"3.7131002","context":"Sample.Periodic","measurand":"Power.Active.Import","phase":"L1","unit":"kW"},{"value":"3.5988998","context":"Sample.Periodic","measurand":"Power.Active.Import","phase":"L2","unit":"kW"},{"value":"3.5751002","context":"Sample.Periodic","measurand":"Power.Active.Import","phase":"L3","unit":"kW"},{"value":"10.8877","context":"Sample.Periodic","measurand":"Power.Active.Import","unit":"kW"},{"value":"0.9973","context":"Sample.Periodic","measurand":"Power.Factor"},{"value":"236.5","context":"Sample.Periodic","measurand":"Voltage","phase":"L1","unit":"V"},{"value":"235.7","context":"Sample.Periodic","measurand":"Voltage","phase":"L2","unit":"V"},{"value":"237","context":"Sample.Periodic","measurand":"Voltage","phase":"L3","unit":"V"},{"value":"16","context":"Sample.Periodic","measurand":"Current.Offered","unit":"A"}]}],"transactionId":2027882}]
2026-02-25 00:19:52 Verb  <#16> [OcppClient] - Received: [3,"19fa",{}]
2026-02-25 00:19:52 Verb  <CommHandler first queue> [OcppMessageSender] - OcppMessageSender received response 
OcppAction: MeterValues
OcppMessage response: {}
2026-02-25 00:19:52 Verb  <EVT> [ConnectorLogic 1] - LastState: Charging
2026-02-25 00:19:52 Verb  <EVT> [ConnectorLogic 2] - LastState: ChargingPausedByEv
2026-02-25 00:19:53 Verb  <EVT> [ConnectorLogic 1] - LastState: Charging
2026-02-25 00:19:53 Verb  <EVT> [ConnectorLogic 2] - LastState: ChargingPausedByEv
2026-02-25 00:19:54 Verb  <EVT> [ConnectorLogic 1] - LastState: Charging
2026-02-25 00:19:54 Verb  <EVT> [ConnectorLogic 2] - LastState: ChargingPausedByEv
2026-02-25 00:19:55 Verb  <EVT> [ConnectorLogic 1] - LastState: Charging
2026-02-25 00:19:55 Verb  <EVT> [ConnectorLogic 2] - LastState: ChargingPausedByEv
2026-02-25 00:19:56 Verb  <EVT> [ConnectorLogic 1] - LastState: Charging
2026-02-25 00:19:56 Verb  <EVT> [ConnectorLogic 2] - LastState: ChargingPausedByEv
2026-02-25 00:19:57 Verb  <#48> [SystemMonitor] - CPU loads: 2.17 1.8 1.74
2026-02-25 00:19:57 Verb  <EVT> [ConnectorLogic 1] - LastState: Charging
2026-02-25 00:19:57 Verb  <EVT> [Evse 1] - Created ConnectorShortStatusData: {
  "ConnectorId": 1,
  "Current": {
    "L1": 15.765,
    "L2": 15.207,
    "L3": 15.156
  },
  "Power": {
    "L1": 3.7188,
    "L2": 3.5807,
    "L3": 3.5866,
    "Total": 10.8862
  },
  "Consumption": {
    "L1": 0.0,
    "L2": 0.0,
    "L3": 0.0,
    "Total": 33.1
  },
  "LocalTarget": 16,
  "IsMaxCurrentKnown": true
}
2026-02-25 00:19:57 Verb  <EVT> [ConnectorLogic 2] - LastState: ChargingPausedByEv
2026-02-25 00:19:58 Verb  <EVT> [ConnectorLogic 1] - LastState: Charging
2026-02-25 00:19:58 Verb  <EVT> [ConnectorLogic 2] - LastState: ChargingPausedByEv
2026-02-25 00:19:59 Verb  <EVT> [ConnectorLogic 1] - LastState: Charging
2026-02-25 00:19:59 Verb  <EVT> [ConnectorLogic 2] - LastState: ChargingPausedByEv
2026-02-25 00:20:00 Verb  <EVT> [ConnectorLogic 1] - LastState: Charging
2026-02-25 00:20:00 Verb  <EVT> [Evse 1] - Created ConnectorStatusData: {
  "ConnectorId": 1,
  "Status": "Charging",
  "Current": {
    "L1": 15.762,
    "L2": 15.205,
    "L3": 15.151
  },
  "Power": {
    "L1": 3.7181,
    "L2": 3.5818,
    "L3": 3.5861,
    "Total": 10.8864
  },
  "Consumption": {
    "L1": 0.0,
    "L2": 0.0,
    "L3": 0.0,
    "Total": 33.1
  },
  "CurrentSession": {
    "StartTime": "2026-02-24T20:49:51.0918872Z",
    "ConsumedEnergy": 33.1,
    "PhaseUsedByVehicle": "L123",
    "VehicleMinCurrentA": 6.0,
    "VehicleMaxCurrentA": 15.828,
    "IsVehicleMaxCurrentKnown": true,
    "IsVehicleResponsive": true
  },
  "ChargingUserPreferences": {
    "ChargingMode": "Fast",
    "PlannedDepartureTime": "2026-02-25T06:30:00Z",
    "PlannedEnergyConsumption": 100.0
  },
  "CurrentSetpoint": 16
}
2026-02-25 00:20:00 Verb  <EVT> [ConnectorLogic 2] - LastState: ChargingPausedByEv
2026-02-25 00:20:00 Verb  <EVT> [Evse 2] - Created ConnectorStatusData: {
  "ConnectorId": 2,
  "Status": "ChargingPausedByEv",
  "Current": {
    "L1": 0.0,
    "L2": 0.0,
    "L3": 0.0
  },
  "Power": {
    "L1": 0.0,
    "L2": 0.0,
    "L3": 0.0,
    "Total": 0.0
  },
  "Consumption": {
    "L1": 0.0,
    "L2": 0.0,
    "L3": 0.0,
    "Total": 33.2
  },
  "CurrentSession": {
    "StartTime": "2026-02-24T19:36:48.6309339Z",
    "ConsumedEnergy": 33.2,
    "PhaseUsedByVehicle": "L123",
    "VehicleMinCurrentA": 6.0,
    "VehicleMaxCurrentA": 15.952,
    "IsVehicleMaxCurrentKnown": true,
    "IsVehicleResponsive": true
  },
  "ChargingUserPreferences": {
    "ChargingMode": "Fast",
    "PlannedDepartureTime": "2026-02-24T22:00:00Z",
    "PlannedEnergyConsumption": 100.0
  },
  "CurrentSetpoint": 16
}
2026-02-25 00:20:00 Verb  <EVT> [ConnectorLogic 1] - LastState: Charging
2026-02-25 00:20:00 Verb  <EVT> [ConnectorLogic 2] - LastState: ChargingPausedByEv
2026-02-25 00:20:01 Verb  <EVT> [ConnectorLogic 1] - LastState: Charging
2026-02-25 00:20:01 Verb  <EVT> [ConnectorLogic 1] - TargetCurrents {
  "ChargingProfiles": {
    "Current": null,
    "Unit": "A",
    "Source": "ChargingProfiles"
  },
  "SmartCluster": {
    "Current": 16,
    "Unit": "A",
    "Source": "SmartCluster"
  }
}
2026-02-25 00:20:01 Info  <EVT> [ConnectorLogic 1] - TargetCurrent from SmartCluster, current: 16
2026-02-25 00:20:01 Verb  <EVT> [ConnectorLogic 1] - Applying 16 A from SmartCluster triggered by ConnectorMaxOutput (SmartCluster)
2026-02-25 00:20:01 Verb  <EVT> [ConnectorLogic 2] - LastState: ChargingPausedByEv
2026-02-25 00:20:01 Verb  <EVT> [ConnectorLogic 1] - LastState: Charging
2026-02-25 00:20:01 Verb  <EVT> [ConnectorLogic 2] - LastState: ChargingPausedByEv
2026-02-25 00:20:02 Verb  <EVT> [ConnectorLogic 1] - LastState: Charging
2026-02-25 00:20:02 Verb  <EVT> [ConnectorLogic 2] - LastState: ChargingPausedByEv
2026-02-25 00:20:03 Verb  <EVT> [ConnectorLogic 1] - LastState: Charging
2026-02-25 00:20:03 Verb  <EVT> [ConnectorLogic 2] - LastState: ChargingPausedByEv
2026-02-25 00:20:04 Verb  <EVT> [ConnectorLogic 1] - LastState: Charging
2026-02-25 00:20:04 Verb  <EVT> [ConnectorLogic 2] - LastState: ChargingPausedByEv
2026-02-25 00:20:05 Verb  <EVT> [ConnectorLogic 1] - LastState: Charging
2026-02-25 00:20:05 Verb  <EVT> [ConnectorLogic 2] - LastState: ChargingPausedByEv
2026-02-25 00:20:06 Verb  <EVT> [ConnectorLogic 1] - LastState: Charging
2026-02-25 00:20:06 Verb  <EVT> [ConnectorLogic 2] - LastState: ChargingPausedByEv
2026-02-25 00:20:07 Verb  <#50> [SystemMonitor] - CPU loads: 2.21 1.82 1.74
2026-02-25 00:20:07 Verb  <EVT> [ConnectorLogic 1] - LastState: Charging
2026-02-25 00:20:07 Verb  <EVT> [ConnectorLogic 2] - LastState: ChargingPausedByEv
2026-02-25 00:20:08 Verb  <EVT> [ConnectorLogic 1] - LastState: Charging
2026-02-25 00:20:08 Verb  <EVT> [ConnectorLogic 2] - LastState: ChargingPausedByEv
2026-02-25 00:20:09 Verb  <EVT> [ConnectorLogic 1] - LastState: Charging
2026-02-25 00:20:09 Verb  <EVT> [ConnectorLogic 2] - LastState: ChargingPausedByEv
2026-02-25 00:20:10 Verb  <EVT> [ConnectorLogic 1] - LastState: Charging
2026-02-25 00:20:10 Verb  <EVT> [ConnectorLogic 2] - LastState: ChargingPausedByEv
2026-02-25 00:20:11 Verb  <EVT> [ConnectorLogic 1] - LastState: Charging
2026-02-25 00:20:11 Verb  <EVT> [ConnectorLogic 2] - LastState: ChargingPausedByEv
2026-02-25 00:20:12 Verb  <EVT> [ConnectorLogic 1] - LastState: Charging
2026-02-25 00:20:12 Verb  <EVT> [ConnectorLogic 2] - LastState: ChargingPausedByEv
2026-02-25 00:20:13 Verb  <EVT> [ConnectorLogic 1] - LastState: Charging
2026-02-25 00:20:13 Verb  <EVT> [ConnectorLogic 2] - LastState: ChargingPausedByEv
2026-02-25 00:20:14 Verb  <EVT> [ConnectorLogic 1] - LastState: Charging
2026-02-25 00:20:14 Verb  <EVT> [ConnectorLogic 2] - LastState: ChargingPausedByEv
2026-02-25 00:20:15 Verb  <EVT> [ConnectorLogic 1] - LastState: Charging
2026-02-25 00:20:15 Verb  <EVT> [ConnectorLogic 2] - LastState: ChargingPausedByEv
2026-02-25 00:20:16 Verb  <EVT> [ConnectorLogic 1] - LastState: Charging
2026-02-25 00:20:16 Verb  <EVT> [ConnectorLogic 2] - LastState: ChargingPausedByEv
2026-02-25 00:20:17 Verb  <#48> [SystemMonitor] - CPU loads: 1.95 1.78 1.73
2026-02-25 00:20:17 Verb  <EVT> [ConnectorLogic 1] - LastState: Charging
2026-02-25 00:20:17 Verb  <EVT> [ConnectorLogic 2] - LastState: ChargingPausedByEv
2026-02-25 00:20:18 Verb  <EVT> [ConnectorLogic 1] - LastState: Charging
2026-02-25 00:20:18 Verb  <EVT> [ConnectorLogic 2] - LastState: ChargingPausedByEv
2026-02-25 00:20:19 Verb  <EVT> [ConnectorLogic 1] - LastState: Charging
2026-02-25 00:20:19 Verb  <EVT> [ConnectorLogic 2] - LastState: ChargingPausedByEv
2026-02-25 00:20:20 Verb  <EVT> [ConnectorLogic 1] - LastState: Charging
2026-02-25 00:20:20 Verb  <EVT> [ConnectorLogic 2] - LastState: ChargingPausedByEv
2026-02-25 00:20:21 Verb  <EVT> [ConnectorLogic 1] - LastState: Charging
2026-02-25 00:20:21 Verb  <EVT> [ConnectorLogic 2] - LastState: ChargingPausedByEv
2026-02-25 00:20:22 Verb  <EVT> [ConnectorLogic 1] - LastState: Charging
2026-02-25 00:20:22 Verb  <EVT> [ConnectorLogic 2] - LastState: ChargingPausedByEv
2026-02-25 00:20:23 Verb  <EVT> [ConnectorLogic 1] - LastState: Charging
2026-02-25 00:20:23 Verb  <EVT> [ConnectorLogic 2] - LastState: ChargingPausedByEv
2026-02-25 00:20:24 Verb  <EVT> [ConnectorLogic 1] - LastState: Charging
2026-02-25 00:20:24 Verb  <EVT> [ConnectorLogic 2] - LastState: ChargingPausedByEv
2026-02-25 00:20:25 Verb  <EVT> [ConnectorLogic 1] - LastState: Charging
2026-02-25 00:20:25 Verb  <EVT> [ConnectorLogic 2] - LastState: ChargingPausedByEv
2026-02-25 00:20:26 Verb  <EVT> [ConnectorLogic 1] - LastState: Charging
2026-02-25 00:20:26 Verb  <EVT> [ConnectorLogic 2] - LastState: ChargingPausedByEv
2026-02-25 00:20:27 Verb  <#76> [SystemMonitor] - CPU loads: 1.73 1.73 1.72
2026-02-25 00:20:27 Verb  <EVT> [ConnectorLogic 1] - LastState: Charging
2026-02-25 00:20:27 Verb  <EVT> [ConnectorLogic 2] - LastState: ChargingPausedByEv
2026-02-25 00:20:28 Verb  <EVT> [ConnectorLogic 1] - LastState: Charging
2026-02-25 00:20:28 Verb  <EVT> [ConnectorLogic 2] - LastState: ChargingPausedByEv
2026-02-25 00:20:29 Verb  <EVT> [ConnectorLogic 1] - LastState: Charging
2026-02-25 00:20:29 Verb  <EVT> [ConnectorLogic 2] - LastState: ChargingPausedByEv
2026-02-25 00:20:30 Verb  <EVT> [ConnectorLogic 1] - LastState: Charging
2026-02-25 00:20:31 Verb  <EVT> [Evse 1] - Created ConnectorStatusData: {
  "ConnectorId": 1,
  "Status": "Charging",
  "Current": {
    "L1": 15.773,
    "L2": 15.228,
    "L3": 15.148
  },
  "Power": {
    "L1": 3.7178001,
    "L2": 3.5902,
    "L3": 3.5845,
    "Total": 10.8925
  },
  "Consumption": {
    "L1": 0.0,
    "L2": 0.0,
    "L3": 0.0,
    "Total": 33.2
  },
  "CurrentSession": {
    "StartTime": "2026-02-24T20:49:51.0918872Z",
    "ConsumedEnergy": 33.2,
    "PhaseUsedByVehicle": "L123",
    "VehicleMinCurrentA": 6.0,
    "VehicleMaxCurrentA": 15.828,
    "IsVehicleMaxCurrentKnown": true,
    "IsVehicleResponsive": true
  },
  "ChargingUserPreferences": {
    "ChargingMode": "Fast",
    "PlannedDepartureTime": "2026-02-25T06:30:00Z",
    "PlannedEnergyConsumption": 100.0
  },
  "CurrentSetpoint": 16
}
2026-02-25 00:20:31 Verb  <EVT> [ConnectorLogic 2] - LastState: ChargingPausedByEv
2026-02-25 00:20:31 Verb  <EVT> [Evse 2] - Created ConnectorStatusData: {
  "ConnectorId": 2,
  "Status": "ChargingPausedByEv",
  "Current": {
    "L1": 0.0,
    "L2": 0.0,
    "L3": 0.0
  },
  "Power": {
    "L1": 0.0,
    "L2": 0.0,
    "L3": 0.0,
    "Total": 0.0
  },
  "Consumption": {
    "L1": 0.0,
    "L2": 0.0,
    "L3": 0.0,
    "Total": 33.2
  },
  "CurrentSession": {
    "StartTime": "2026-02-24T19:36:48.6309339Z",
    "ConsumedEnergy": 33.2,
    "PhaseUsedByVehicle": "L123",
    "VehicleMinCurrentA": 6.0,
    "VehicleMaxCurrentA": 15.952,
    "IsVehicleMaxCurrentKnown": true,
    "IsVehicleResponsive": true
  },
  "ChargingUserPreferences": {
    "ChargingMode": "Fast",
    "PlannedDepartureTime": "2026-02-24T22:00:00Z",
    "PlannedEnergyConsumption": 100.0
  },
  "CurrentSetpoint": 16
}
2026-02-25 00:20:31 Verb  <EVT> [ConnectorLogic 1] - LastState: Charging
2026-02-25 00:20:31 Verb  <EVT> [ConnectorLogic 2] - LastState: ChargingPausedByEv
2026-02-25 00:20:31 Verb  <EVT> [ConnectorLogic 1] - LastState: Charging
2026-02-25 00:20:31 Verb  <EVT> [ConnectorLogic 2] - LastState: ChargingPausedByEv
2026-02-25 00:20:32 Verb  <EVT> [ConnectorLogic 1] - LastState: Charging
2026-02-25 00:20:32 Verb  <EVT> [ConnectorLogic 2] - LastState: ChargingPausedByEv
2026-02-25 00:20:33 Verb  <EVT> [ConnectorLogic 1] - LastState: Charging
2026-02-25 00:20:33 Verb  <EVT> [ConnectorLogic 2] - LastState: ChargingPausedByEv
2026-02-25 00:20:34 Verb  <EVT> [ConnectorLogic 1] - LastState: Charging
2026-02-25 00:20:34 Verb  <EVT> [ConnectorLogic 2] - LastState: ChargingPausedByEv
2026-02-25 00:20:35 Verb  <EVT> [ConnectorLogic 1] - LastState: Charging
2026-02-25 00:20:35 Verb  <EVT> [ConnectorLogic 2] - LastState: ChargingPausedByEv
2026-02-25 00:20:36 Verb  <EVT> [ConnectorLogic 1] - LastState: Charging
2026-02-25 00:20:36 Verb  <EVT> [ConnectorLogic 2] - LastState: ChargingPausedByEv
2026-02-25 00:20:37 Verb  <#43> [SystemMonitor] - CPU loads: 1.61 1.71 1.71
2026-02-25 00:20:37 Verb  <EVT> [ConnectorLogic 1] - LastState: Charging
2026-02-25 00:20:37 Verb  <EVT> [ConnectorLogic 2] - LastState: ChargingPausedByEv
2026-02-25 00:20:38 Verb  <EVT> [ConnectorLogic 1] - LastState: Charging
2026-02-25 00:20:38 Verb  <EVT> [ConnectorLogic 2] - LastState: ChargingPausedByEv
2026-02-25 00:20:39 Verb  <EVT> [ConnectorLogic 1] - LastState: Charging
2026-02-25 00:20:39 Verb  <EVT> [ConnectorLogic 2] - LastState: ChargingPausedByEv
2026-02-25 00:20:40 Verb  <EVT> [ConnectorLogic 1] - LastState: Charging
2026-02-25 00:20:40 Verb  <EVT> [ConnectorLogic 2] - LastState: ChargingPausedByEv
2026-02-25 00:20:41 Verb  <EVT> [ConnectorLogic 1] - LastState: Charging
2026-02-25 00:20:41 Verb  <EVT> [ConnectorLogic 2] - LastState: ChargingPausedByEv
2026-02-25 00:20:42 Verb  <EVT> [ConnectorLogic 1] - LastState: Charging
2026-02-25 00:20:42 Verb  <EVT> [ConnectorLogic 2] - LastState: ChargingPausedByEv
2026-02-25 00:20:43 Verb  <EVT> [ConnectorLogic 1] - LastState: Charging
2026-02-25 00:20:43 Verb  <EVT> [ConnectorLogic 2] - LastState: ChargingPausedByEv
2026-02-25 00:20:44 Verb  <EVT> [ConnectorLogic 1] - LastState: Charging
2026-02-25 00:20:44 Verb  <EVT> [ConnectorLogic 2] - LastState: ChargingPausedByEv
2026-02-25 00:20:45 Verb  <EVT> [ConnectorLogic 1] - LastState: Charging
2026-02-25 00:20:45 Verb  <EVT> [ConnectorLogic 2] - LastState: ChargingPausedByEv
2026-02-25 00:20:46 Verb  <EVT> [ConnectorLogic 1] - LastState: Charging
2026-02-25 00:20:46 Verb  <EVT> [ConnectorLogic 2] - LastState: ChargingPausedByEv
2026-02-25 00:20:47 Verb  <#50> [SystemMonitor] - CPU loads: 1.45 1.67 1.7
2026-02-25 00:20:47 Verb  <EVT> [ConnectorLogic 1] - LastState: Charging
2026-02-25 00:20:47 Verb  <EVT> [ConnectorLogic 2] - LastState: ChargingPausedByEv
2026-02-25 00:20:48 Verb  <EVT> [ConnectorLogic 1] - LastState: Charging
2026-02-25 00:20:48 Verb  <EVT> [ConnectorLogic 2] - LastState: ChargingPausedByEv
2026-02-25 00:20:48 Warn  <#48> [AfeEnergyMeter] - Cannot read temperature from AFE: Could not find file '/sys/bus/spi/drivers/afe_at90e36/spi1.1/Temp'.
2026-02-25 00:20:48 Error <#48> [EnergyMeterService evse2] - SendMeasurements - Temperature: could not read value (AfeSystemFault)
2026-02-25 00:20:48 Verb  <#48> [OcppClient] - Sent: [2,"19fb","MeterValues",{"connectorId":2,"meterValue":[{"timestamp":"2026-02-25T00:20:47.708Z","sampledValue":[{"value":"0","context":"Sample.Periodic","measurand":"Current.Import","phase":"L1","unit":"A"},{"value":"0","context":"Sample.Periodic","measurand":"Current.Import","phase":"L2","unit":"A"},{"value":"0","context":"Sample.Periodic","measurand":"Current.Import","phase":"L3","unit":"A"},{"value":"35855.8","context":"Sample.Periodic","measurand":"Energy.Active.Import.Register","unit":"kWh"},{"value":"49.98","context":"Sample.Periodic","measurand":"Frequency"},{"value":"0","context":"Sample.Periodic","measurand":"Power.Active.Import","phase":"L1","unit":"kW"},{"value":"0","context":"Sample.Periodic","measurand":"Power.Active.Import","phase":"L2","unit":"kW"},{"value":"0","context":"Sample.Periodic","measurand":"Power.Active.Import","phase":"L3","unit":"kW"},{"value":"0","context":"Sample.Periodic","measurand":"Power.Active.Import","unit":"kW"},{"value":"-1","context":"Sample.Periodic","measurand":"Power.Factor"},{"value":"236.6","context":"Sample.Periodic","measurand":"Voltage","phase":"L1","unit":"V"},{"value":"236.4","context":"Sample.Periodic","measurand":"Voltage","phase":"L2","unit":"V"},{"value":"236.5","context":"Sample.Periodic","measurand":"Voltage","phase":"L3","unit":"V"},{"value":"16","context":"Sample.Periodic","measurand":"Current.Offered","unit":"A"}]}],"transactionId":2027725}]
2026-02-25 00:20:49 Verb  <EVT> [ConnectorLogic 1] - LastState: Charging
2026-02-25 00:20:49 Verb  <EVT> [ConnectorLogic 2] - LastState: ChargingPausedByEv
2026-02-25 00:20:49 Verb  <#50> [OcppClient] - Received: [3,"19fb",{}]
2026-02-25 00:20:49 Verb  <CommHandler first queue> [OcppMessageSender] - OcppMessageSender received response 
OcppAction: MeterValues
OcppMessage response: {}
2026-02-25 00:20:50 Verb  <EVT> [ConnectorLogic 1] - LastState: Charging
2026-02-25 00:20:50 Verb  <EVT> [ConnectorLogic 2] - LastState: ChargingPausedByEv
2026-02-25 00:20:51 Verb  <EVT> [ConnectorLogic 1] - LastState: Charging
2026-02-25 00:20:51 Verb  <EVT> [ConnectorLogic 2] - LastState: ChargingPausedByEv
2026-02-25 00:20:51 Warn  <#43> [AfeEnergyMeter] - Cannot read temperature from AFE: Could not find file '/sys/bus/spi/drivers/afe_at90e36/spi1.1/Temp'.
2026-02-25 00:20:51 Error <#43> [EnergyMeterService evse1] - SendMeasurements - Temperature: could not read value (AfeSystemFault)
2026-02-25 00:20:51 Verb  <#43> [OcppClient] - Sent: [2,"19fc","MeterValues",{"connectorId":1,"meterValue":[{"timestamp":"2026-02-25T00:20:51.083Z","sampledValue":[{"value":"15.776","context":"Sample.Periodic","measurand":"Current.Import","phase":"L1","unit":"A"},{"value":"15.246","context":"Sample.Periodic","measurand":"Current.Import","phase":"L2","unit":"A"},{"value":"15.156","context":"Sample.Periodic","measurand":"Current.Import","phase":"L3","unit":"A"},{"value":"24363.9","context":"Sample.Periodic","measurand":"Energy.Active.Import.Register","unit":"kWh"},{"value":"49.99","context":"Sample.Periodic","measurand":"Frequency"},{"value":"3.7172","context":"Sample.Periodic","measurand":"Power.Active.Import","phase":"L1","unit":"kW"},{"value":"3.5937","context":"Sample.Periodic","measurand":"Power.Active.Import","phase":"L2","unit":"kW"},{"value":"3.5826","context":"Sample.Periodic","measurand":"Power.Active.Import","phase":"L3","unit":"kW"},{"value":"10.8935995","context":"Sample.Periodic","measurand":"Power.Active.Import","unit":"kW"},{"value":"0.9973","context":"Sample.Periodic","measurand":"Power.Factor"},{"value":"236.4","context":"Sample.Periodic","measurand":"Voltage","phase":"L1","unit":"V"},{"value":"236.2","context":"Sample.Periodic","measurand":"Voltage","phase":"L2","unit":"V"},{"value":"236.9","context":"Sample.Periodic","measurand":"Voltage","phase":"L3","unit":"V"},{"value":"16","context":"Sample.Periodic","measurand":"Current.Offered","unit":"A"}]}],"transactionId":2027882}]
2026-02-25 00:20:51 Verb  <#43> [OcppClient] - Received: [3,"19fc",{}]
2026-02-25 00:20:51 Verb  <CommHandler first queue> [OcppMessageSender] - OcppMessageSender received response 
OcppAction: MeterValues
OcppMessage response: {}
2026-02-25 00:20:52 Verb  <EVT> [ConnectorLogic 1] - LastState: Charging
2026-02-25 00:20:52 Verb  <EVT> [ConnectorLogic 2] - LastState: ChargingPausedByEv
2026-02-25 00:20:53 Verb  <EVT> [ConnectorLogic 1] - LastState: Charging
2026-02-25 00:20:53 Verb  <EVT> [ConnectorLogic 2] - LastState: ChargingPausedByEv
2026-02-25 00:20:54 Verb  <EVT> [ConnectorLogic 1] - LastState: Charging
2026-02-25 00:20:54 Verb  <EVT> [ConnectorLogic 2] - LastState: ChargingPausedByEv
2026-02-25 00:20:55 Verb  <EVT> [ConnectorLogic 1] - LastState: Charging
2026-02-25 00:20:55 Verb  <EVT> [ConnectorLogic 2] - LastState: ChargingPausedByEv
2026-02-25 00:20:56 Verb  <EVT> [ConnectorLogic 1] - LastState: Charging
2026-02-25 00:20:56 Verb  <EVT> [ConnectorLogic 2] - LastState: ChargingPausedByEv
2026-02-25 00:20:57 Verb  <#43> [SystemMonitor] - CPU loads: 1.59 1.69 1.7
2026-02-25 00:20:57 Verb  <EVT> [ConnectorLogic 1] - LastState: Charging
2026-02-25 00:20:57 Verb  <EVT> [ConnectorLogic 2] - LastState: ChargingPausedByEv
2026-02-25 00:20:58 Verb  <EVT> [ConnectorLogic 1] - LastState: Charging
2026-02-25 00:20:58 Verb  <EVT> [ConnectorLogic 2] - LastState: ChargingPausedByEv
2026-02-25 00:20:59 Verb  <EVT> [ConnectorLogic 1] - LastState: Charging
2026-02-25 00:20:59 Verb  <EVT> [ConnectorLogic 2] - LastState: ChargingPausedByEv
2026-02-25 00:21:00 Verb  <EVT> [ConnectorLogic 1] - LastState: Charging
2026-02-25 00:21:00 Verb  <EVT> [ConnectorLogic 2] - LastState: ChargingPausedByEv
2026-02-25 00:21:01 Verb  <EVT> [ConnectorLogic 1] - LastState: Charging
2026-02-25 00:21:01 Verb  <EVT> [Evse 1] - Created ConnectorStatusData: {
  "ConnectorId": 1,
  "Status": "Charging",
  "Current": {
    "L1": 15.759,
    "L2": 15.208,
    "L3": 15.113
  },
  "Power": {
    "L1": 3.7127,
    "L2": 3.5851002,
    "L3": 3.5723,
    "Total": 10.8702
  },
  "Consumption": {
    "L1": 0.0,
    "L2": 0.0,
    "L3": 0.0,
    "Total": 33.2
  },
  "CurrentSession": {
    "StartTime": "2026-02-24T20:49:51.0918872Z",
    "ConsumedEnergy": 33.2,
    "PhaseUsedByVehicle": "L123",
    "VehicleMinCurrentA": 6.0,
    "VehicleMaxCurrentA": 15.828,
    "IsVehicleMaxCurrentKnown": true,
    "IsVehicleResponsive": true
  },
  "ChargingUserPreferences": {
    "ChargingMode": "Fast",
    "PlannedDepartureTime": "2026-02-25T06:30:00Z",
    "PlannedEnergyConsumption": 100.0
  },
  "CurrentSetpoint": 16
}
2026-02-25 00:21:01 Verb  <EVT> [ConnectorLogic 2] - LastState: ChargingPausedByEv
2026-02-25 00:21:01 Verb  <EVT> [Evse 2] - Created ConnectorStatusData: {
  "ConnectorId": 2,
  "Status": "ChargingPausedByEv",
  "Current": {
    "L1": 0.0,
    "L2": 0.0,
    "L3": 0.0
  },
  "Power": {
    "L1": 0.0,
    "L2": 0.0,
    "L3": 0.0,
    "Total": 0.0
  },
  "Consumption": {
    "L1": 0.0,
    "L2": 0.0,
    "L3": 0.0,
    "Total": 33.2
  },
  "CurrentSession": {
    "StartTime": "2026-02-24T19:36:48.6309339Z",
    "ConsumedEnergy": 33.2,
    "PhaseUsedByVehicle": "L123",
    "VehicleMinCurrentA": 6.0,
    "VehicleMaxCurrentA": 15.952,
    "IsVehicleMaxCurrentKnown": true,
    "IsVehicleResponsive": true
  },
  "ChargingUserPreferences": {
    "ChargingMode": "Fast",
    "PlannedDepartureTime": "2026-02-24T22:00:00Z",
    "PlannedEnergyConsumption": 100.0
  },
  "CurrentSetpoint": 16
}
2026-02-25 00:21:01 Verb  <EVT> [ConnectorLogic 1] - LastState: Charging
2026-02-25 00:21:01 Verb  <EVT> [ConnectorLogic 2] - LastState: ChargingPausedByEv
2026-02-25 00:21:01 Verb  <EVT> [ConnectorLogic 1] - LastState: Charging
2026-02-25 00:21:01 Verb  <EVT> [ConnectorLogic 1] - TargetCurrents {
  "ChargingProfiles": {
    "Current": null,
    "Unit": "A",
    "Source": "ChargingProfiles"
  },
  "SmartCluster": {
    "Current": 16,
    "Unit": "A",
    "Source": "SmartCluster"
  }
}
2026-02-25 00:21:01 Info  <EVT> [ConnectorLogic 1] - TargetCurrent from SmartCluster, current: 16
2026-02-25 00:21:01 Verb  <EVT> [ConnectorLogic 1] - Applying 16 A from SmartCluster triggered by ConnectorMaxOutput (SmartCluster)
2026-02-25 00:21:02 Verb  <EVT> [ConnectorLogic 2] - LastState: ChargingPausedByEv
2026-02-25 00:21:02 Verb  <EVT> [ConnectorLogic 1] - LastState: Charging
2026-02-25 00:21:02 Verb  <EVT> [ConnectorLogic 2] - LastState: ChargingPausedByEv
2026-02-25 00:21:03 Verb  <EVT> [ConnectorLogic 1] - LastState: Charging
2026-02-25 00:21:03 Verb  <EVT> [ConnectorLogic 2] - LastState: ChargingPausedByEv
2026-02-25 00:21:04 Verb  <EVT> [ConnectorLogic 1] - LastState: Charging
2026-02-25 00:21:04 Verb  <EVT> [ConnectorLogic 2] - LastState: ChargingPausedByEv
2026-02-25 00:21:05 Verb  <EVT> [ConnectorLogic 1] - LastState: Charging
2026-02-25 00:21:05 Verb  <EVT> [Evse 1] - Created ConnectorShortStatusData: {
  "ConnectorId": 1,
  "Current": {
    "L1": 15.696,
    "L2": 15.201,
    "L3": 15.106
  },
  "Power": {
    "L1": 3.7023,
    "L2": 3.5851002,
    "L3": 3.5753999,
    "Total": 10.862901
  },
  "Consumption": {
    "L1": 0.0,
    "L2": 0.0,
    "L3": 0.0,
    "Total": 33.3
  },
  "LocalTarget": 16,
  "IsMaxCurrentKnown": true
}
2026-02-25 00:21:05 Verb  <EVT> [ConnectorLogic 2] - LastState: ChargingPausedByEv
2026-02-25 00:21:06 Verb  <EVT> [ConnectorLogic 1] - LastState: Charging
2026-02-25 00:21:06 Verb  <EVT> [ConnectorLogic 2] - LastState: ChargingPausedByEv
2026-02-25 00:21:07 Verb  <#56> [SystemMonitor] - CPU loads: 2.05 1.79 1.74
2026-02-25 00:21:07 Verb  <EVT> [ConnectorLogic 1] - LastState: Charging
2026-02-25 00:21:07 Verb  <EVT> [ConnectorLogic 2] - LastState: ChargingPausedByEv
2026-02-25 00:21:08 Verb  <EVT> [ConnectorLogic 1] - LastState: Charging
2026-02-25 00:21:08 Verb  <EVT> [ConnectorLogic 2] - LastState: ChargingPausedByEv
2026-02-25 00:21:09 Verb  <EVT> [ConnectorLogic 1] - LastState: Charging
2026-02-25 00:21:09 Verb  <EVT> [ConnectorLogic 2] - LastState: ChargingPausedByEv
2026-02-25 00:21:10 Verb  <EVT> [ConnectorLogic 1] - LastState: Charging
2026-02-25 00:21:10 Verb  <EVT> [ConnectorLogic 2] - LastState: ChargingPausedByEv
2026-02-25 00:21:11 Verb  <EVT> [ConnectorLogic 1] - LastState: Charging
2026-02-25 00:21:11 Verb  <EVT> [ConnectorLogic 2] - LastState: ChargingPausedByEv
2026-02-25 00:21:12 Verb  <EVT> [ConnectorLogic 1] - LastState: Charging
2026-02-25 00:21:12 Verb  <EVT> [ConnectorLogic 2] - LastState: ChargingPausedByEv
2026-02-25 00:21:13 Verb  <EVT> [ConnectorLogic 1] - LastState: Charging
2026-02-25 00:21:13 Verb  <EVT> [ConnectorLogic 2] - LastState: ChargingPausedByEv
2026-02-25 00:21:14 Verb  <EVT> [ConnectorLogic 1] - LastState: Charging
2026-02-25 00:21:14 Verb  <EVT> [ConnectorLogic 2] - LastState: ChargingPausedByEv
2026-02-25 00:21:15 Verb  <EVT> [ConnectorLogic 1] - LastState: Charging
2026-02-25 00:21:15 Verb  <EVT> [ConnectorLogic 2] - LastState: ChargingPausedByEv
2026-02-25 00:21:16 Verb  <EVT> [ConnectorLogic 1] - LastState: Charging
2026-02-25 00:21:16 Verb  <EVT> [ConnectorLogic 2] - LastState: ChargingPausedByEv
2026-02-25 00:21:17 Verb  <#60> [SystemMonitor] - CPU loads: 1.88 1.76 1.73
2026-02-25 00:21:17 Verb  <EVT> [ConnectorLogic 1] - LastState: Charging
2026-02-25 00:21:17 Verb  <EVT> [ConnectorLogic 2] - LastState: ChargingPausedByEv
2026-02-25 00:21:18 Verb  <EVT> [ConnectorLogic 1] - LastState: Charging
2026-02-25 00:21:18 Verb  <EVT> [ConnectorLogic 2] - LastState: ChargingPausedByEv
2026-02-25 00:21:19 Verb  <EVT> [ConnectorLogic 1] - LastState: Charging
2026-02-25 00:21:19 Verb  <EVT> [ConnectorLogic 2] - LastState: ChargingPausedByEv
2026-02-25 00:21:20 Verb  <EVT> [ConnectorLogic 1] - LastState: Charging
2026-02-25 00:21:20 Verb  <EVT> [ConnectorLogic 2] - LastState: ChargingPausedByEv
2026-02-25 00:21:21 Verb  <EVT> [ConnectorLogic 1] - LastState: Charging
2026-02-25 00:21:21 Verb  <EVT> [ConnectorLogic 2] - LastState: ChargingPausedByEv
2026-02-25 00:21:22 Verb  <EVT> [ConnectorLogic 1] - LastState: Charging
2026-02-25 00:21:22 Verb  <EVT> [ConnectorLogic 2] - LastState: ChargingPausedByEv
2026-02-25 00:21:23 Verb  <EVT> [ConnectorLogic 1] - LastState: Charging
2026-02-25 00:21:23 Verb  <EVT> [ConnectorLogic 2] - LastState: ChargingPausedByEv
2026-02-25 00:21:24 Verb  <EVT> [ConnectorLogic 1] - LastState: Charging
2026-02-25 00:21:24 Verb  <EVT> [ConnectorLogic 2] - LastState: ChargingPausedByEv
2026-02-25 00:21:25 Verb  <EVT> [ConnectorLogic 1] - LastState: Charging
2026-02-25 00:21:25 Verb  <EVT> [ConnectorLogic 2] - LastState: ChargingPausedByEv
2026-02-25 00:21:26 Verb  <EVT> [ConnectorLogic 1] - LastState: Charging
2026-02-25 00:21:26 Verb  <EVT> [ConnectorLogic 2] - LastState: ChargingPausedByEv
2026-02-25 00:21:27 Verb  <#48> [SystemMonitor] - CPU loads: 1.74 1.74 1.72
2026-02-25 00:21:27 Verb  <EVT> [ConnectorLogic 1] - LastState: Charging
2026-02-25 00:21:27 Verb  <EVT> [ConnectorLogic 2] - LastState: ChargingPausedByEv
2026-02-25 00:21:28 Verb  <EVT> [ConnectorLogic 1] - LastState: Charging
2026-02-25 00:21:28 Verb  <EVT> [ConnectorLogic 2] - LastState: ChargingPausedByEv
2026-02-25 00:21:29 Verb  <EVT> [ConnectorLogic 1] - LastState: Charging
2026-02-25 00:21:29 Verb  <EVT> [ConnectorLogic 2] - LastState: ChargingPausedByEv
2026-02-25 00:21:30 Verb  <EVT> [ConnectorLogic 1] - LastState: Charging
2026-02-25 00:21:30 Verb  <EVT> [ConnectorLogic 2] - LastState: ChargingPausedByEv
2026-02-25 00:21:31 Verb  <EVT> [ConnectorLogic 1] - LastState: Charging
2026-02-25 00:21:31 Verb  <EVT> [ConnectorLogic 2] - LastState: ChargingPausedByEv
2026-02-25 00:21:31 Verb  <EVT> [ConnectorLogic 1] - LastState: Charging
2026-02-25 00:21:31 Verb  <EVT> [Evse 1] - Created ConnectorStatusData: {
  "ConnectorId": 1,
  "Status": "Charging",
  "Current": {
    "L1": 15.721,
    "L2": 15.304,
    "L3": 15.198
  },
  "Power": {
    "L1": 3.7128,
    "L2": 3.6086001,
    "L3": 3.5945,
    "Total": 10.9159
  },
  "Consumption": {
    "L1": 0.0,
    "L2": 0.0,
    "L3": 0.0,
    "Total": 33.3
  },
  "CurrentSession": {
    "StartTime": "2026-02-24T20:49:51.0918872Z",
    "ConsumedEnergy": 33.3,
    "PhaseUsedByVehicle": "L123",
    "VehicleMinCurrentA": 6.0,
    "VehicleMaxCurrentA": 15.828,
    "IsVehicleMaxCurrentKnown": true,
    "IsVehicleResponsive": true
  },
  "ChargingUserPreferences": {
    "ChargingMode": "Fast",
    "PlannedDepartureTime": "2026-02-25T06:30:00Z",
    "PlannedEnergyConsumption": 100.0
  },
  "CurrentSetpoint": 16
}
2026-02-25 00:21:31 Verb  <EVT> [ConnectorLogic 2] - LastState: ChargingPausedByEv
2026-02-25 00:21:31 Verb  <EVT> [Evse 2] - Created ConnectorStatusData: {
  "ConnectorId": 2,
  "Status": "ChargingPausedByEv",
  "Current": {
    "L1": 0.0,
    "L2": 0.0,
    "L3": 0.0
  },
  "Power": {
    "L1": 0.0,
    "L2": 0.0,
    "L3": 0.0,
    "Total": 0.0
  },
  "Consumption": {
    "L1": 0.0,
    "L2": 0.0,
    "L3": 0.0,
    "Total": 33.2
  },
  "CurrentSession": {
    "StartTime": "2026-02-24T19:36:48.6309339Z",
    "ConsumedEnergy": 33.2,
    "PhaseUsedByVehicle": "L123",
    "VehicleMinCurrentA": 6.0,
    "VehicleMaxCurrentA": 15.952,
    "IsVehicleMaxCurrentKnown": true,
    "IsVehicleResponsive": true
  },
  "ChargingUserPreferences": {
    "ChargingMode": "Fast",
    "PlannedDepartureTime": "2026-02-24T22:00:00Z",
    "PlannedEnergyConsumption": 100.0
  },
  "CurrentSetpoint": 16
}
2026-02-25 00:21:32 Verb  <EVT> [ConnectorLogic 1] - LastState: Charging
2026-02-25 00:21:32 Verb  <EVT> [ConnectorLogic 1] - TargetCurrents {
  "ChargingProfiles": {
    "Current": null,
    "Unit": "A",
    "Source": "ChargingProfiles"
  },
  "SmartCluster": {
    "Current": 16,
    "Unit": "A",
    "Source": "SmartCluster"
  }
}
2026-02-25 00:21:32 Info  <EVT> [ConnectorLogic 1] - TargetCurrent from SmartCluster, current: 16
2026-02-25 00:21:32 Verb  <EVT> [ConnectorLogic 1] - Applying 16 A from SmartCluster triggered by ConnectorMaxOutput (SmartCluster)
2026-02-25 00:21:32 Verb  <EVT> [ConnectorLogic 2] - LastState: ChargingPausedByEv
2026-02-25 00:21:32 Verb  <EVT> [ConnectorLogic 1] - LastState: Charging
2026-02-25 00:21:32 Verb  <EVT> [ConnectorLogic 2] - LastState: ChargingPausedByEv
2026-02-25 00:21:33 Verb  <EVT> [ConnectorLogic 1] - LastState: Charging
2026-02-25 00:21:33 Verb  <EVT> [ConnectorLogic 2] - LastState: ChargingPausedByEv
2026-02-25 00:21:34 Verb  <EVT> [ConnectorLogic 1] - LastState: Charging
2026-02-25 00:21:34 Verb  <EVT> [ConnectorLogic 2] - LastState: ChargingPausedByEv
2026-02-25 00:21:35 Verb  <EVT> [ConnectorLogic 1] - LastState: Charging
2026-02-25 00:21:35 Verb  <EVT> [ConnectorLogic 2] - LastState: ChargingPausedByEv
2026-02-25 00:21:36 Verb  <EVT> [ConnectorLogic 1] - LastState: Charging
2026-02-25 00:21:36 Verb  <EVT> [ConnectorLogic 2] - LastState: ChargingPausedByEv
2026-02-25 00:21:37 Verb  <#43> [SystemMonitor] - CPU loads: 1.56 1.7 1.71
2026-02-25 00:21:37 Verb  <EVT> [ConnectorLogic 1] - LastState: Charging
2026-02-25 00:21:37 Verb  <EVT> [Evse 1] - Created ConnectorShortStatusData: {
  "ConnectorId": 1,
  "Current": {
    "L1": 15.74,
    "L2": 15.21,
    "L3": 15.116
  },
  "Power": {
    "L1": 3.7113998,
    "L2": 3.585,
    "L3": 3.5716999,
    "Total": 10.868099
  },
  "Consumption": {
    "L1": 0.0,
    "L2": 0.0,
    "L3": 0.0,
    "Total": 33.4
  },
  "LocalTarget": 16,
  "IsMaxCurrentKnown": true
}
2026-02-25 00:21:37 Verb  <EVT> [ConnectorLogic 2] - LastState: ChargingPausedByEv
2026-02-25 00:21:38 Verb  <EVT> [ConnectorLogic 1] - LastState: Charging
2026-02-25 00:21:38 Verb  <EVT> [ConnectorLogic 2] - LastState: ChargingPausedByEv
2026-02-25 00:21:39 Verb  <EVT> [ConnectorLogic 1] - LastState: Charging
2026-02-25 00:21:39 Verb  <EVT> [ConnectorLogic 2] - LastState: ChargingPausedByEv
2026-02-25 00:21:40 Verb  <EVT> [ConnectorLogic 1] - LastState: Charging
2026-02-25 00:21:40 Verb  <EVT> [ConnectorLogic 2] - LastState: ChargingPausedByEv
2026-02-25 00:21:41 Verb  <EVT> [ConnectorLogic 1] - LastState: Charging
2026-02-25 00:21:41 Verb  <EVT> [ConnectorLogic 2] - LastState: ChargingPausedByEv
2026-02-25 00:21:42 Verb  <EVT> [ConnectorLogic 1] - LastState: Charging
2026-02-25 00:21:42 Verb  <EVT> [ConnectorLogic 2] - LastState: ChargingPausedByEv
2026-02-25 00:21:43 Verb  <EVT> [ConnectorLogic 1] - LastState: Charging
2026-02-25 00:21:43 Verb  <EVT> [ConnectorLogic 2] - LastState: ChargingPausedByEv
2026-02-25 00:21:44 Verb  <EVT> [ConnectorLogic 1] - LastState: Charging
2026-02-25 00:21:44 Verb  <EVT> [ConnectorLogic 2] - LastState: ChargingPausedByEv
2026-02-25 00:21:45 Verb  <EVT> [ConnectorLogic 1] - LastState: Charging
2026-02-25 00:21:45 Verb  <EVT> [ConnectorLogic 2] - LastState: ChargingPausedByEv
2026-02-25 00:21:46 Verb  <EVT> [ConnectorLogic 1] - LastState: Charging
2026-02-25 00:21:46 Verb  <EVT> [ConnectorLogic 2] - LastState: ChargingPausedByEv
2026-02-25 00:21:47 Verb  <#76> [SystemMonitor] - CPU loads: 1.84 1.75 1.72
2026-02-25 00:21:47 Verb  <EVT> [ConnectorLogic 1] - LastState: Charging
2026-02-25 00:21:47 Verb  <EVT> [ConnectorLogic 2] - LastState: ChargingPausedByEv
2026-02-25 00:21:48 Verb  <EVT> [ConnectorLogic 1] - LastState: Charging
2026-02-25 00:21:48 Verb  <EVT> [ConnectorLogic 2] - LastState: ChargingPausedByEv
2026-02-25 00:21:48 Info  <#43> [AfeEnergyMeter] - Calibrating AFE at 1.1
2026-02-25 00:21:48 Warn  <#43> [AfeEnergyMeter] - Cannot read temperature from AFE: Could not find file '/sys/bus/spi/drivers/afe_at90e36/spi1.1/Temp'.
2026-02-25 00:21:48 Error <#43> [EnergyMeterService evse2] - SendMeasurements - Temperature: could not read value (AfeSystemFault)
2026-02-25 00:21:49 Verb  <#43> [OcppClient] - Sent: [2,"19fd","MeterValues",{"connectorId":2,"meterValue":[{"timestamp":"2026-02-25T00:21:48.905Z","sampledValue":[{"value":"0","context":"Sample.Periodic","measurand":"Current.Import","phase":"L1","unit":"A"},{"value":"0","context":"Sample.Periodic","measurand":"Current.Import","phase":"L2","unit":"A"},{"value":"0","context":"Sample.Periodic","measurand":"Current.Import","phase":"L3","unit":"A"},{"value":"35855.8","context":"Sample.Periodic","measurand":"Energy.Active.Import.Register","unit":"kWh"},{"value":"49.96","context":"Sample.Periodic","measurand":"Frequency"},{"value":"0","context":"Sample.Periodic","measurand":"Power.Active.Import","phase":"L1","unit":"kW"},{"value":"0","context":"Sample.Periodic","measurand":"Power.Active.Import","phase":"L2","unit":"kW"},{"value":"0","context":"Sample.Periodic","measurand":"Power.Active.Import","phase":"L3","unit":"kW"},{"value":"0","context":"Sample.Periodic","measurand":"Power.Active.Import","unit":"kW"},{"value":"-1","context":"Sample.Periodic","measurand":"Power.Factor"},{"value":"236.7","context":"Sample.Periodic","measurand":"Voltage","phase":"L1","unit":"V"},{"value":"237","context":"Sample.Periodic","measurand":"Voltage","phase":"L2","unit":"V"},{"value":"236.7","context":"Sample.Periodic","measurand":"Voltage","phase":"L3","unit":"V"},{"value":"16","context":"Sample.Periodic","measurand":"Current.Offered","unit":"A"}]}],"transactionId":2027725}]
2026-02-25 00:21:49 Verb  <EVT> [ConnectorLogic 1] - LastState: Charging
2026-02-25 00:21:49 Verb  <EVT> [ConnectorLogic 2] - LastState: ChargingPausedByEv
2026-02-25 00:21:49 Verb  <#76> [OcppClient] - Received: [3,"19fd",{}]
2026-02-25 00:21:49 Verb  <CommHandler first queue> [OcppMessageSender] - OcppMessageSender received response 
OcppAction: MeterValues
OcppMessage response: {}
2026-02-25 00:21:50 Verb  <EVT> [ConnectorLogic 1] - LastState: Charging
2026-02-25 00:21:50 Verb  <EVT> [ConnectorLogic 2] - LastState: ChargingPausedByEv
2026-02-25 00:21:51 Verb  <EVT> [ConnectorLogic 1] - LastState: Charging
2026-02-25 00:21:51 Verb  <EVT> [ConnectorLogic 2] - LastState: ChargingPausedByEv
2026-02-25 00:21:51 Warn  <#16> [AfeEnergyMeter] - Cannot read temperature from AFE: Could not find file '/sys/bus/spi/drivers/afe_at90e36/spi1.1/Temp'.
2026-02-25 00:21:51 Error <#16> [EnergyMeterService evse1] - SendMeasurements - Temperature: could not read value (AfeSystemFault)
2026-02-25 00:21:51 Verb  <#16> [OcppClient] - Sent: [2,"19fe","MeterValues",{"connectorId":1,"meterValue":[{"timestamp":"2026-02-25T00:21:51.325Z","sampledValue":[{"value":"15.795","context":"Sample.Periodic","measurand":"Current.Import","phase":"L1","unit":"A"},{"value":"15.305","context":"Sample.Periodic","measurand":"Current.Import","phase":"L2","unit":"A"},{"value":"15.194","context":"Sample.Periodic","measurand":"Current.Import","phase":"L3","unit":"A"},{"value":"24364.1","context":"Sample.Periodic","measurand":"Energy.Active.Import.Register","unit":"kWh"},{"value":"50","context":"Sample.Periodic","measurand":"Frequency"},{"value":"3.7231998","context":"Sample.Periodic","measurand":"Power.Active.Import","phase":"L1","unit":"kW"},{"value":"3.6085","context":"Sample.Periodic","measurand":"Power.Active.Import","phase":"L2","unit":"kW"},{"value":"3.589","context":"Sample.Periodic","measurand":"Power.Active.Import","phase":"L3","unit":"kW"},{"value":"10.9208","context":"Sample.Periodic","measurand":"Power.Active.Import","unit":"kW"},{"value":"0.9973","context":"Sample.Periodic","measurand":"Power.Factor"},{"value":"236.5","context":"Sample.Periodic","measurand":"Voltage","phase":"L1","unit":"V"},{"value":"236.2","context":"Sample.Periodic","measurand":"Voltage","phase":"L2","unit":"V"},{"value":"236.7","context":"Sample.Periodic","measurand":"Voltage","phase":"L3","unit":"V"},{"value":"16","context":"Sample.Periodic","measurand":"Current.Offered","unit":"A"}]}],"transactionId":2027882}]
2026-02-25 00:21:52 Verb  <#43> [OcppClient] - Received: [3,"19fe",{}]
2026-02-25 00:21:52 Verb  <CommHandler first queue> [OcppMessageSender] - OcppMessageSender received response 
OcppAction: MeterValues
OcppMessage response: {}
2026-02-25 00:21:52 Verb  <EVT> [ConnectorLogic 1] - LastState: Charging
2026-02-25 00:21:52 Verb  <EVT> [ConnectorLogic 2] - LastState: ChargingPausedByEv
2026-02-25 00:21:53 Verb  <EVT> [ConnectorLogic 1] - LastState: Charging
2026-02-25 00:21:53 Verb  <EVT> [ConnectorLogic 2] - LastState: ChargingPausedByEv
2026-02-25 00:21:54 Verb  <EVT> [ConnectorLogic 1] - LastState: Charging
2026-02-25 00:21:54 Verb  <EVT> [ConnectorLogic 2] - LastState: ChargingPausedByEv
2026-02-25 00:21:55 Verb  <EVT> [ConnectorLogic 1] - LastState: Charging
2026-02-25 00:21:55 Verb  <EVT> [ConnectorLogic 2] - LastState: ChargingPausedByEv
2026-02-25 00:21:56 Verb  <EVT> [ConnectorLogic 1] - LastState: Charging
2026-02-25 00:21:56 Verb  <EVT> [ConnectorLogic 2] - LastState: ChargingPausedByEv
2026-02-25 00:21:57 Verb  <#50> [SystemMonitor] - CPU loads: 1.93 1.78 1.73
2026-02-25 00:21:57 Verb  <EVT> [ConnectorLogic 1] - LastState: Charging
2026-02-25 00:21:57 Verb  <EVT> [ConnectorLogic 2] - LastState: ChargingPausedByEv
2026-02-25 00:21:58 Verb  <EVT> [ConnectorLogic 1] - LastState: Charging
2026-02-25 00:21:58 Verb  <EVT> [ConnectorLogic 2] - LastState: ChargingPausedByEv
2026-02-25 00:21:59 Verb  <EVT> [ConnectorLogic 1] - LastState: Charging
2026-02-25 00:21:59 Verb  <EVT> [ConnectorLogic 2] - LastState: ChargingPausedByEv
2026-02-25 00:22:00 Verb  <EVT> [ConnectorLogic 1] - LastState: Charging
2026-02-25 00:22:00 Verb  <EVT> [ConnectorLogic 2] - LastState: ChargingPausedByEv
2026-02-25 00:22:01 Verb  <EVT> [ConnectorLogic 1] - LastState: Charging
2026-02-25 00:22:01 Verb  <EVT> [ConnectorLogic 2] - LastState: ChargingPausedByEv
2026-02-25 00:22:01 Verb  <EVT> [ConnectorLogic 1] - LastState: Charging
2026-02-25 00:22:01 Verb  <EVT> [Evse 1] - Created ConnectorStatusData: {
  "ConnectorId": 1,
  "Status": "Charging",
  "Current": {
    "L1": 15.731,
    "L2": 15.316,
    "L3": 15.192
  },
  "Power": {
    "L1": 3.7157,
    "L2": 3.6137,
    "L3": 3.5916998,
    "Total": 10.9212
  },
  "Consumption": {
    "L1": 0.0,
    "L2": 0.0,
    "L3": 0.0,
    "Total": 33.4
  },
  "CurrentSession": {
    "StartTime": "2026-02-24T20:49:51.0918872Z",
    "ConsumedEnergy": 33.4,
    "PhaseUsedByVehicle": "L123",
    "VehicleMinCurrentA": 6.0,
    "VehicleMaxCurrentA": 15.828,
    "IsVehicleMaxCurrentKnown": true,
    "IsVehicleResponsive": true
  },
  "ChargingUserPreferences": {
    "ChargingMode": "Fast",
    "PlannedDepartureTime": "2026-02-25T06:30:00Z",
    "PlannedEnergyConsumption": 100.0
  },
  "CurrentSetpoint": 16
}
2026-02-25 00:22:01 Verb  <EVT> [ConnectorLogic 2] - LastState: ChargingPausedByEv
2026-02-25 00:22:01 Verb  <EVT> [Evse 2] - Created ConnectorStatusData: {
  "ConnectorId": 2,
  "Status": "ChargingPausedByEv",
  "Current": {
    "L1": 0.0,
    "L2": 0.0,
    "L3": 0.0
  },
  "Power": {
    "L1": 0.0,
    "L2": 0.0,
    "L3": 0.0,
    "Total": 0.0
  },
  "Consumption": {
    "L1": 0.0,
    "L2": 0.0,
    "L3": 0.0,
    "Total": 33.2
  },
  "CurrentSession": {
    "StartTime": "2026-02-24T19:36:48.6309339Z",
    "ConsumedEnergy": 33.2,
    "PhaseUsedByVehicle": "L123",
    "VehicleMinCurrentA": 6.0,
    "VehicleMaxCurrentA": 15.952,
    "IsVehicleMaxCurrentKnown": true,
    "IsVehicleResponsive": true
  },
  "ChargingUserPreferences": {
    "ChargingMode": "Fast",
    "PlannedDepartureTime": "2026-02-24T22:00:00Z",
    "PlannedEnergyConsumption": 100.0
  },
  "CurrentSetpoint": 16
}
2026-02-25 00:22:02 Verb  <EVT> [ConnectorLogic 1] - LastState: Charging
2026-02-25 00:22:02 Verb  <EVT> [ConnectorLogic 1] - TargetCurrents {
  "ChargingProfiles": {
    "Current": null,
    "Unit": "A",
    "Source": "ChargingProfiles"
  },
  "SmartCluster": {
    "Current": 16,
    "Unit": "A",
    "Source": "SmartCluster"
  }
}
2026-02-25 00:22:02 Info  <EVT> [ConnectorLogic 1] - TargetCurrent from SmartCluster, current: 16
2026-02-25 00:22:02 Verb  <EVT> [ConnectorLogic 1] - Applying 16 A from SmartCluster triggered by ConnectorMaxOutput (SmartCluster)
2026-02-25 00:22:02 Verb  <EVT> [ConnectorLogic 2] - LastState: ChargingPausedByEv
2026-02-25 00:22:02 Verb  <EVT> [ConnectorLogic 1] - LastState: Charging
2026-02-25 00:22:02 Verb  <EVT> [ConnectorLogic 2] - LastState: ChargingPausedByEv
2026-02-25 00:22:03 Verb  <EVT> [ConnectorLogic 1] - LastState: Charging
2026-02-25 00:22:03 Verb  <EVT> [ConnectorLogic 2] - LastState: ChargingPausedByEv
2026-02-25 00:22:04 Verb  <EVT> [ConnectorLogic 1] - LastState: Charging
2026-02-25 00:22:04 Verb  <EVT> [ConnectorLogic 2] - LastState: ChargingPausedByEv
2026-02-25 00:22:05 Verb  <EVT> [ConnectorLogic 1] - LastState: Charging
2026-02-25 00:22:05 Verb  <EVT> [ConnectorLogic 2] - LastState: ChargingPausedByEv
2026-02-25 00:22:06 Verb  <EVT> [ConnectorLogic 1] - LastState: Charging
2026-02-25 00:22:06 Verb  <EVT> [ConnectorLogic 2] - LastState: ChargingPausedByEv
2026-02-25 00:22:07 Verb  <#50> [SystemMonitor] - CPU loads: 1.79 1.75 1.72
2026-02-25 00:22:07 Verb  <EVT> [ConnectorLogic 1] - LastState: Charging
2026-02-25 00:22:07 Verb  <EVT> [ConnectorLogic 2] - LastState: ChargingPausedByEv
2026-02-25 00:22:08 Verb  <EVT> [ConnectorLogic 1] - LastState: Charging
2026-02-25 00:22:08 Verb  <EVT> [ConnectorLogic 2] - LastState: ChargingPausedByEv
2026-02-25 00:22:09 Verb  <EVT> [ConnectorLogic 1] - LastState: Charging
2026-02-25 00:22:09 Verb  <EVT> [Evse 1] - Created ConnectorShortStatusData: {
  "ConnectorId": 1,
  "Current": {
    "L1": 15.719,
    "L2": 15.31,
    "L3": 15.196
  },
  "Power": {
    "L1": 3.7127,
    "L2": 3.6123998,
    "L3": 3.5957,
    "Total": 10.9209
  },
  "Consumption": {
    "L1": 0.0,
    "L2": 0.0,
    "L3": 0.0,
    "Total": 33.5
  },
  "LocalTarget": 16,
  "IsMaxCurrentKnown": true
}
2026-02-25 00:22:09 Verb  <EVT> [ConnectorLogic 2] - LastState: ChargingPausedByEv
2026-02-25 00:22:10 Verb  <EVT> [ConnectorLogic 1] - LastState: Charging
2026-02-25 00:22:10 Verb  <EVT> [ConnectorLogic 2] - LastState: ChargingPausedByEv
2026-02-25 00:22:11 Verb  <EVT> [ConnectorLogic 1] - LastState: Charging
2026-02-25 00:22:11 Verb  <EVT> [ConnectorLogic 2] - LastState: ChargingPausedByEv
2026-02-25 00:22:12 Verb  <EVT> [ConnectorLogic 1] - LastState: Charging
2026-02-25 00:22:12 Verb  <EVT> [ConnectorLogic 2] - LastState: ChargingPausedByEv
2026-02-25 00:22:13 Verb  <EVT> [ConnectorLogic 1] - LastState: Charging
2026-02-25 00:22:13 Verb  <EVT> [ConnectorLogic 2] - LastState: ChargingPausedByEv
2026-02-25 00:22:14 Verb  <EVT> [ConnectorLogic 1] - LastState: Charging
2026-02-25 00:22:14 Verb  <EVT> [ConnectorLogic 2] - LastState: ChargingPausedByEv
2026-02-25 00:22:15 Verb  <EVT> [ConnectorLogic 1] - LastState: Charging
2026-02-25 00:22:15 Verb  <EVT> [ConnectorLogic 2] - LastState: ChargingPausedByEv
2026-02-25 00:22:16 Verb  <EVT> [ConnectorLogic 1] - LastState: Charging
2026-02-25 00:22:16 Verb  <EVT> [ConnectorLogic 2] - LastState: ChargingPausedByEv
2026-02-25 00:22:17 Verb  <#43> [SystemMonitor] - CPU loads: 1.96 1.79 1.74
2026-02-25 00:22:17 Verb  <EVT> [ConnectorLogic 1] - LastState: Charging
2026-02-25 00:22:17 Verb  <EVT> [ConnectorLogic 2] - LastState: ChargingPausedByEv
2026-02-25 00:22:18 Verb  <EVT> [ConnectorLogic 1] - LastState: Charging
2026-02-25 00:22:18 Verb  <EVT> [ConnectorLogic 2] - LastState: ChargingPausedByEv
2026-02-25 00:22:19 Verb  <EVT> [ConnectorLogic 1] - LastState: Charging
2026-02-25 00:22:19 Verb  <EVT> [ConnectorLogic 2] - LastState: ChargingPausedByEv
2026-02-25 00:22:20 Verb  <EVT> [ConnectorLogic 1] - LastState: Charging
2026-02-25 00:22:20 Verb  <EVT> [ConnectorLogic 2] - LastState: ChargingPausedByEv
2026-02-25 00:22:21 Verb  <EVT> [ConnectorLogic 1] - LastState: Charging
2026-02-25 00:22:21 Verb  <EVT> [ConnectorLogic 2] - LastState: ChargingPausedByEv
2026-02-25 00:22:22 Verb  <EVT> [ConnectorLogic 1] - LastState: Charging
2026-02-25 00:22:22 Verb  <EVT> [ConnectorLogic 2] - LastState: ChargingPausedByEv
2026-02-25 00:22:23 Verb  <EVT> [ConnectorLogic 1] - LastState: Charging
2026-02-25 00:22:23 Verb  <EVT> [ConnectorLogic 2] - LastState: ChargingPausedByEv
2026-02-25 00:22:24 Verb  <EVT> [ConnectorLogic 1] - LastState: Charging
2026-02-25 00:22:24 Verb  <EVT> [ConnectorLogic 2] - LastState: ChargingPausedByEv
2026-02-25 00:22:25 Verb  <EVT> [ConnectorLogic 1] - LastState: Charging
2026-02-25 00:22:25 Verb  <EVT> [ConnectorLogic 2] - LastState: ChargingPausedByEv
2026-02-25 00:22:26 Verb  <EVT> [ConnectorLogic 1] - LastState: Charging
2026-02-25 00:22:26 Verb  <EVT> [ConnectorLogic 2] - LastState: ChargingPausedByEv
2026-02-25 00:22:27 Verb  <#60> [SystemMonitor] - CPU loads: 1.74 1.75 1.72
2026-02-25 00:22:27 Verb  <EVT> [ConnectorLogic 1] - LastState: Charging
2026-02-25 00:22:27 Verb  <EVT> [ConnectorLogic 2] - LastState: ChargingPausedByEv
2026-02-25 00:22:28 Verb  <EVT> [ConnectorLogic 1] - LastState: Charging
2026-02-25 00:22:28 Verb  <EVT> [ConnectorLogic 2] - LastState: ChargingPausedByEv
2026-02-25 00:22:29 Verb  <EVT> [ConnectorLogic 1] - LastState: Charging
2026-02-25 00:22:29 Verb  <EVT> [ConnectorLogic 2] - LastState: ChargingPausedByEv
2026-02-25 00:22:30 Verb  <EVT> [ConnectorLogic 1] - LastState: Charging
2026-02-25 00:22:30 Verb  <EVT> [ConnectorLogic 2] - LastState: ChargingPausedByEv
2026-02-25 00:22:31 Verb  <EVT> [ConnectorLogic 1] - LastState: Charging
2026-02-25 00:22:31 Verb  <EVT> [ConnectorLogic 2] - LastState: ChargingPausedByEv
2026-02-25 00:22:31 Verb  <EVT> [ConnectorLogic 1] - LastState: Charging
2026-02-25 00:22:31 Verb  <EVT> [Evse 1] - Created ConnectorStatusData: {
  "ConnectorId": 1,
  "Status": "Charging",
  "Current": {
    "L1": 15.701,
    "L2": 15.297,
    "L3": 15.228
  },
  "Power": {
    "L1": 3.7081,
    "L2": 3.6065,
    "L3": 3.6088,
    "Total": 10.9235
  },
  "Consumption": {
    "L1": 0.0,
    "L2": 0.0,
    "L3": 0.0,
    "Total": 33.5
  },
  "CurrentSession": {
    "StartTime": "2026-02-24T20:49:51.0918872Z",
    "ConsumedEnergy": 33.5,
    "PhaseUsedByVehicle": "L123",
    "VehicleMinCurrentA": 6.0,
    "VehicleMaxCurrentA": 15.828,
    "IsVehicleMaxCurrentKnown": true,
    "IsVehicleResponsive": true
  },
  "ChargingUserPreferences": {
    "ChargingMode": "Fast",
    "PlannedDepartureTime": "2026-02-25T06:30:00Z",
    "PlannedEnergyConsumption": 100.0
  },
  "CurrentSetpoint": 16
}
2026-02-25 00:22:31 Verb  <EVT> [ConnectorLogic 2] - LastState: ChargingPausedByEv
2026-02-25 00:22:31 Verb  <EVT> [Evse 2] - Created ConnectorStatusData: {
  "ConnectorId": 2,
  "Status": "ChargingPausedByEv",
  "Current": {
    "L1": 0.0,
    "L2": 0.0,
    "L3": 0.0
  },
  "Power": {
    "L1": 0.0,
    "L2": 0.0,
    "L3": 0.0,
    "Total": 0.0
  },
  "Consumption": {
    "L1": 0.0,
    "L2": 0.0,
    "L3": 0.0,
    "Total": 33.2
  },
  "CurrentSession": {
    "StartTime": "2026-02-24T19:36:48.6309339Z",
    "ConsumedEnergy": 33.2,
    "PhaseUsedByVehicle": "L123",
    "VehicleMinCurrentA": 6.0,
    "VehicleMaxCurrentA": 15.952,
    "IsVehicleMaxCurrentKnown": true,
    "IsVehicleResponsive": true
  },
  "ChargingUserPreferences": {
    "ChargingMode": "Fast",
    "PlannedDepartureTime": "2026-02-24T22:00:00Z",
    "PlannedEnergyConsumption": 100.0
  },
  "CurrentSetpoint": 16
}
2026-02-25 00:22:32 Verb  <EVT> [ConnectorLogic 1] - LastState: Charging
2026-02-25 00:22:32 Verb  <EVT> [ConnectorLogic 1] - TargetCurrents {
  "ChargingProfiles": {
    "Current": null,
    "Unit": "A",
    "Source": "ChargingProfiles"
  },
  "SmartCluster": {
    "Current": 16,
    "Unit": "A",
    "Source": "SmartCluster"
  }
}
2026-02-25 00:22:32 Info  <EVT> [ConnectorLogic 1] - TargetCurrent from SmartCluster, current: 16
2026-02-25 00:22:32 Verb  <EVT> [ConnectorLogic 1] - Applying 16 A from SmartCluster triggered by ConnectorMaxOutput (SmartCluster)
2026-02-25 00:22:32 Verb  <EVT> [ConnectorLogic 2] - LastState: ChargingPausedByEv
2026-02-25 00:22:32 Verb  <EVT> [ConnectorLogic 1] - LastState: Charging
2026-02-25 00:22:32 Verb  <EVT> [ConnectorLogic 2] - LastState: ChargingPausedByEv
2026-02-25 00:22:33 Verb  <EVT> [ConnectorLogic 1] - LastState: Charging
2026-02-25 00:22:33 Verb  <EVT> [ConnectorLogic 2] - LastState: ChargingPausedByEv
2026-02-25 00:22:34 Verb  <EVT> [ConnectorLogic 1] - LastState: Charging
2026-02-25 00:22:34 Verb  <EVT> [ConnectorLogic 2] - LastState: ChargingPausedByEv
2026-02-25 00:22:35 Verb  <EVT> [ConnectorLogic 1] - LastState: Charging
2026-02-25 00:22:35 Verb  <EVT> [ConnectorLogic 2] - LastState: ChargingPausedByEv
2026-02-25 00:22:36 Verb  <EVT> [ConnectorLogic 1] - LastState: Charging
2026-02-25 00:22:36 Verb  <EVT> [ConnectorLogic 2] - LastState: ChargingPausedByEv
2026-02-25 00:22:37 Verb  <#71> [SystemMonitor] - CPU loads: 1.54 1.71 1.71
2026-02-25 00:22:37 Verb  <EVT> [ConnectorLogic 1] - LastState: Charging
2026-02-25 00:22:37 Verb  <EVT> [ConnectorLogic 2] - LastState: ChargingPausedByEv
2026-02-25 00:22:38 Verb  <EVT> [ConnectorLogic 1] - LastState: Charging
2026-02-25 00:22:38 Verb  <EVT> [ConnectorLogic 2] - LastState: ChargingPausedByEv
2026-02-25 00:22:39 Verb  <EVT> [ConnectorLogic 1] - LastState: Charging
2026-02-25 00:22:39 Verb  <EVT> [ConnectorLogic 2] - LastState: ChargingPausedByEv
2026-02-25 00:22:40 Verb  <EVT> [ConnectorLogic 1] - LastState: Charging
2026-02-25 00:22:40 Verb  <EVT> [ConnectorLogic 2] - LastState: ChargingPausedByEv
2026-02-25 00:22:41 Verb  <EVT> [ConnectorLogic 1] - LastState: Charging
2026-02-25 00:22:41 Verb  <EVT> [ConnectorLogic 2] - LastState: ChargingPausedByEv
2026-02-25 00:22:42 Verb  <EVT> [ConnectorLogic 1] - LastState: Charging
2026-02-25 00:22:42 Verb  <EVT> [ConnectorLogic 2] - LastState: ChargingPausedByEv
2026-02-25 00:22:43 Verb  <EVT> [ConnectorLogic 1] - LastState: Charging
2026-02-25 00:22:43 Verb  <EVT> [Evse 1] - Created ConnectorShortStatusData: {
  "ConnectorId": 1,
  "Current": {
    "L1": 15.731,
    "L2": 15.222,
    "L3": 15.122
  },
  "Power": {
    "L1": 3.7091,
    "L2": 3.5903,
    "L3": 3.5776,
    "Total": 10.8771
  },
  "Consumption": {
    "L1": 0.0,
    "L2": 0.0,
    "L3": 0.0,
    "Total": 33.6
  },
  "LocalTarget": 16,
  "IsMaxCurrentKnown": true
}
2026-02-25 00:22:43 Verb  <EVT> [ConnectorLogic 2] - LastState: ChargingPausedByEv
2026-02-25 00:22:44 Verb  <EVT> [ConnectorLogic 1] - LastState: Charging
2026-02-25 00:22:44 Verb  <EVT> [ConnectorLogic 2] - LastState: ChargingPausedByEv
2026-02-25 00:22:45 Verb  <EVT> [ConnectorLogic 1] - LastState: Charging
2026-02-25 00:22:45 Verb  <EVT> [ConnectorLogic 2] - LastState: ChargingPausedByEv
2026-02-25 00:22:46 Verb  <EVT> [ConnectorLogic 1] - LastState: Charging
2026-02-25 00:22:46 Verb  <EVT> [ConnectorLogic 2] - LastState: ChargingPausedByEv
2026-02-25 00:22:47 Verb  <#71> [SystemMonitor] - CPU loads: 1.94 1.78 1.74
2026-02-25 00:22:47 Verb  <EVT> [ConnectorLogic 1] - LastState: Charging
2026-02-25 00:22:47 Verb  <EVT> [ConnectorLogic 2] - LastState: ChargingPausedByEv
2026-02-25 00:22:48 Verb  <EVT> [ConnectorLogic 1] - LastState: Charging
2026-02-25 00:22:48 Verb  <EVT> [ConnectorLogic 2] - LastState: ChargingPausedByEv
2026-02-25 00:22:48 Warn  <#50> [AfeEnergyMeter] - Cannot read temperature from AFE: Could not find file '/sys/bus/spi/drivers/afe_at90e36/spi1.1/Temp'.
2026-02-25 00:22:48 Error <#50> [EnergyMeterService evse2] - SendMeasurements - Temperature: could not read value (AfeSystemFault)
2026-02-25 00:22:48 Verb  <#50> [OcppClient] - Sent: [2,"19ff","MeterValues",{"connectorId":2,"meterValue":[{"timestamp":"2026-02-25T00:22:47.868Z","sampledValue":[{"value":"0","context":"Sample.Periodic","measurand":"Current.Import","phase":"L1","unit":"A"},{"value":"0","context":"Sample.Periodic","measurand":"Current.Import","phase":"L2","unit":"A"},{"value":"0","context":"Sample.Periodic","measurand":"Current.Import","phase":"L3","unit":"A"},{"value":"35855.8","context":"Sample.Periodic","measurand":"Energy.Active.Import.Register","unit":"kWh"},{"value":"49.97","context":"Sample.Periodic","measurand":"Frequency"},{"value":"0","context":"Sample.Periodic","measurand":"Power.Active.Import","phase":"L1","unit":"kW"},{"value":"0","context":"Sample.Periodic","measurand":"Power.Active.Import","phase":"L2","unit":"kW"},{"value":"0","context":"Sample.Periodic","measurand":"Power.Active.Import","phase":"L3","unit":"kW"},{"value":"0","context":"Sample.Periodic","measurand":"Power.Active.Import","unit":"kW"},{"value":"-1","context":"Sample.Periodic","measurand":"Power.Factor"},{"value":"237","context":"Sample.Periodic","measurand":"Voltage","phase":"L1","unit":"V"},{"value":"236.3","context":"Sample.Periodic","measurand":"Voltage","phase":"L2","unit":"V"},{"value":"236.8","context":"Sample.Periodic","measurand":"Voltage","phase":"L3","unit":"V"},{"value":"16","context":"Sample.Periodic","measurand":"Current.Offered","unit":"A"}]}],"transactionId":2027725}]
2026-02-25 00:22:49 Verb  <EVT> [ConnectorLogic 1] - LastState: Charging
2026-02-25 00:22:49 Verb  <EVT> [ConnectorLogic 2] - LastState: ChargingPausedByEv
2026-02-25 00:22:49 Verb  <#50> [OcppClient] - Received: [3,"19ff",{}]
2026-02-25 00:22:49 Verb  <CommHandler first queue> [OcppMessageSender] - OcppMessageSender received response 
OcppAction: MeterValues
OcppMessage response: {}
2026-02-25 00:22:50 Verb  <EVT> [ConnectorLogic 1] - LastState: Charging
2026-02-25 00:22:50 Verb  <EVT> [ConnectorLogic 2] - LastState: ChargingPausedByEv
2026-02-25 00:22:51 Info  <#75> [AfeEnergyMeter] - Calibrating AFE at 1.1
2026-02-25 00:22:51 Warn  <#75> [AfeEnergyMeter] - Cannot read temperature from AFE: Could not find file '/sys/bus/spi/drivers/afe_at90e36/spi1.1/Temp'.
2026-02-25 00:22:51 Error <#75> [EnergyMeterService evse1] - SendMeasurements - Temperature: could not read value (AfeSystemFault)
2026-02-25 00:22:51 Verb  <EVT> [ConnectorLogic 1] - LastState: Charging
2026-02-25 00:22:51 Verb  <EVT> [ConnectorLogic 2] - LastState: ChargingPausedByEv
2026-02-25 00:22:51 Verb  <#71> [OcppClient] - Sent: [2,"1a00","MeterValues",{"connectorId":1,"meterValue":[{"timestamp":"2026-02-25T00:22:49.762Z","sampledValue":[{"value":"15.74","context":"Sample.Periodic","measurand":"Current.Import","phase":"L1","unit":"A"},{"value":"15.23","context":"Sample.Periodic","measurand":"Current.Import","phase":"L2","unit":"A"},{"value":"15.112","context":"Sample.Periodic","measurand":"Current.Import","phase":"L3","unit":"A"},{"value":"24364.3","context":"Sample.Periodic","measurand":"Energy.Active.Import.Register","unit":"kWh"},{"value":"49.98","context":"Sample.Periodic","measurand":"Frequency"},{"value":"3.7055","context":"Sample.Periodic","measurand":"Power.Active.Import","phase":"L1","unit":"kW"},{"value":"3.5952","context":"Sample.Periodic","measurand":"Power.Active.Import","phase":"L2","unit":"kW"},{"value":"3.5763998","context":"Sample.Periodic","measurand":"Power.Active.Import","phase":"L3","unit":"kW"},{"value":"10.8771","context":"Sample.Periodic","measurand":"Power.Active.Import","unit":"kW"},{"value":"0.9973","context":"Sample.Periodic","measurand":"Power.Factor"},{"value":"236.2","context":"Sample.Periodic","measurand":"Voltage","phase":"L1","unit":"V"},{"value":"236.5","context":"Sample.Periodic","measurand":"Voltage","phase":"L2","unit":"V"},{"value":"237.2","context":"Sample.Periodic","measurand":"Voltage","phase":"L3","unit":"V"},{"value":"16","context":"Sample.Periodic","measurand":"Current.Offered","unit":"A"}]}],"transactionId":2027882}]
2026-02-25 00:22:52 Verb  <#71> [OcppClient] - Received: [3,"1a00",{}]
2026-02-25 00:22:52 Verb  <CommHandler first queue> [OcppMessageSender] - OcppMessageSender received response 
OcppAction: MeterValues
OcppMessage response: {}
2026-02-25 00:22:52 Verb  <EVT> [ConnectorLogic 1] - LastState: Charging
2026-02-25 00:22:52 Verb  <EVT> [ConnectorLogic 2] - LastState: ChargingPausedByEv
2026-02-25 00:22:53 Verb  <EVT> [ConnectorLogic 1] - LastState: Charging
2026-02-25 00:22:53 Verb  <EVT> [ConnectorLogic 2] - LastState: ChargingPausedByEv
2026-02-25 00:22:54 Verb  <EVT> [ConnectorLogic 1] - LastState: Charging
2026-02-25 00:22:54 Verb  <EVT> [ConnectorLogic 2] - LastState: ChargingPausedByEv
2026-02-25 00:22:55 Verb  <EVT> [ConnectorLogic 1] - LastState: Charging
2026-02-25 00:22:55 Verb  <EVT> [ConnectorLogic 2] - LastState: ChargingPausedByEv
2026-02-25 00:22:56 Verb  <EVT> [ConnectorLogic 1] - LastState: Charging
2026-02-25 00:22:56 Verb  <EVT> [ConnectorLogic 2] - LastState: ChargingPausedByEv
2026-02-25 00:22:57 Verb  <#50> [SystemMonitor] - CPU loads: 1.72 1.74 1.72
2026-02-25 00:22:57 Verb  <EVT> [ConnectorLogic 1] - LastState: Charging
2026-02-25 00:22:57 Verb  <EVT> [ConnectorLogic 2] - LastState: ChargingPausedByEv
2026-02-25 00:22:58 Verb  <EVT> [ConnectorLogic 1] - LastState: Charging
2026-02-25 00:22:58 Verb  <EVT> [ConnectorLogic 2] - LastState: ChargingPausedByEv
2026-02-25 00:22:59 Verb  <EVT> [ConnectorLogic 1] - LastState: Charging
2026-02-25 00:22:59 Verb  <EVT> [ConnectorLogic 2] - LastState: ChargingPausedByEv
2026-02-25 00:23:00 Verb  <EVT> [ConnectorLogic 1] - LastState: Charging
2026-02-25 00:23:00 Verb  <EVT> [ConnectorLogic 2] - LastState: ChargingPausedByEv
2026-02-25 00:23:01 Verb  <EVT> [ConnectorLogic 1] - LastState: Charging
2026-02-25 00:23:01 Verb  <EVT> [ConnectorLogic 2] - LastState: ChargingPausedByEv
2026-02-25 00:23:01 Verb  <EVT> [ConnectorLogic 1] - LastState: Charging
2026-02-25 00:23:01 Verb  <EVT> [Evse 1] - Created ConnectorStatusData: {
  "ConnectorId": 1,
  "Status": "Charging",
  "Current": {
    "L1": 15.755,
    "L2": 15.221,
    "L3": 15.115
  },
  "Power": {
    "L1": 3.7103999,
    "L2": 3.5942,
    "L3": 3.5732,
    "Total": 10.8779
  },
  "Consumption": {
    "L1": 0.0,
    "L2": 0.0,
    "L3": 0.0,
    "Total": 33.6
  },
  "CurrentSession": {
    "StartTime": "2026-02-24T20:49:51.0918872Z",
    "ConsumedEnergy": 33.6,
    "PhaseUsedByVehicle": "L123",
    "VehicleMinCurrentA": 6.0,
    "VehicleMaxCurrentA": 15.828,
    "IsVehicleMaxCurrentKnown": true,
    "IsVehicleResponsive": true
  },
  "ChargingUserPreferences": {
    "ChargingMode": "Fast",
    "PlannedDepartureTime": "2026-02-25T06:30:00Z",
    "PlannedEnergyConsumption": 100.0
  },
  "CurrentSetpoint": 16
}
2026-02-25 00:23:01 Verb  <EVT> [ConnectorLogic 2] - LastState: ChargingPausedByEv
2026-02-25 00:23:01 Verb  <EVT> [Evse 2] - Created ConnectorStatusData: {
  "ConnectorId": 2,
  "Status": "ChargingPausedByEv",
  "Current": {
    "L1": 0.0,
    "L2": 0.0,
    "L3": 0.0
  },
  "Power": {
    "L1": 0.0,
    "L2": 0.0,
    "L3": 0.0,
    "Total": 0.0
  },
  "Consumption": {
    "L1": 0.0,
    "L2": 0.0,
    "L3": 0.0,
    "Total": 33.2
  },
  "CurrentSession": {
    "StartTime": "2026-02-24T19:36:48.6309339Z",
    "ConsumedEnergy": 33.2,
    "PhaseUsedByVehicle": "L123",
    "VehicleMinCurrentA": 6.0,
    "VehicleMaxCurrentA": 15.952,
    "IsVehicleMaxCurrentKnown": true,
    "IsVehicleResponsive": true
  },
  "ChargingUserPreferences": {
    "ChargingMode": "Fast",
    "PlannedDepartureTime": "2026-02-24T22:00:00Z",
    "PlannedEnergyConsumption": 100.0
  },
  "CurrentSetpoint": 16
}
2026-02-25 00:23:02 Verb  <EVT> [ConnectorLogic 1] - LastState: Charging
2026-02-25 00:23:02 Verb  <EVT> [ConnectorLogic 1] - TargetCurrents {
  "ChargingProfiles": {
    "Current": null,
    "Unit": "A",
    "Source": "ChargingProfiles"
  },
  "SmartCluster": {
    "Current": 16,
    "Unit": "A",
    "Source": "SmartCluster"
  }
}
2026-02-25 00:23:02 Info  <EVT> [ConnectorLogic 1] - TargetCurrent from SmartCluster, current: 16
2026-02-25 00:23:02 Verb  <EVT> [ConnectorLogic 1] - Applying 16 A from SmartCluster triggered by ConnectorMaxOutput (SmartCluster)
2026-02-25 00:23:02 Verb  <EVT> [ConnectorLogic 2] - LastState: ChargingPausedByEv
2026-02-25 00:23:02 Verb  <EVT> [ConnectorLogic 1] - LastState: Charging
2026-02-25 00:23:02 Verb  <EVT> [ConnectorLogic 2] - LastState: ChargingPausedByEv
2026-02-25 00:23:03 Verb  <EVT> [ConnectorLogic 1] - LastState: Charging
2026-02-25 00:23:03 Verb  <EVT> [ConnectorLogic 2] - LastState: ChargingPausedByEv
2026-02-25 00:23:04 Verb  <EVT> [ConnectorLogic 1] - LastState: Charging
2026-02-25 00:23:04 Verb  <EVT> [ConnectorLogic 2] - LastState: ChargingPausedByEv
2026-02-25 00:23:05 Verb  <EVT> [ConnectorLogic 1] - LastState: Charging
2026-02-25 00:23:05 Verb  <EVT> [ConnectorLogic 2] - LastState: ChargingPausedByEv
2026-02-25 00:23:06 Verb  <EVT> [ConnectorLogic 1] - LastState: Charging
2026-02-25 00:23:06 Verb  <EVT> [ConnectorLogic 2] - LastState: ChargingPausedByEv
2026-02-25 00:23:07 Verb  <#60> [SystemMonitor] - CPU loads: 1.77 1.75 1.73
2026-02-25 00:23:07 Verb  <#60> [SystemMonitor] - TotalPhysMem: 508,092 KiB, AvailPhysMem: 369,208 KiB
2026-02-25 00:23:07 Verb  <EVT> [ConnectorLogic 1] - LastState: Charging
2026-02-25 00:23:07 Verb  <EVT> [ConnectorLogic 2] - LastState: ChargingPausedByEv
2026-02-25 00:23:08 Verb  <EVT> [ConnectorLogic 1] - LastState: Charging
2026-02-25 00:23:08 Verb  <EVT> [ConnectorLogic 2] - LastState: ChargingPausedByEv
2026-02-25 00:23:09 Verb  <EVT> [ConnectorLogic 1] - LastState: Charging
2026-02-25 00:23:09 Verb  <EVT> [ConnectorLogic 2] - LastState: ChargingPausedByEv
2026-02-25 00:23:10 Verb  <EVT> [ConnectorLogic 1] - LastState: Charging
2026-02-25 00:23:10 Verb  <EVT> [ConnectorLogic 2] - LastState: ChargingPausedByEv
2026-02-25 00:23:11 Verb  <EVT> [ConnectorLogic 1] - LastState: Charging
2026-02-25 00:23:11 Verb  <EVT> [ConnectorLogic 2] - LastState: ChargingPausedByEv
2026-02-25 00:23:12 Verb  <EVT> [ConnectorLogic 1] - LastState: Charging
2026-02-25 00:23:12 Verb  <EVT> [ConnectorLogic 2] - LastState: ChargingPausedByEv
2026-02-25 00:23:13 Verb  <EVT> [ConnectorLogic 1] - LastState: Charging
2026-02-25 00:23:13 Verb  <EVT> [ConnectorLogic 2] - LastState: ChargingPausedByEv
2026-02-25 00:23:14 Verb  <EVT> [ConnectorLogic 1] - LastState: Charging
2026-02-25 00:23:14 Verb  <EVT> [ConnectorLogic 2] - LastState: ChargingPausedByEv
2026-02-25 00:23:15 Verb  <EVT> [ConnectorLogic 1] - LastState: Charging
2026-02-25 00:23:15 Verb  <EVT> [Evse 1] - Created ConnectorShortStatusData: {
  "ConnectorId": 1,
  "Current": {
    "L1": 15.767,
    "L2": 15.166,
    "L3": 15.16
  },
  "Power": {
    "L1": 3.7134,
    "L2": 3.5868,
    "L3": 3.5801,
    "Total": 10.880401
  },
  "Consumption": {
    "L1": 0.0,
    "L2": 0.0,
    "L3": 0.0,
    "Total": 33.7
  },
  "LocalTarget": 16,
  "IsMaxCurrentKnown": true
}
2026-02-25 00:23:15 Verb  <EVT> [ConnectorLogic 2] - LastState: ChargingPausedByEv
2026-02-25 00:23:16 Verb  <EVT> [ConnectorLogic 1] - LastState: Charging
2026-02-25 00:23:16 Verb  <EVT> [ConnectorLogic 2] - LastState: ChargingPausedByEv
2026-02-25 00:23:17 Verb  <#75> [SystemMonitor] - CPU loads: 2.09 1.82 1.75
2026-02-25 00:23:17 Verb  <EVT> [ConnectorLogic 1] - LastState: Charging
2026-02-25 00:23:17 Verb  <EVT> [ConnectorLogic 2] - LastState: ChargingPausedByEv
2026-02-25 00:23:18 Verb  <EVT> [ConnectorLogic 1] - LastState: Charging
2026-02-25 00:23:18 Verb  <EVT> [ConnectorLogic 2] - LastState: ChargingPausedByEv
2026-02-25 00:23:19 Verb  <EVT> [ConnectorLogic 1] - LastState: Charging
2026-02-25 00:23:19 Verb  <EVT> [ConnectorLogic 2] - LastState: ChargingPausedByEv
2026-02-25 00:23:20 Verb  <EVT> [ConnectorLogic 1] - LastState: Charging
2026-02-25 00:23:20 Verb  <EVT> [ConnectorLogic 2] - LastState: ChargingPausedByEv
2026-02-25 00:23:21 Verb  <EVT> [ConnectorLogic 1] - LastState: Charging
2026-02-25 00:23:21 Verb  <EVT> [ConnectorLogic 2] - LastState: ChargingPausedByEv
2026-02-25 00:23:22 Verb  <EVT> [ConnectorLogic 1] - LastState: Charging
2026-02-25 00:23:22 Verb  <EVT> [ConnectorLogic 2] - LastState: ChargingPausedByEv
2026-02-25 00:23:23 Verb  <EVT> [ConnectorLogic 1] - LastState: Charging
2026-02-25 00:23:23 Verb  <EVT> [ConnectorLogic 2] - LastState: ChargingPausedByEv
2026-02-25 00:23:24 Verb  <EVT> [ConnectorLogic 1] - LastState: Charging
2026-02-25 00:23:24 Verb  <EVT> [ConnectorLogic 2] - LastState: ChargingPausedByEv
2026-02-25 00:23:25 Verb  <EVT> [ConnectorLogic 1] - LastState: Charging
2026-02-25 00:23:25 Verb  <EVT> [ConnectorLogic 2] - LastState: ChargingPausedByEv
2026-02-25 00:23:26 Verb  <EVT> [ConnectorLogic 1] - LastState: Charging
2026-02-25 00:23:26 Verb  <EVT> [ConnectorLogic 2] - LastState: ChargingPausedByEv
2026-02-25 00:23:27 Verb  <#50> [SystemMonitor] - CPU loads: 2.25 1.86 1.76
2026-02-25 00:23:27 Verb  <EVT> [ConnectorLogic 1] - LastState: Charging
2026-02-25 00:23:27 Verb  <EVT> [ConnectorLogic 2] - LastState: ChargingPausedByEv
2026-02-25 00:23:28 Verb  <EVT> [ConnectorLogic 1] - LastState: Charging
2026-02-25 00:23:28 Verb  <EVT> [ConnectorLogic 2] - LastState: ChargingPausedByEv
2026-02-25 00:23:30 Verb  <EVT> [ConnectorLogic 1] - LastState: Charging
2026-02-25 00:23:31 Verb  <EVT> [ConnectorLogic 2] - LastState: ChargingPausedByEv
2026-02-25 00:23:31 Verb  <EVT> [ConnectorLogic 1] - LastState: Charging
2026-02-25 00:23:31 Verb  <EVT> [ConnectorLogic 2] - LastState: ChargingPausedByEv
2026-02-25 00:23:31 Verb  <EVT> [ConnectorLogic 1] - LastState: Charging
2026-02-25 00:23:31 Verb  <EVT> [ConnectorLogic 2] - LastState: ChargingPausedByEv
2026-02-25 00:23:31 Verb  <EVT> [ConnectorLogic 1] - LastState: Charging
2026-02-25 00:23:31 Verb  <EVT> [Evse 1] - Created ConnectorStatusData: {
  "ConnectorId": 1,
  "Status": "Charging",
  "Current": {
    "L1": 15.765,
    "L2": 15.225,
    "L3": 15.122
  },
  "Power": {
    "L1": 3.7128,
    "L2": 3.5979,
    "L3": 3.5715,
    "Total": 10.882299
  },
  "Consumption": {
    "L1": 0.0,
    "L2": 0.0,
    "L3": 0.0,
    "Total": 33.7
  },
  "CurrentSession": {
    "StartTime": "2026-02-24T20:49:51.0918872Z",
    "ConsumedEnergy": 33.7,
    "PhaseUsedByVehicle": "L123",
    "VehicleMinCurrentA": 6.0,
    "VehicleMaxCurrentA": 15.828,
    "IsVehicleMaxCurrentKnown": true,
    "IsVehicleResponsive": true
  },
  "ChargingUserPreferences": {
    "ChargingMode": "Fast",
    "PlannedDepartureTime": "2026-02-25T06:30:00Z",
    "PlannedEnergyConsumption": 100.0
  },
  "CurrentSetpoint": 16
}
2026-02-25 00:23:31 Verb  <EVT> [ConnectorLogic 2] - LastState: ChargingPausedByEv
2026-02-25 00:23:32 Verb  <EVT> [Evse 2] - Created ConnectorStatusData: {
  "ConnectorId": 2,
  "Status": "ChargingPausedByEv",
  "Current": {
    "L1": 0.0,
    "L2": 0.0,
    "L3": 0.0
  },
  "Power": {
    "L1": 0.0,
    "L2": 0.0,
    "L3": 0.0,
    "Total": 0.0
  },
  "Consumption": {
    "L1": 0.0,
    "L2": 0.0,
    "L3": 0.0,
    "Total": 33.2
  },
  "CurrentSession": {
    "StartTime": "2026-02-24T19:36:48.6309339Z",
    "ConsumedEnergy": 33.2,
    "PhaseUsedByVehicle": "L123",
    "VehicleMinCurrentA": 6.0,
    "VehicleMaxCurrentA": 15.952,
    "IsVehicleMaxCurrentKnown": true,
    "IsVehicleResponsive": true
  },
  "ChargingUserPreferences": {
    "ChargingMode": "Fast",
    "PlannedDepartureTime": "2026-02-24T22:00:00Z",
    "PlannedEnergyConsumption": 100.0
  },
  "CurrentSetpoint": 16
}
2026-02-25 00:23:32 Verb  <EVT> [ConnectorLogic 1] - LastState: Charging
2026-02-25 00:23:32 Verb  <EVT> [ConnectorLogic 2] - LastState: ChargingPausedByEv
2026-02-25 00:23:33 Verb  <EVT> [ConnectorLogic 1] - LastState: Charging
2026-02-25 00:23:33 Verb  <EVT> [ConnectorLogic 2] - LastState: ChargingPausedByEv
2026-02-25 00:23:34 Verb  <EVT> [ConnectorLogic 1] - LastState: Charging
2026-02-25 00:23:34 Verb  <EVT> [ConnectorLogic 2] - LastState: ChargingPausedByEv
2026-02-25 00:23:35 Verb  <EVT> [ConnectorLogic 1] - LastState: Charging
2026-02-25 00:23:35 Verb  <EVT> [ConnectorLogic 2] - LastState: ChargingPausedByEv
2026-02-25 00:23:36 Verb  <EVT> [ConnectorLogic 1] - LastState: Charging
2026-02-25 00:23:36 Verb  <EVT> [ConnectorLogic 2] - LastState: ChargingPausedByEv
2026-02-25 00:23:37 Verb  <#16> [SystemMonitor] - CPU loads: 2.13 1.85 1.76
2026-02-25 00:23:37 Verb  <EVT> [ConnectorLogic 1] - LastState: Charging
2026-02-25 00:23:37 Verb  <EVT> [ConnectorLogic 2] - LastState: ChargingPausedByEv
2026-02-25 00:23:38 Verb  <EVT> [ConnectorLogic 1] - LastState: Charging
2026-02-25 00:23:38 Verb  <EVT> [ConnectorLogic 2] - LastState: ChargingPausedByEv
2026-02-25 00:23:39 Verb  <EVT> [ConnectorLogic 1] - LastState: Charging
2026-02-25 00:23:39 Verb  <EVT> [ConnectorLogic 2] - LastState: ChargingPausedByEv
2026-02-25 00:23:40 Verb  <EVT> [ConnectorLogic 1] - LastState: Charging
2026-02-25 00:23:40 Verb  <EVT> [ConnectorLogic 2] - LastState: ChargingPausedByEv
2026-02-25 00:23:41 Verb  <EVT> [ConnectorLogic 1] - LastState: Charging
2026-02-25 00:23:41 Verb  <EVT> [ConnectorLogic 2] - LastState: ChargingPausedByEv
2026-02-25 00:23:42 Verb  <EVT> [ConnectorLogic 1] - LastState: Charging
2026-02-25 00:23:42 Verb  <EVT> [ConnectorLogic 2] - LastState: ChargingPausedByEv
2026-02-25 00:23:43 Verb  <EVT> [ConnectorLogic 1] - LastState: Charging
2026-02-25 00:23:43 Verb  <EVT> [ConnectorLogic 2] - LastState: ChargingPausedByEv
2026-02-25 00:23:44 Verb  <EVT> [ConnectorLogic 1] - LastState: Charging
2026-02-25 00:23:44 Verb  <EVT> [ConnectorLogic 2] - LastState: ChargingPausedByEv
2026-02-25 00:23:45 Verb  <EVT> [ConnectorLogic 1] - LastState: Charging
2026-02-25 00:23:45 Verb  <EVT> [ConnectorLogic 2] - LastState: ChargingPausedByEv
2026-02-25 00:23:46 Verb  <EVT> [ConnectorLogic 1] - LastState: Charging
2026-02-25 00:23:46 Verb  <EVT> [ConnectorLogic 2] - LastState: ChargingPausedByEv
2026-02-25 00:23:47 Verb  <#75> [SystemMonitor] - CPU loads: 1.88 1.81 1.75
2026-02-25 00:23:47 Verb  <EVT> [ConnectorLogic 1] - LastState: Charging
2026-02-25 00:23:47 Verb  <EVT> [ConnectorLogic 2] - LastState: ChargingPausedByEv
2026-02-25 00:23:48 Warn  <#60> [AfeEnergyMeter] - Cannot read temperature from AFE: Could not find file '/sys/bus/spi/drivers/afe_at90e36/spi1.1/Temp'.
2026-02-25 00:23:48 Error <#60> [EnergyMeterService evse2] - SendMeasurements - Temperature: could not read value (AfeSystemFault)
2026-02-25 00:23:48 Verb  <EVT> [ConnectorLogic 1] - LastState: Charging
2026-02-25 00:23:48 Verb  <EVT> [ConnectorLogic 2] - LastState: ChargingPausedByEv
2026-02-25 00:23:49 Verb  <#43> [OcppClient] - Sent: [2,"1a01","MeterValues",{"connectorId":2,"meterValue":[{"timestamp":"2026-02-25T00:23:47.747Z","sampledValue":[{"value":"0","context":"Sample.Periodic","measurand":"Current.Import","phase":"L1","unit":"A"},{"value":"0","context":"Sample.Periodic","measurand":"Current.Import","phase":"L2","unit":"A"},{"value":"0","context":"Sample.Periodic","measurand":"Current.Import","phase":"L3","unit":"A"},{"value":"35855.8","context":"Sample.Periodic","measurand":"Energy.Active.Import.Register","unit":"kWh"},{"value":"50.01","context":"Sample.Periodic","measurand":"Frequency"},{"value":"0","context":"Sample.Periodic","measurand":"Power.Active.Import","phase":"L1","unit":"kW"},{"value":"0","context":"Sample.Periodic","measurand":"Power.Active.Import","phase":"L2","unit":"kW"},{"value":"0","context":"Sample.Periodic","measurand":"Power.Active.Import","phase":"L3","unit":"kW"},{"value":"0","context":"Sample.Periodic","measurand":"Power.Active.Import","unit":"kW"},{"value":"-1","context":"Sample.Periodic","measurand":"Power.Factor"},{"value":"236.6","context":"Sample.Periodic","measurand":"Voltage","phase":"L1","unit":"V"},{"value":"236.3","context":"Sample.Periodic","measurand":"Voltage","phase":"L2","unit":"V"},{"value":"237","context":"Sample.Periodic","measurand":"Voltage","phase":"L3","unit":"V"},{"value":"16","context":"Sample.Periodic","measurand":"Current.Offered","unit":"A"}]}],"transactionId":2027725}]
2026-02-25 00:23:49 Verb  <EVT> [ConnectorLogic 1] - LastState: Charging
2026-02-25 00:23:49 Verb  <EVT> [Evse 1] - Created ConnectorShortStatusData: {
  "ConnectorId": 1,
  "Current": {
    "L1": 15.769,
    "L2": 15.252,
    "L3": 15.119
  },
  "Power": {
    "L1": 3.712,
    "L2": 3.6021001,
    "L3": 3.5722,
    "Total": 10.8865
  },
  "Consumption": {
    "L1": 0.0,
    "L2": 0.0,
    "L3": 0.0,
    "Total": 33.8
  },
  "LocalTarget": 16,
  "IsMaxCurrentKnown": true
}
2026-02-25 00:23:49 Verb  <EVT> [ConnectorLogic 2] - LastState: ChargingPausedByEv
2026-02-25 00:23:49 Verb  <#43> [OcppClient] - Received: [3,"1a01",{}]
2026-02-25 00:23:49 Verb  <CommHandler first queue> [OcppMessageSender] - OcppMessageSender received response 
OcppAction: MeterValues
OcppMessage response: {}
2026-02-25 00:23:50 Verb  <EVT> [ConnectorLogic 1] - LastState: Charging
2026-02-25 00:23:50 Verb  <EVT> [ConnectorLogic 2] - LastState: ChargingPausedByEv
2026-02-25 00:23:51 Verb  <EVT> [ConnectorLogic 1] - LastState: Charging
2026-02-25 00:23:51 Verb  <EVT> [ConnectorLogic 2] - LastState: ChargingPausedByEv
2026-02-25 00:23:51 Info  <#43> [AfeEnergyMeter] - Calibrating AFE at 1.1
2026-02-25 00:23:51 Warn  <#43> [AfeEnergyMeter] - Cannot read temperature from AFE: Could not find file '/sys/bus/spi/drivers/afe_at90e36/spi1.1/Temp'.
2026-02-25 00:23:51 Error <#43> [EnergyMeterService evse1] - SendMeasurements - Temperature: could not read value (AfeSystemFault)
2026-02-25 00:23:51 Verb  <#43> [OcppClient] - Sent: [2,"1a02","MeterValues",{"connectorId":1,"meterValue":[{"timestamp":"2026-02-25T00:23:51.291Z","sampledValue":[{"value":"15.766","context":"Sample.Periodic","measurand":"Current.Import","phase":"L1","unit":"A"},{"value":"15.25","context":"Sample.Periodic","measurand":"Current.Import","phase":"L2","unit":"A"},{"value":"15.119","context":"Sample.Periodic","measurand":"Current.Import","phase":"L3","unit":"A"},{"value":"24364.5","context":"Sample.Periodic","measurand":"Energy.Active.Import.Register","unit":"kWh"},{"value":"50.01","context":"Sample.Periodic","measurand":"Frequency"},{"value":"3.7121","context":"Sample.Periodic","measurand":"Power.Active.Import","phase":"L1","unit":"kW"},{"value":"3.6021001","context":"Sample.Periodic","measurand":"Power.Active.Import","phase":"L2","unit":"kW"},{"value":"3.5723999","context":"Sample.Periodic","measurand":"Power.Active.Import","phase":"L3","unit":"kW"},{"value":"10.886701","context":"Sample.Periodic","measurand":"Power.Active.Import","unit":"kW"},{"value":"0.9973","context":"Sample.Periodic","measurand":"Power.Factor"},{"value":"236.2","context":"Sample.Periodic","measurand":"Voltage","phase":"L1","unit":"V"},{"value":"236.6","context":"Sample.Periodic","measurand":"Voltage","phase":"L2","unit":"V"},{"value":"236.8","context":"Sample.Periodic","measurand":"Voltage","phase":"L3","unit":"V"},{"value":"16","context":"Sample.Periodic","measurand":"Current.Offered","unit":"A"}]}],"transactionId":2027882}]
2026-02-25 00:23:52 Verb  <#71> [OcppClient] - Received: [3,"1a02",{}]
2026-02-25 00:23:52 Verb  <CommHandler first queue> [OcppMessageSender] - OcppMessageSender received response 
OcppAction: MeterValues
OcppMessage response: {}
2026-02-25 00:23:52 Verb  <EVT> [ConnectorLogic 1] - LastState: Charging
2026-02-25 00:23:52 Verb  <EVT> [ConnectorLogic 2] - LastState: ChargingPausedByEv
2026-02-25 00:23:53 Verb  <EVT> [ConnectorLogic 1] - LastState: Charging
2026-02-25 00:23:53 Verb  <EVT> [ConnectorLogic 2] - LastState: ChargingPausedByEv
2026-02-25 00:23:54 Verb  <EVT> [ConnectorLogic 1] - LastState: Charging
2026-02-25 00:23:54 Verb  <EVT> [ConnectorLogic 2] - LastState: ChargingPausedByEv
2026-02-25 00:23:55 Verb  <EVT> [ConnectorLogic 1] - LastState: Charging
2026-02-25 00:23:55 Verb  <EVT> [ConnectorLogic 2] - LastState: ChargingPausedByEv
2026-02-25 00:23:56 Verb  <EVT> [ConnectorLogic 1] - LastState: Charging
2026-02-25 00:23:56 Verb  <EVT> [ConnectorLogic 2] - LastState: ChargingPausedByEv
2026-02-25 00:23:57 Verb  <#16> [SystemMonitor] - CPU loads: 1.66 1.76 1.73
2026-02-25 00:23:57 Verb  <EVT> [ConnectorLogic 1] - LastState: Charging
2026-02-25 00:23:57 Verb  <EVT> [ConnectorLogic 2] - LastState: ChargingPausedByEv
2026-02-25 00:23:58 Verb  <EVT> [ConnectorLogic 1] - LastState: Charging
2026-02-25 00:23:58 Verb  <EVT> [ConnectorLogic 2] - LastState: ChargingPausedByEv
2026-02-25 00:23:59 Verb  <EVT> [ConnectorLogic 1] - LastState: Charging
2026-02-25 00:23:59 Verb  <EVT> [ConnectorLogic 2] - LastState: ChargingPausedByEv
2026-02-25 00:24:00 Verb  <EVT> [ConnectorLogic 1] - LastState: Charging
2026-02-25 00:24:00 Verb  <EVT> [ConnectorLogic 2] - LastState: ChargingPausedByEv
2026-02-25 00:24:01 Verb  <EVT> [ConnectorLogic 1] - LastState: Charging
2026-02-25 00:24:01 Verb  <EVT> [ConnectorLogic 2] - LastState: ChargingPausedByEv
2026-02-25 00:24:02 Verb  <EVT> [ConnectorLogic 1] - LastState: Charging
2026-02-25 00:24:02 Verb  <EVT> [Evse 1] - Created ConnectorStatusData: {
  "ConnectorId": 1,
  "Status": "Charging",
  "Current": {
    "L1": 15.769,
    "L2": 15.248,
    "L3": 15.123
  },
  "Power": {
    "L1": 3.7125,
    "L2": 3.6022,
    "L3": 3.5721002,
    "Total": 10.8873
  },
  "Consumption": {
    "L1": 0.0,
    "L2": 0.0,
    "L3": 0.0,
    "Total": 33.8
  },
  "CurrentSession": {
    "StartTime": "2026-02-24T20:49:51.0918872Z",
    "ConsumedEnergy": 33.8,
    "PhaseUsedByVehicle": "L123",
    "VehicleMinCurrentA": 6.0,
    "VehicleMaxCurrentA": 15.828,
    "IsVehicleMaxCurrentKnown": true,
    "IsVehicleResponsive": true
  },
  "ChargingUserPreferences": {
    "ChargingMode": "Fast",
    "PlannedDepartureTime": "2026-02-25T06:30:00Z",
    "PlannedEnergyConsumption": 100.0
  },
  "CurrentSetpoint": 16
}
2026-02-25 00:24:02 Verb  <EVT> [ConnectorLogic 2] - LastState: ChargingPausedByEv
2026-02-25 00:24:02 Verb  <EVT> [Evse 2] - Created ConnectorStatusData: {
  "ConnectorId": 2,
  "Status": "ChargingPausedByEv",
  "Current": {
    "L1": 0.0,
    "L2": 0.0,
    "L3": 0.0
  },
  "Power": {
    "L1": 0.0,
    "L2": 0.0,
    "L3": 0.0,
    "Total": 0.0
  },
  "Consumption": {
    "L1": 0.0,
    "L2": 0.0,
    "L3": 0.0,
    "Total": 33.2
  },
  "CurrentSession": {
    "StartTime": "2026-02-24T19:36:48.6309339Z",
    "ConsumedEnergy": 33.2,
    "PhaseUsedByVehicle": "L123",
    "VehicleMinCurrentA": 6.0,
    "VehicleMaxCurrentA": 15.952,
    "IsVehicleMaxCurrentKnown": true,
    "IsVehicleResponsive": true
  },
  "ChargingUserPreferences": {
    "ChargingMode": "Fast",
    "PlannedDepartureTime": "2026-02-24T22:00:00Z",
    "PlannedEnergyConsumption": 100.0
  },
  "CurrentSetpoint": 16
}
2026-02-25 00:24:02 Verb  <EVT> [ConnectorLogic 1] - LastState: Charging
2026-02-25 00:24:02 Verb  <EVT> [ConnectorLogic 1] - TargetCurrents {
  "ChargingProfiles": {
    "Current": null,
    "Unit": "A",
    "Source": "ChargingProfiles"
  },
  "SmartCluster": {
    "Current": 16,
    "Unit": "A",
    "Source": "SmartCluster"
  }
}
2026-02-25 00:24:02 Info  <EVT> [ConnectorLogic 1] - TargetCurrent from SmartCluster, current: 16
2026-02-25 00:24:02 Verb  <EVT> [ConnectorLogic 1] - Applying 16 A from SmartCluster triggered by ConnectorMaxOutput (SmartCluster)
2026-02-25 00:24:02 Verb  <EVT> [ConnectorLogic 2] - LastState: ChargingPausedByEv
2026-02-25 00:24:02 Verb  <EVT> [ConnectorLogic 1] - LastState: Charging
2026-02-25 00:24:02 Verb  <EVT> [ConnectorLogic 2] - LastState: ChargingPausedByEv
2026-02-25 00:24:03 Verb  <EVT> [ConnectorLogic 1] - LastState: Charging
2026-02-25 00:24:04 Verb  <EVT> [ConnectorLogic 2] - LastState: ChargingPausedByEv
2026-02-25 00:24:04 Verb  <EVT> [ConnectorLogic 1] - LastState: Charging
2026-02-25 00:24:04 Verb  <EVT> [ConnectorLogic 2] - LastState: ChargingPausedByEv
2026-02-25 00:24:05 Verb  <EVT> [ConnectorLogic 1] - LastState: Charging
2026-02-25 00:24:05 Verb  <EVT> [ConnectorLogic 2] - LastState: ChargingPausedByEv
2026-02-25 00:24:06 Verb  <EVT> [ConnectorLogic 1] - LastState: Charging
2026-02-25 00:24:06 Verb  <EVT> [ConnectorLogic 2] - LastState: ChargingPausedByEv
2026-02-25 00:24:07 Verb  <#16> [SystemMonitor] - CPU loads: 1.72 1.77 1.73
2026-02-25 00:24:07 Verb  <EVT> [ConnectorLogic 1] - LastState: Charging
2026-02-25 00:24:07 Verb  <EVT> [ConnectorLogic 2] - LastState: ChargingPausedByEv
2026-02-25 00:24:08 Verb  <EVT> [ConnectorLogic 1] - LastState: Charging
2026-02-25 00:24:08 Verb  <EVT> [ConnectorLogic 2] - LastState: ChargingPausedByEv
2026-02-25 00:24:09 Verb  <EVT> [ConnectorLogic 1] - LastState: Charging
2026-02-25 00:24:09 Verb  <EVT> [ConnectorLogic 2] - LastState: ChargingPausedByEv
2026-02-25 00:24:10 Verb  <EVT> [ConnectorLogic 1] - LastState: Charging
2026-02-25 00:24:10 Verb  <EVT> [ConnectorLogic 2] - LastState: ChargingPausedByEv
2026-02-25 00:24:11 Verb  <EVT> [ConnectorLogic 1] - LastState: Charging
2026-02-25 00:24:11 Verb  <EVT> [ConnectorLogic 2] - LastState: ChargingPausedByEv
2026-02-25 00:24:12 Verb  <EVT> [ConnectorLogic 1] - LastState: Charging
2026-02-25 00:24:12 Verb  <EVT> [ConnectorLogic 2] - LastState: ChargingPausedByEv
2026-02-25 00:24:13 Verb  <EVT> [ConnectorLogic 1] - LastState: Charging
2026-02-25 00:24:13 Verb  <EVT> [ConnectorLogic 2] - LastState: ChargingPausedByEv
2026-02-25 00:24:14 Verb  <EVT> [ConnectorLogic 1] - LastState: Charging
2026-02-25 00:24:14 Verb  <EVT> [ConnectorLogic 2] - LastState: ChargingPausedByEv
2026-02-25 00:24:15 Verb  <EVT> [ConnectorLogic 1] - LastState: Charging
2026-02-25 00:24:15 Verb  <EVT> [ConnectorLogic 2] - LastState: ChargingPausedByEv
2026-02-25 00:24:16 Verb  <EVT> [ConnectorLogic 1] - LastState: Charging
2026-02-25 00:24:16 Verb  <EVT> [ConnectorLogic 2] - LastState: ChargingPausedByEv
2026-02-25 00:24:17 Verb  <#50> [SystemMonitor] - CPU loads: 1.77 1.78 1.74
2026-02-25 00:24:17 Verb  <EVT> [ConnectorLogic 1] - LastState: Charging
2026-02-25 00:24:17 Verb  <EVT> [ConnectorLogic 2] - LastState: ChargingPausedByEv
2026-02-25 00:24:18 Verb  <EVT> [ConnectorLogic 1] - LastState: Charging
2026-02-25 00:24:18 Verb  <EVT> [ConnectorLogic 2] - LastState: ChargingPausedByEv
2026-02-25 00:24:19 Verb  <EVT> [ConnectorLogic 1] - LastState: Charging
2026-02-25 00:24:19 Verb  <EVT> [ConnectorLogic 2] - LastState: ChargingPausedByEv
2026-02-25 00:24:20 Verb  <EVT> [ConnectorLogic 1] - LastState: Charging
2026-02-25 00:24:20 Verb  <EVT> [ConnectorLogic 2] - LastState: ChargingPausedByEv
2026-02-25 00:24:21 Verb  <EVT> [ConnectorLogic 1] - LastState: Charging
2026-02-25 00:24:21 Verb  <EVT> [ConnectorLogic 2] - LastState: ChargingPausedByEv
2026-02-25 00:24:22 Verb  <EVT> [ConnectorLogic 1] - LastState: Charging
2026-02-25 00:24:22 Verb  <EVT> [ConnectorLogic 2] - LastState: ChargingPausedByEv
2026-02-25 00:24:23 Verb  <EVT> [ConnectorLogic 1] - LastState: Charging
2026-02-25 00:24:23 Verb  <EVT> [Evse 1] - Created ConnectorShortStatusData: {
  "ConnectorId": 1,
  "Current": {
    "L1": 15.788,
    "L2": 15.2,
    "L3": 15.164
  },
  "Power": {
    "L1": 3.7164,
    "L2": 3.5934,
    "L3": 3.5807,
    "Total": 10.8907
  },
  "Consumption": {
    "L1": 0.0,
    "L2": 0.0,
    "L3": 0.0,
    "Total": 33.9
  },
  "LocalTarget": 16,
  "IsMaxCurrentKnown": true
}
2026-02-25 00:24:23 Verb  <EVT> [ConnectorLogic 2] - LastState: ChargingPausedByEv
2026-02-25 00:24:24 Verb  <EVT> [ConnectorLogic 1] - LastState: Charging
2026-02-25 00:24:24 Verb  <EVT> [ConnectorLogic 2] - LastState: ChargingPausedByEv
2026-02-25 00:24:25 Verb  <EVT> [ConnectorLogic 1] - LastState: Charging
2026-02-25 00:24:25 Verb  <EVT> [ConnectorLogic 2] - LastState: ChargingPausedByEv
2026-02-25 00:24:26 Verb  <EVT> [ConnectorLogic 1] - LastState: Charging
2026-02-25 00:24:26 Verb  <EVT> [ConnectorLogic 2] - LastState: ChargingPausedByEv
2026-02-25 00:24:27 Verb  <#16> [SystemMonitor] - CPU loads: 1.95 1.82 1.75
2026-02-25 00:24:27 Verb  <EVT> [ConnectorLogic 1] - LastState: Charging
2026-02-25 00:24:27 Verb  <EVT> [ConnectorLogic 2] - LastState: ChargingPausedByEv
2026-02-25 00:24:28 Verb  <EVT> [ConnectorLogic 1] - LastState: Charging
2026-02-25 00:24:28 Verb  <EVT> [ConnectorLogic 2] - LastState: ChargingPausedByEv
2026-02-25 00:24:29 Verb  <EVT> [ConnectorLogic 1] - LastState: Charging
2026-02-25 00:24:29 Verb  <EVT> [ConnectorLogic 2] - LastState: ChargingPausedByEv
2026-02-25 00:24:30 Verb  <EVT> [ConnectorLogic 1] - LastState: Charging
2026-02-25 00:24:30 Verb  <EVT> [ConnectorLogic 2] - LastState: ChargingPausedByEv
2026-02-25 00:24:31 Verb  <EVT> [ConnectorLogic 1] - LastState: Charging
2026-02-25 00:24:31 Verb  <EVT> [ConnectorLogic 2] - LastState: ChargingPausedByEv
2026-02-25 00:24:32 Verb  <EVT> [ConnectorLogic 1] - LastState: Charging
2026-02-25 00:24:32 Verb  <EVT> [Evse 1] - Created ConnectorStatusData: {
  "ConnectorId": 1,
  "Status": "Charging",
  "Current": {
    "L1": 15.8,
    "L2": 15.182,
    "L3": 15.149
  },
  "Power": {
    "L1": 3.7163,
    "L2": 3.5923,
    "L3": 3.5828998,
    "Total": 10.8917
  },
  "Consumption": {
    "L1": 0.0,
    "L2": 0.0,
    "L3": 0.0,
    "Total": 33.9
  },
  "CurrentSession": {
    "StartTime": "2026-02-24T20:49:51.0918872Z",
    "ConsumedEnergy": 33.9,
    "PhaseUsedByVehicle": "L123",
    "VehicleMinCurrentA": 6.0,
    "VehicleMaxCurrentA": 15.828,
    "IsVehicleMaxCurrentKnown": true,
    "IsVehicleResponsive": true
  },
  "ChargingUserPreferences": {
    "ChargingMode": "Fast",
    "PlannedDepartureTime": "2026-02-25T06:30:00Z",
    "PlannedEnergyConsumption": 100.0
  },
  "CurrentSetpoint": 16
}
2026-02-25 00:24:32 Verb  <EVT> [ConnectorLogic 2] - LastState: ChargingPausedByEv
2026-02-25 00:24:32 Verb  <EVT> [Evse 2] - Created ConnectorStatusData: {
  "ConnectorId": 2,
  "Status": "ChargingPausedByEv",
  "Current": {
    "L1": 0.0,
    "L2": 0.0,
    "L3": 0.0
  },
  "Power": {
    "L1": 0.0,
    "L2": 0.0,
    "L3": 0.0,
    "Total": 0.0
  },
  "Consumption": {
    "L1": 0.0,
    "L2": 0.0,
    "L3": 0.0,
    "Total": 33.2
  },
  "CurrentSession": {
    "StartTime": "2026-02-24T19:36:48.6309339Z",
    "ConsumedEnergy": 33.2,
    "PhaseUsedByVehicle": "L123",
    "VehicleMinCurrentA": 6.0,
    "VehicleMaxCurrentA": 15.952,
    "IsVehicleMaxCurrentKnown": true,
    "IsVehicleResponsive": true
  },
  "ChargingUserPreferences": {
    "ChargingMode": "Fast",
    "PlannedDepartureTime": "2026-02-24T22:00:00Z",
    "PlannedEnergyConsumption": 100.0
  },
  "CurrentSetpoint": 16
}
2026-02-25 00:24:32 Verb  <EVT> [ConnectorLogic 1] - LastState: Charging
2026-02-25 00:24:32 Verb  <EVT> [ConnectorLogic 2] - LastState: ChargingPausedByEv
2026-02-25 00:24:33 Verb  <EVT> [ConnectorLogic 1] - LastState: Charging
2026-02-25 00:24:33 Verb  <EVT> [ConnectorLogic 2] - LastState: ChargingPausedByEv
2026-02-25 00:24:34 Verb  <EVT> [ConnectorLogic 1] - LastState: Charging
2026-02-25 00:24:34 Verb  <EVT> [ConnectorLogic 2] - LastState: ChargingPausedByEv
2026-02-25 00:24:35 Verb  <EVT> [ConnectorLogic 1] - LastState: Charging
2026-02-25 00:24:35 Verb  <EVT> [ConnectorLogic 2] - LastState: ChargingPausedByEv
2026-02-25 00:24:36 Verb  <EVT> [ConnectorLogic 1] - LastState: Charging
2026-02-25 00:24:36 Verb  <EVT> [ConnectorLogic 2] - LastState: ChargingPausedByEv
2026-02-25 00:24:37 Verb  <#43> [SystemMonitor] - CPU loads: 1.73 1.77 1.74
2026-02-25 00:24:37 Verb  <EVT> [ConnectorLogic 1] - LastState: Charging
2026-02-25 00:24:37 Verb  <EVT> [ConnectorLogic 2] - LastState: ChargingPausedByEv
2026-02-25 00:24:38 Verb  <EVT> [ConnectorLogic 1] - LastState: Charging
2026-02-25 00:24:38 Verb  <EVT> [ConnectorLogic 2] - LastState: ChargingPausedByEv
2026-02-25 00:24:39 Verb  <EVT> [ConnectorLogic 1] - LastState: Charging
2026-02-25 00:24:39 Verb  <EVT> [ConnectorLogic 2] - LastState: ChargingPausedByEv
2026-02-25 00:24:40 Verb  <EVT> [ConnectorLogic 1] - LastState: Charging
2026-02-25 00:24:40 Verb  <EVT> [ConnectorLogic 2] - LastState: ChargingPausedByEv
2026-02-25 00:24:41 Verb  <EVT> [ConnectorLogic 1] - LastState: Charging
2026-02-25 00:24:41 Verb  <EVT> [ConnectorLogic 2] - LastState: ChargingPausedByEv
2026-02-25 00:24:42 Verb  <EVT> [ConnectorLogic 1] - LastState: Charging
2026-02-25 00:24:42 Verb  <EVT> [ConnectorLogic 2] - LastState: ChargingPausedByEv
2026-02-25 00:24:43 Verb  <EVT> [ConnectorLogic 1] - LastState: Charging
2026-02-25 00:24:43 Verb  <EVT> [ConnectorLogic 2] - LastState: ChargingPausedByEv
2026-02-25 00:24:44 Verb  <EVT> [ConnectorLogic 1] - LastState: Charging
2026-02-25 00:24:44 Verb  <EVT> [ConnectorLogic 2] - LastState: ChargingPausedByEv
2026-02-25 00:24:45 Verb  <EVT> [ConnectorLogic 1] - LastState: Charging
2026-02-25 00:24:45 Verb  <EVT> [ConnectorLogic 2] - LastState: ChargingPausedByEv
2026-02-25 00:24:46 Verb  <EVT> [ConnectorLogic 1] - LastState: Charging
2026-02-25 00:24:46 Verb  <EVT> [ConnectorLogic 2] - LastState: ChargingPausedByEv
2026-02-25 00:24:47 Verb  <#71> [SystemMonitor] - CPU loads: 1.54 1.73 1.72
2026-02-25 00:24:47 Verb  <EVT> [ConnectorLogic 1] - LastState: Charging
2026-02-25 00:24:47 Verb  <EVT> [ConnectorLogic 2] - LastState: ChargingPausedByEv
2026-02-25 00:24:48 Verb  <EVT> [ConnectorLogic 1] - LastState: Charging
2026-02-25 00:24:48 Verb  <EVT> [ConnectorLogic 2] - LastState: ChargingPausedByEv
2026-02-25 00:24:48 Warn  <#75> [AfeEnergyMeter] - Cannot read temperature from AFE: Could not find file '/sys/bus/spi/drivers/afe_at90e36/spi1.1/Temp'.
2026-02-25 00:24:48 Error <#75> [EnergyMeterService evse2] - SendMeasurements - Temperature: could not read value (AfeSystemFault)
2026-02-25 00:24:48 Verb  <#75> [OcppClient] - Sent: [2,"1a03","MeterValues",{"connectorId":2,"meterValue":[{"timestamp":"2026-02-25T00:24:47.82Z","sampledValue":[{"value":"0","context":"Sample.Periodic","measurand":"Current.Import","phase":"L1","unit":"A"},{"value":"0","context":"Sample.Periodic","measurand":"Current.Import","phase":"L2","unit":"A"},{"value":"0","context":"Sample.Periodic","measurand":"Current.Import","phase":"L3","unit":"A"},{"value":"35855.8","context":"Sample.Periodic","measurand":"Energy.Active.Import.Register","unit":"kWh"},{"value":"50.02","context":"Sample.Periodic","measurand":"Frequency"},{"value":"0","context":"Sample.Periodic","measurand":"Power.Active.Import","phase":"L1","unit":"kW"},{"value":"0","context":"Sample.Periodic","measurand":"Power.Active.Import","phase":"L2","unit":"kW"},{"value":"0","context":"Sample.Periodic","measurand":"Power.Active.Import","phase":"L3","unit":"kW"},{"value":"0","context":"Sample.Periodic","measurand":"Power.Active.Import","unit":"kW"},{"value":"-1","context":"Sample.Periodic","measurand":"Power.Factor"},{"value":"236.2","context":"Sample.Periodic","measurand":"Voltage","phase":"L1","unit":"V"},{"value":"235.9","context":"Sample.Periodic","measurand":"Voltage","phase":"L2","unit":"V"},{"value":"236.7","context":"Sample.Periodic","measurand":"Voltage","phase":"L3","unit":"V"},{"value":"16","context":"Sample.Periodic","measurand":"Current.Offered","unit":"A"}]}],"transactionId":2027725}]
2026-02-25 00:24:49 Verb  <EVT> [ConnectorLogic 1] - LastState: Charging
2026-02-25 00:24:49 Verb  <EVT> [ConnectorLogic 2] - LastState: ChargingPausedByEv
2026-02-25 00:24:49 Verb  <#75> [OcppClient] - Received: [3,"1a03",{}]
2026-02-25 00:24:49 Verb  <CommHandler first queue> [OcppMessageSender] - OcppMessageSender received response 
OcppAction: MeterValues
OcppMessage response: {}
2026-02-25 00:24:50 Verb  <EVT> [ConnectorLogic 1] - LastState: Charging
2026-02-25 00:24:50 Verb  <EVT> [ConnectorLogic 2] - LastState: ChargingPausedByEv
2026-02-25 00:24:51 Verb  <EVT> [ConnectorLogic 1] - LastState: Charging
2026-02-25 00:24:51 Verb  <EVT> [ConnectorLogic 2] - LastState: ChargingPausedByEv
2026-02-25 00:24:51 Warn  <#75> [AfeEnergyMeter] - Cannot read temperature from AFE: Could not find file '/sys/bus/spi/drivers/afe_at90e36/spi1.1/Temp'.
2026-02-25 00:24:51 Error <#75> [EnergyMeterService evse1] - SendMeasurements - Temperature: could not read value (AfeSystemFault)
2026-02-25 00:24:51 Verb  <#75> [OcppClient] - Sent: [2,"1a04","MeterValues",{"connectorId":1,"meterValue":[{"timestamp":"2026-02-25T00:24:50.998Z","sampledValue":[{"value":"15.76","context":"Sample.Periodic","measurand":"Current.Import","phase":"L1","unit":"A"},{"value":"15.241","context":"Sample.Periodic","measurand":"Current.Import","phase":"L2","unit":"A"},{"value":"15.092","context":"Sample.Periodic","measurand":"Current.Import","phase":"L3","unit":"A"},{"value":"24364.6","context":"Sample.Periodic","measurand":"Energy.Active.Import.Register","unit":"kWh"},{"value":"50","context":"Sample.Periodic","measurand":"Frequency"},{"value":"3.714","context":"Sample.Periodic","measurand":"Power.Active.Import","phase":"L1","unit":"kW"},{"value":"3.6005","context":"Sample.Periodic","measurand":"Power.Active.Import","phase":"L2","unit":"kW"},{"value":"3.5663002","context":"Sample.Periodic","measurand":"Power.Active.Import","phase":"L3","unit":"kW"},{"value":"10.880401","context":"Sample.Periodic","measurand":"Power.Active.Import","unit":"kW"},{"value":"0.9973","context":"Sample.Periodic","measurand":"Power.Factor"},{"value":"236.4","context":"Sample.Periodic","measurand":"Voltage","phase":"L1","unit":"V"},{"value":"236.7","context":"Sample.Periodic","measurand":"Voltage","phase":"L2","unit":"V"},{"value":"236.8","context":"Sample.Periodic","measurand":"Voltage","phase":"L3","unit":"V"},{"value":"16","context":"Sample.Periodic","measurand":"Current.Offered","unit":"A"}]}],"transactionId":2027882}]
2026-02-25 00:24:52 Verb  <#16> [OcppClient] - Received: [3,"1a04",{}]
2026-02-25 00:24:52 Verb  <CommHandler first queue> [OcppMessageSender] - OcppMessageSender received response 
OcppAction: MeterValues
OcppMessage response: {}
2026-02-25 00:24:52 Verb  <EVT> [ConnectorLogic 1] - LastState: Charging
2026-02-25 00:24:52 Verb  <EVT> [ConnectorLogic 2] - LastState: ChargingPausedByEv
2026-02-25 00:24:53 Verb  <EVT> [ConnectorLogic 1] - LastState: Charging
2026-02-25 00:24:53 Verb  <EVT> [ConnectorLogic 2] - LastState: ChargingPausedByEv
2026-02-25 00:24:54 Verb  <EVT> [ConnectorLogic 1] - LastState: Charging
2026-02-25 00:24:54 Verb  <EVT> [ConnectorLogic 2] - LastState: ChargingPausedByEv
2026-02-25 00:24:55 Verb  <EVT> [ConnectorLogic 1] - LastState: Charging
2026-02-25 00:24:55 Verb  <EVT> [Evse 1] - Created ConnectorShortStatusData: {
  "ConnectorId": 1,
  "Current": {
    "L1": 15.771,
    "L2": 15.223,
    "L3": 15.139
  },
  "Power": {
    "L1": 3.719,
    "L2": 3.5953999,
    "L3": 3.5793002,
    "Total": 10.8927
  },
  "Consumption": {
    "L1": 0.0,
    "L2": 0.0,
    "L3": 0.0,
    "Total": 34.0
  },
  "LocalTarget": 16,
  "IsMaxCurrentKnown": true
}
2026-02-25 00:24:55 Verb  <EVT> [ConnectorLogic 2] - LastState: ChargingPausedByEv
2026-02-25 00:24:56 Verb  <EVT> [ConnectorLogic 1] - LastState: Charging
2026-02-25 00:24:56 Verb  <EVT> [ConnectorLogic 2] - LastState: ChargingPausedByEv
2026-02-25 00:24:57 Verb  <#75> [SystemMonitor] - CPU loads: 2.12 1.86 1.76
2026-02-25 00:24:57 Verb  <EVT> [ConnectorLogic 1] - LastState: Charging
2026-02-25 00:24:57 Verb  <EVT> [ConnectorLogic 2] - LastState: ChargingPausedByEv
2026-02-25 00:24:58 Verb  <EVT> [ConnectorLogic 1] - LastState: Charging
2026-02-25 00:24:58 Verb  <EVT> [ConnectorLogic 2] - LastState: ChargingPausedByEv
2026-02-25 00:24:59 Verb  <EVT> [ConnectorLogic 1] - LastState: Charging
2026-02-25 00:24:59 Verb  <EVT> [ConnectorLogic 2] - LastState: ChargingPausedByEv
2026-02-25 00:25:00 Verb  <EVT> [ConnectorLogic 1] - LastState: Charging
2026-02-25 00:25:00 Verb  <EVT> [ConnectorLogic 2] - LastState: ChargingPausedByEv
2026-02-25 00:25:01 Verb  <EVT> [ConnectorLogic 1] - LastState: Charging
2026-02-25 00:25:01 Verb  <EVT> [ConnectorLogic 2] - LastState: ChargingPausedByEv
2026-02-25 00:25:02 Verb  <EVT> [ConnectorLogic 1] - LastState: Charging
2026-02-25 00:25:02 Verb  <EVT> [Evse 1] - Created ConnectorStatusData: {
  "ConnectorId": 1,
  "Status": "Charging",
  "Current": {
    "L1": 15.739,
    "L2": 15.22,
    "L3": 15.104
  },
  "Power": {
    "L1": 3.7094,
    "L2": 3.5913,
    "L3": 3.5691001,
    "Total": 10.8704
  },
  "Consumption": {
    "L1": 0.0,
    "L2": 0.0,
    "L3": 0.0,
    "Total": 34.0
  },
  "CurrentSession": {
    "StartTime": "2026-02-24T20:49:51.0918872Z",
    "ConsumedEnergy": 34.0,
    "PhaseUsedByVehicle": "L123",
    "VehicleMinCurrentA": 6.0,
    "VehicleMaxCurrentA": 15.828,
    "IsVehicleMaxCurrentKnown": true,
    "IsVehicleResponsive": true
  },
  "ChargingUserPreferences": {
    "ChargingMode": "Fast",
    "PlannedDepartureTime": "2026-02-25T06:30:00Z",
    "PlannedEnergyConsumption": 100.0
  },
  "CurrentSetpoint": 16
}
2026-02-25 00:25:02 Verb  <EVT> [ConnectorLogic 2] - LastState: ChargingPausedByEv
2026-02-25 00:25:02 Verb  <EVT> [Evse 2] - Created ConnectorStatusData: {
  "ConnectorId": 2,
  "Status": "ChargingPausedByEv",
  "Current": {
    "L1": 0.0,
    "L2": 0.0,
    "L3": 0.0
  },
  "Power": {
    "L1": 0.0,
    "L2": 0.0,
    "L3": 0.0,
    "Total": 0.0
  },
  "Consumption": {
    "L1": 0.0,
    "L2": 0.0,
    "L3": 0.0,
    "Total": 33.2
  },
  "CurrentSession": {
    "StartTime": "2026-02-24T19:36:48.6309339Z",
    "ConsumedEnergy": 33.2,
    "PhaseUsedByVehicle": "L123",
    "VehicleMinCurrentA": 6.0,
    "VehicleMaxCurrentA": 15.952,
    "IsVehicleMaxCurrentKnown": true,
    "IsVehicleResponsive": true
  },
  "ChargingUserPreferences": {
    "ChargingMode": "Fast",
    "PlannedDepartureTime": "2026-02-24T22:00:00Z",
    "PlannedEnergyConsumption": 100.0
  },
  "CurrentSetpoint": 16
}
2026-02-25 00:25:02 Verb  <EVT> [ConnectorLogic 1] - LastState: Charging
2026-02-25 00:25:02 Verb  <EVT> [ConnectorLogic 2] - LastState: ChargingPausedByEv
2026-02-25 00:25:03 Verb  <EVT> [ConnectorLogic 1] - LastState: Charging
2026-02-25 00:25:03 Verb  <EVT> [ConnectorLogic 2] - LastState: ChargingPausedByEv
2026-02-25 00:25:04 Verb  <EVT> [ConnectorLogic 1] - LastState: Charging
2026-02-25 00:25:04 Verb  <EVT> [ConnectorLogic 2] - LastState: ChargingPausedByEv
2026-02-25 00:25:05 Verb  <EVT> [ConnectorLogic 1] - LastState: Charging
2026-02-25 00:25:05 Verb  <EVT> [ConnectorLogic 2] - LastState: ChargingPausedByEv
2026-02-25 00:25:06 Verb  <EVT> [ConnectorLogic 1] - LastState: Charging
2026-02-25 00:25:06 Verb  <EVT> [ConnectorLogic 2] - LastState: ChargingPausedByEv
2026-02-25 00:25:07 Verb  <#75> [SystemMonitor] - CPU loads: 1.87 1.81 1.75
2026-02-25 00:25:07 Verb  <EVT> [ConnectorLogic 1] - LastState: Charging
2026-02-25 00:25:07 Verb  <EVT> [ConnectorLogic 2] - LastState: ChargingPausedByEv
2026-02-25 00:25:08 Verb  <EVT> [ConnectorLogic 1] - LastState: Charging
2026-02-25 00:25:08 Verb  <EVT> [ConnectorLogic 2] - LastState: ChargingPausedByEv
2026-02-25 00:25:09 Verb  <EVT> [ConnectorLogic 1] - LastState: Charging
2026-02-25 00:25:09 Verb  <EVT> [ConnectorLogic 2] - LastState: ChargingPausedByEv
2026-02-25 00:25:10 Verb  <EVT> [ConnectorLogic 1] - LastState: Charging
2026-02-25 00:25:10 Verb  <EVT> [ConnectorLogic 2] - LastState: ChargingPausedByEv
2026-02-25 00:25:11 Verb  <EVT> [ConnectorLogic 1] - LastState: Charging
2026-02-25 00:25:11 Verb  <EVT> [ConnectorLogic 2] - LastState: ChargingPausedByEv
2026-02-25 00:25:12 Verb  <EVT> [ConnectorLogic 1] - LastState: Charging
2026-02-25 00:25:12 Verb  <EVT> [ConnectorLogic 2] - LastState: ChargingPausedByEv
2026-02-25 00:25:13 Verb  <EVT> [ConnectorLogic 1] - LastState: Charging
2026-02-25 00:25:13 Verb  <EVT> [ConnectorLogic 2] - LastState: ChargingPausedByEv
2026-02-25 00:25:14 Verb  <EVT> [ConnectorLogic 1] - LastState: Charging
2026-02-25 00:25:14 Verb  <EVT> [ConnectorLogic 2] - LastState: ChargingPausedByEv
2026-02-25 00:25:15 Verb  <EVT> [ConnectorLogic 1] - LastState: Charging
2026-02-25 00:25:15 Verb  <EVT> [ConnectorLogic 2] - LastState: ChargingPausedByEv
2026-02-25 00:25:16 Verb  <EVT> [ConnectorLogic 1] - LastState: Charging
2026-02-25 00:25:16 Verb  <EVT> [ConnectorLogic 2] - LastState: ChargingPausedByEv
2026-02-25 00:25:17 Verb  <#60> [SystemMonitor] - CPU loads: 1.66 1.77 1.73
2026-02-25 00:25:17 Verb  <EVT> [ConnectorLogic 1] - LastState: Charging
2026-02-25 00:25:17 Verb  <EVT> [ConnectorLogic 2] - LastState: ChargingPausedByEv
2026-02-25 00:25:18 Verb  <EVT> [ConnectorLogic 1] - LastState: Charging
2026-02-25 00:25:18 Verb  <EVT> [ConnectorLogic 2] - LastState: ChargingPausedByEv
2026-02-25 00:25:19 Verb  <EVT> [ConnectorLogic 1] - LastState: Charging
2026-02-25 00:25:19 Verb  <EVT> [ConnectorLogic 2] - LastState: ChargingPausedByEv
2026-02-25 00:25:20 Verb  <EVT> [ConnectorLogic 1] - LastState: Charging
2026-02-25 00:25:20 Verb  <EVT> [ConnectorLogic 2] - LastState: ChargingPausedByEv
2026-02-25 00:25:21 Verb  <EVT> [ConnectorLogic 1] - LastState: Charging
2026-02-25 00:25:21 Verb  <EVT> [ConnectorLogic 2] - LastState: ChargingPausedByEv
2026-02-25 00:25:22 Verb  <EVT> [ConnectorLogic 1] - LastState: Charging
2026-02-25 00:25:22 Verb  <EVT> [ConnectorLogic 2] - LastState: ChargingPausedByEv
2026-02-25 00:25:23 Verb  <EVT> [ConnectorLogic 1] - LastState: Charging
2026-02-25 00:25:23 Verb  <EVT> [ConnectorLogic 2] - LastState: ChargingPausedByEv
2026-02-25 00:25:24 Verb  <EVT> [ConnectorLogic 1] - LastState: Charging
2026-02-25 00:25:24 Verb  <EVT> [ConnectorLogic 2] - LastState: ChargingPausedByEv
2026-02-25 00:25:25 Verb  <EVT> [ConnectorLogic 1] - LastState: Charging
2026-02-25 00:25:25 Verb  <EVT> [ConnectorLogic 2] - LastState: ChargingPausedByEv
2026-02-25 00:25:26 Verb  <EVT> [ConnectorLogic 1] - LastState: Charging
2026-02-25 00:25:26 Verb  <EVT> [ConnectorLogic 2] - LastState: ChargingPausedByEv
2026-02-25 00:25:27 Verb  <#16> [SystemMonitor] - CPU loads: 1.63 1.76 1.73
2026-02-25 00:25:27 Verb  <EVT> [ConnectorLogic 1] - LastState: Charging
2026-02-25 00:25:27 Verb  <EVT> [Evse 1] - Created ConnectorShortStatusData: {
  "ConnectorId": 1,
  "Current": {
    "L1": 15.712,
    "L2": 15.226,
    "L3": 15.131
  },
  "Power": {
    "L1": 3.7072,
    "L2": 3.5942,
    "L3": 3.5846999,
    "Total": 10.887099
  },
  "Consumption": {
    "L1": 0.0,
    "L2": 0.0,
    "L3": 0.0,
    "Total": 34.1
  },
  "LocalTarget": 16,
  "IsMaxCurrentKnown": true
}
2026-02-25 00:25:27 Verb  <EVT> [ConnectorLogic 2] - LastState: ChargingPausedByEv
2026-02-25 00:25:28 Verb  <EVT> [ConnectorLogic 1] - LastState: Charging
2026-02-25 00:25:28 Verb  <EVT> [ConnectorLogic 2] - LastState: ChargingPausedByEv
2026-02-25 00:25:29 Verb  <EVT> [ConnectorLogic 1] - LastState: Charging
2026-02-25 00:25:29 Verb  <EVT> [ConnectorLogic 2] - LastState: ChargingPausedByEv
2026-02-25 00:25:30 Verb  <EVT> [ConnectorLogic 1] - LastState: Charging
2026-02-25 00:25:30 Verb  <EVT> [ConnectorLogic 2] - LastState: ChargingPausedByEv
2026-02-25 00:25:31 Verb  <EVT> [ConnectorLogic 1] - LastState: Charging
2026-02-25 00:25:31 Verb  <EVT> [ConnectorLogic 2] - LastState: ChargingPausedByEv
2026-02-25 00:25:32 Verb  <EVT> [ConnectorLogic 1] - LastState: Charging
2026-02-25 00:25:32 Verb  <EVT> [Evse 1] - Created ConnectorStatusData: {
  "ConnectorId": 1,
  "Status": "Charging",
  "Current": {
    "L1": 15.72,
    "L2": 15.241,
    "L3": 15.114
  },
  "Power": {
    "L1": 3.7098,
    "L2": 3.5988,
    "L3": 3.5802,
    "Total": 10.8884
  },
  "Consumption": {
    "L1": 0.0,
    "L2": 0.0,
    "L3": 0.0,
    "Total": 34.1
  },
  "CurrentSession": {
    "StartTime": "2026-02-24T20:49:51.0918872Z",
    "ConsumedEnergy": 34.1,
    "PhaseUsedByVehicle": "L123",
    "VehicleMinCurrentA": 6.0,
    "VehicleMaxCurrentA": 15.828,
    "IsVehicleMaxCurrentKnown": true,
    "IsVehicleResponsive": true
  },
  "ChargingUserPreferences": {
    "ChargingMode": "Fast",
    "PlannedDepartureTime": "2026-02-25T06:30:00Z",
    "PlannedEnergyConsumption": 100.0
  },
  "CurrentSetpoint": 16
}
2026-02-25 00:25:32 Verb  <EVT> [ConnectorLogic 2] - LastState: ChargingPausedByEv
2026-02-25 00:25:32 Verb  <EVT> [Evse 2] - Created ConnectorStatusData: {
  "ConnectorId": 2,
  "Status": "ChargingPausedByEv",
  "Current": {
    "L1": 0.0,
    "L2": 0.0,
    "L3": 0.0
  },
  "Power": {
    "L1": 0.0,
    "L2": 0.0,
    "L3": 0.0,
    "Total": 0.0
  },
  "Consumption": {
    "L1": 0.0,
    "L2": 0.0,
    "L3": 0.0,
    "Total": 33.2
  },
  "CurrentSession": {
    "StartTime": "2026-02-24T19:36:48.6309339Z",
    "ConsumedEnergy": 33.2,
    "PhaseUsedByVehicle": "L123",
    "VehicleMinCurrentA": 6.0,
    "VehicleMaxCurrentA": 15.952,
    "IsVehicleMaxCurrentKnown": true,
    "IsVehicleResponsive": true
  },
  "ChargingUserPreferences": {
    "ChargingMode": "Fast",
    "PlannedDepartureTime": "2026-02-24T22:00:00Z",
    "PlannedEnergyConsumption": 100.0
  },
  "CurrentSetpoint": 16
}
2026-02-25 00:25:32 Verb  <EVT> [ConnectorLogic 1] - LastState: Charging
2026-02-25 00:25:32 Verb  <EVT> [ConnectorLogic 2] - LastState: ChargingPausedByEv
2026-02-25 00:25:33 Verb  <EVT> [ConnectorLogic 1] - LastState: Charging
2026-02-25 00:25:33 Verb  <EVT> [ConnectorLogic 2] - LastState: ChargingPausedByEv
2026-02-25 00:25:34 Verb  <EVT> [ConnectorLogic 1] - LastState: Charging
2026-02-25 00:25:34 Verb  <EVT> [ConnectorLogic 1] - TargetCurrents {
  "ChargingProfiles": {
    "Current": null,
    "Unit": "A",
    "Source": "ChargingProfiles"
  },
  "SmartCluster": {
    "Current": 16,
    "Unit": "A",
    "Source": "SmartCluster"
  }
}
2026-02-25 00:25:34 Info  <EVT> [ConnectorLogic 1] - TargetCurrent from SmartCluster, current: 16
2026-02-25 00:25:34 Verb  <EVT> [ConnectorLogic 1] - Applying 16 A from SmartCluster triggered by ConnectorMaxOutput (SmartCluster)
2026-02-25 00:25:34 Verb  <EVT> [ConnectorLogic 2] - LastState: ChargingPausedByEv
2026-02-25 00:25:34 Verb  <EVT> [ConnectorLogic 1] - LastState: Charging
2026-02-25 00:25:34 Verb  <EVT> [ConnectorLogic 2] - LastState: ChargingPausedByEv
2026-02-25 00:25:35 Verb  <EVT> [ConnectorLogic 1] - LastState: Charging
2026-02-25 00:25:35 Verb  <EVT> [ConnectorLogic 2] - LastState: ChargingPausedByEv
2026-02-25 00:25:36 Verb  <EVT> [ConnectorLogic 1] - LastState: Charging
2026-02-25 00:25:36 Verb  <EVT> [ConnectorLogic 2] - LastState: ChargingPausedByEv
2026-02-25 00:25:37 Verb  <#60> [SystemMonitor] - CPU loads: 1.68 1.76 1.73
2026-02-25 00:25:37 Verb  <EVT> [ConnectorLogic 1] - LastState: Charging
2026-02-25 00:25:37 Verb  <EVT> [ConnectorLogic 2] - LastState: ChargingPausedByEv
2026-02-25 00:25:38 Verb  <EVT> [ConnectorLogic 1] - LastState: Charging
2026-02-25 00:25:38 Verb  <EVT> [ConnectorLogic 2] - LastState: ChargingPausedByEv
2026-02-25 00:25:39 Verb  <EVT> [ConnectorLogic 1] - LastState: Charging
2026-02-25 00:25:39 Verb  <EVT> [ConnectorLogic 2] - LastState: ChargingPausedByEv
2026-02-25 00:25:40 Verb  <EVT> [ConnectorLogic 1] - LastState: Charging
2026-02-25 00:25:40 Verb  <EVT> [ConnectorLogic 2] - LastState: ChargingPausedByEv
2026-02-25 00:25:41 Verb  <EVT> [ConnectorLogic 1] - LastState: Charging
2026-02-25 00:25:41 Verb  <EVT> [ConnectorLogic 2] - LastState: ChargingPausedByEv
2026-02-25 00:25:42 Verb  <EVT> [ConnectorLogic 1] - LastState: Charging
2026-02-25 00:25:42 Verb  <EVT> [ConnectorLogic 2] - LastState: ChargingPausedByEv
2026-02-25 00:25:43 Verb  <EVT> [ConnectorLogic 1] - LastState: Charging
2026-02-25 00:25:43 Verb  <EVT> [ConnectorLogic 2] - LastState: ChargingPausedByEv
2026-02-25 00:25:44 Verb  <EVT> [ConnectorLogic 1] - LastState: Charging
2026-02-25 00:25:44 Verb  <EVT> [ConnectorLogic 2] - LastState: ChargingPausedByEv
2026-02-25 00:25:45 Verb  <EVT> [ConnectorLogic 1] - LastState: Charging
2026-02-25 00:25:45 Verb  <EVT> [ConnectorLogic 2] - LastState: ChargingPausedByEv
2026-02-25 00:25:46 Verb  <EVT> [ConnectorLogic 1] - LastState: Charging
2026-02-25 00:25:46 Verb  <EVT> [ConnectorLogic 2] - LastState: ChargingPausedByEv
2026-02-25 00:25:47 Verb  <#16> [SystemMonitor] - CPU loads: 1.87 1.81 1.75
2026-02-25 00:25:47 Verb  <EVT> [ConnectorLogic 1] - LastState: Charging
2026-02-25 00:25:47 Verb  <EVT> [ConnectorLogic 2] - LastState: ChargingPausedByEv
2026-02-25 00:25:48 Verb  <EVT> [ConnectorLogic 1] - LastState: Charging
2026-02-25 00:25:48 Verb  <EVT> [ConnectorLogic 2] - LastState: ChargingPausedByEv
2026-02-25 00:25:48 Info  <#60> [AfeEnergyMeter] - Calibrating AFE at 1.1
2026-02-25 00:25:49 Warn  <#60> [AfeEnergyMeter] - Cannot read temperature from AFE: Could not find file '/sys/bus/spi/drivers/afe_at90e36/spi1.1/Temp'.
2026-02-25 00:25:49 Error <#60> [EnergyMeterService evse2] - SendMeasurements - Temperature: could not read value (AfeSystemFault)
2026-02-25 00:25:49 Verb  <#60> [OcppClient] - Sent: [2,"1a05","MeterValues",{"connectorId":2,"meterValue":[{"timestamp":"2026-02-25T00:25:47.708Z","sampledValue":[{"value":"0","context":"Sample.Periodic","measurand":"Current.Import","phase":"L1","unit":"A"},{"value":"0","context":"Sample.Periodic","measurand":"Current.Import","phase":"L2","unit":"A"},{"value":"0","context":"Sample.Periodic","measurand":"Current.Import","phase":"L3","unit":"A"},{"value":"35855.8","context":"Sample.Periodic","measurand":"Energy.Active.Import.Register","unit":"kWh"},{"value":"50.02","context":"Sample.Periodic","measurand":"Frequency"},{"value":"0","context":"Sample.Periodic","measurand":"Power.Active.Import","phase":"L1","unit":"kW"},{"value":"0","context":"Sample.Periodic","measurand":"Power.Active.Import","phase":"L2","unit":"kW"},{"value":"0","context":"Sample.Periodic","measurand":"Power.Active.Import","phase":"L3","unit":"kW"},{"value":"0","context":"Sample.Periodic","measurand":"Power.Active.Import","unit":"kW"},{"value":"-1","context":"Sample.Periodic","measurand":"Power.Factor"},{"value":"237.2","context":"Sample.Periodic","measurand":"Voltage","phase":"L1","unit":"V"},{"value":"236.8","context":"Sample.Periodic","measurand":"Voltage","phase":"L2","unit":"V"},{"value":"236.9","context":"Sample.Periodic","measurand":"Voltage","phase":"L3","unit":"V"},{"value":"16","context":"Sample.Periodic","measurand":"Current.Offered","unit":"A"}]}],"transactionId":2027725}]
2026-02-25 00:25:49 Verb  <EVT> [ConnectorLogic 1] - LastState: Charging
2026-02-25 00:25:49 Verb  <EVT> [ConnectorLogic 2] - LastState: ChargingPausedByEv
2026-02-25 00:25:49 Verb  <#38> [OcppClient] - Received: [3,"1a05",{}]
2026-02-25 00:25:49 Verb  <CommHandler first queue> [OcppMessageSender] - OcppMessageSender received response 
OcppAction: MeterValues
OcppMessage response: {}
2026-02-25 00:25:50 Verb  <EVT> [ConnectorLogic 1] - LastState: Charging
2026-02-25 00:25:50 Verb  <EVT> [ConnectorLogic 2] - LastState: ChargingPausedByEv
2026-02-25 00:25:51 Verb  <EVT> [ConnectorLogic 1] - LastState: Charging
2026-02-25 00:25:51 Verb  <EVT> [ConnectorLogic 2] - LastState: ChargingPausedByEv
2026-02-25 00:25:51 Warn  <#16> [AfeEnergyMeter] - Cannot read temperature from AFE: Could not find file '/sys/bus/spi/drivers/afe_at90e36/spi1.1/Temp'.
2026-02-25 00:25:51 Error <#16> [EnergyMeterService evse1] - SendMeasurements - Temperature: could not read value (AfeSystemFault)
2026-02-25 00:25:51 Verb  <#16> [OcppClient] - Sent: [2,"1a06","MeterValues",{"connectorId":1,"meterValue":[{"timestamp":"2026-02-25T00:25:50.708Z","sampledValue":[{"value":"15.785","context":"Sample.Periodic","measurand":"Current.Import","phase":"L1","unit":"A"},{"value":"15.291","context":"Sample.Periodic","measurand":"Current.Import","phase":"L2","unit":"A"},{"value":"15.158","context":"Sample.Periodic","measurand":"Current.Import","phase":"L3","unit":"A"},{"value":"24364.8","context":"Sample.Periodic","measurand":"Energy.Active.Import.Register","unit":"kWh"},{"value":"50.01","context":"Sample.Periodic","measurand":"Frequency"},{"value":"3.7224","context":"Sample.Periodic","measurand":"Power.Active.Import","phase":"L1","unit":"kW"},{"value":"3.608","context":"Sample.Periodic","measurand":"Power.Active.Import","phase":"L2","unit":"kW"},{"value":"3.5904","context":"Sample.Periodic","measurand":"Power.Active.Import","phase":"L3","unit":"kW"},{"value":"10.9217005","context":"Sample.Periodic","measurand":"Power.Active.Import","unit":"kW"},{"value":"0.9973","context":"Sample.Periodic","measurand":"Power.Factor"},{"value":"236.6","context":"Sample.Periodic","measurand":"Voltage","phase":"L1","unit":"V"},{"value":"236.4","context":"Sample.Periodic","measurand":"Voltage","phase":"L2","unit":"V"},{"value":"237.4","context":"Sample.Periodic","measurand":"Voltage","phase":"L3","unit":"V"},{"value":"16","context":"Sample.Periodic","measurand":"Current.Offered","unit":"A"}]}],"transactionId":2027882}]
2026-02-25 00:25:52 Verb  <#16> [OcppClient] - Received: [3,"1a06",{}]
2026-02-25 00:25:52 Verb  <CommHandler first queue> [OcppMessageSender] - OcppMessageSender received response 
OcppAction: MeterValues
OcppMessage response: {}
2026-02-25 00:25:53 Verb  <EVT> [ConnectorLogic 1] - LastState: Charging
2026-02-25 00:25:53 Verb  <EVT> [ConnectorLogic 2] - LastState: ChargingPausedByEv
2026-02-25 00:25:53 Verb  <EVT> [ConnectorLogic 1] - LastState: Charging
2026-02-25 00:25:53 Verb  <EVT> [ConnectorLogic 2] - LastState: ChargingPausedByEv
2026-02-25 00:25:54 Verb  <EVT> [ConnectorLogic 1] - LastState: Charging
2026-02-25 00:25:54 Verb  <EVT> [ConnectorLogic 2] - LastState: ChargingPausedByEv
2026-02-25 00:25:55 Verb  <EVT> [ConnectorLogic 1] - LastState: Charging
2026-02-25 00:25:55 Verb  <EVT> [ConnectorLogic 2] - LastState: ChargingPausedByEv
2026-02-25 00:25:56 Verb  <EVT> [ConnectorLogic 1] - LastState: Charging
2026-02-25 00:25:56 Verb  <EVT> [ConnectorLogic 2] - LastState: ChargingPausedByEv
2026-02-25 00:25:57 Verb  <#60> [SystemMonitor] - CPU loads: 1.74 1.78 1.74
2026-02-25 00:25:57 Verb  <EVT> [ConnectorLogic 1] - LastState: Charging
2026-02-25 00:25:57 Verb  <EVT> [ConnectorLogic 2] - LastState: ChargingPausedByEv
2026-02-25 00:25:58 Verb  <EVT> [ConnectorLogic 1] - LastState: Charging
2026-02-25 00:25:58 Verb  <EVT> [ConnectorLogic 2] - LastState: ChargingPausedByEv
2026-02-25 00:25:59 Verb  <EVT> [ConnectorLogic 1] - LastState: Charging
2026-02-25 00:25:59 Verb  <EVT> [ConnectorLogic 2] - LastState: ChargingPausedByEv
2026-02-25 00:26:00 Verb  <EVT> [ConnectorLogic 1] - LastState: Charging
2026-02-25 00:26:00 Verb  <EVT> [ConnectorLogic 2] - LastState: ChargingPausedByEv
2026-02-25 00:26:01 Verb  <EVT> [ConnectorLogic 1] - LastState: Charging
2026-02-25 00:26:01 Verb  <EVT> [Evse 1] - Created ConnectorShortStatusData: {
  "ConnectorId": 1,
  "Current": {
    "L1": 15.736,
    "L2": 15.241,
    "L3": 15.018
  },
  "Power": {
    "L1": 3.7131002,
    "L2": 3.5983999,
    "L3": 3.5631,
    "Total": 10.875
  },
  "Consumption": {
    "L1": 0.0,
    "L2": 0.0,
    "L3": 0.0,
    "Total": 34.2
  },
  "LocalTarget": 16,
  "IsMaxCurrentKnown": true
}
2026-02-25 00:26:01 Verb  <EVT> [ConnectorLogic 2] - LastState: ChargingPausedByEv
2026-02-25 00:26:02 Verb  <EVT> [ConnectorLogic 1] - LastState: Charging
2026-02-25 00:26:02 Verb  <EVT> [Evse 1] - Created ConnectorStatusData: {
  "ConnectorId": 1,
  "Status": "Charging",
  "Current": {
    "L1": 15.761,
    "L2": 15.25,
    "L3": 15.047
  },
  "Power": {
    "L1": 3.7198,
    "L2": 3.6025,
    "L3": 3.5705,
    "Total": 10.8929
  },
  "Consumption": {
    "L1": 0.0,
    "L2": 0.0,
    "L3": 0.0,
    "Total": 34.2
  },
  "CurrentSession": {
    "StartTime": "2026-02-24T20:49:51.0918872Z",
    "ConsumedEnergy": 34.2,
    "PhaseUsedByVehicle": "L123",
    "VehicleMinCurrentA": 6.0,
    "VehicleMaxCurrentA": 15.828,
    "IsVehicleMaxCurrentKnown": true,
    "IsVehicleResponsive": true
  },
  "ChargingUserPreferences": {
    "ChargingMode": "Fast",
    "PlannedDepartureTime": "2026-02-25T06:30:00Z",
    "PlannedEnergyConsumption": 100.0
  },
  "CurrentSetpoint": 16
}
2026-02-25 00:26:02 Verb  <EVT> [ConnectorLogic 2] - LastState: ChargingPausedByEv
2026-02-25 00:26:02 Verb  <EVT> [Evse 2] - Created ConnectorStatusData: {
  "ConnectorId": 2,
  "Status": "ChargingPausedByEv",
  "Current": {
    "L1": 0.0,
    "L2": 0.0,
    "L3": 0.0
  },
  "Power": {
    "L1": 0.0,
    "L2": 0.0,
    "L3": 0.0,
    "Total": 0.0
  },
  "Consumption": {
    "L1": 0.0,
    "L2": 0.0,
    "L3": 0.0,
    "Total": 33.2
  },
  "CurrentSession": {
    "StartTime": "2026-02-24T19:36:48.6309339Z",
    "ConsumedEnergy": 33.2,
    "PhaseUsedByVehicle": "L123",
    "VehicleMinCurrentA": 6.0,
    "VehicleMaxCurrentA": 15.952,
    "IsVehicleMaxCurrentKnown": true,
    "IsVehicleResponsive": true
  },
  "ChargingUserPreferences": {
    "ChargingMode": "Fast",
    "PlannedDepartureTime": "2026-02-24T22:00:00Z",
    "PlannedEnergyConsumption": 100.0
  },
  "CurrentSetpoint": 16
}
2026-02-25 00:26:03 Verb  <EVT> [ConnectorLogic 1] - LastState: Charging
2026-02-25 00:26:03 Verb  <EVT> [ConnectorLogic 2] - LastState: ChargingPausedByEv
2026-02-25 00:26:03 Verb  <EVT> [ConnectorLogic 1] - LastState: Charging
2026-02-25 00:26:03 Verb  <EVT> [ConnectorLogic 2] - LastState: ChargingPausedByEv
2026-02-25 00:26:04 Verb  <EVT> [ConnectorLogic 1] - LastState: Charging
2026-02-25 00:26:04 Verb  <EVT> [ConnectorLogic 2] - LastState: ChargingPausedByEv
2026-02-25 00:26:05 Verb  <EVT> [ConnectorLogic 1] - LastState: Charging
2026-02-25 00:26:05 Verb  <EVT> [ConnectorLogic 2] - LastState: ChargingPausedByEv
2026-02-25 00:26:06 Verb  <EVT> [ConnectorLogic 1] - LastState: Charging
2026-02-25 00:26:06 Verb  <EVT> [ConnectorLogic 2] - LastState: ChargingPausedByEv
2026-02-25 00:26:07 Verb  <#49> [SystemMonitor] - CPU loads: 1.63 1.75 1.73
2026-02-25 00:26:07 Verb  <EVT> [ConnectorLogic 1] - LastState: Charging
2026-02-25 00:26:07 Verb  <EVT> [ConnectorLogic 2] - LastState: ChargingPausedByEv
2026-02-25 00:26:08 Verb  <EVT> [ConnectorLogic 1] - LastState: Charging
2026-02-25 00:26:08 Verb  <EVT> [ConnectorLogic 2] - LastState: ChargingPausedByEv
2026-02-25 00:26:09 Verb  <EVT> [ConnectorLogic 1] - LastState: Charging
2026-02-25 00:26:09 Verb  <EVT> [ConnectorLogic 2] - LastState: ChargingPausedByEv
2026-02-25 00:26:10 Verb  <EVT> [ConnectorLogic 1] - LastState: Charging
2026-02-25 00:26:10 Verb  <EVT> [ConnectorLogic 2] - LastState: ChargingPausedByEv
2026-02-25 00:26:11 Verb  <EVT> [ConnectorLogic 1] - LastState: Charging
2026-02-25 00:26:11 Verb  <EVT> [ConnectorLogic 2] - LastState: ChargingPausedByEv
2026-02-25 00:26:12 Verb  <EVT> [ConnectorLogic 1] - LastState: Charging
2026-02-25 00:26:12 Verb  <EVT> [ConnectorLogic 2] - LastState: ChargingPausedByEv
2026-02-25 00:26:13 Verb  <EVT> [ConnectorLogic 1] - LastState: Charging
2026-02-25 00:26:13 Verb  <EVT> [ConnectorLogic 2] - LastState: ChargingPausedByEv
2026-02-25 00:26:14 Loggr <EVT> [FileLogWriter] - Closing log file. Reason: Estimated file size is greater than limit
