2026-02-25 00:00:00 Loggr <#29> [FileLogWriter] - Completed OpenFile. forceNew: True, reason: Date changed since last Write. LogLevel: Verbose
2026-02-25 00:00:00 Verb  <#29> [Scheduler] - Instant solver finished in 173.5204 ms for 1/2 connectors
2026-02-25 00:00:00 Verb  <#35> [Scheduler] - Create schedule finished in 127.765 ms
2026-02-25 00:00:00 Verb  <#29> [Scheduler] - Instant update result:
Available:   (32, 32, 32) A
Surplus:     (16, 16, 16)
Cluster Max: (32, 32, 32) A
Load Guard:
    Current:     (0, 0, 0; 0) A  Smoothed: (0, 0, 0) A
    Power:       (0, 0, 0: 0) kW
    Last Update: 01/01/0001 00:00:00  Offline
Connectors:
  22030428/1
    State:           Charging {Charging}
    Target:          16 A  Last: 16 A
    Current:         (15.577, 15.143, 14.963) A  Smoothed: (15.576807, 15.142921, 14.96307) A
    Vehicle Limits:  Min: 6 A  Max: 16 A  Known
    Phase:           L123
    Arrival:         02/24/2026 20:49:51  PlannedDeparture: 02/24/2026 23:59:50
    Required Energy: 70.60000038146974 kWh  Critical
    Exclude after:   
    Ignored till:    
    Schedule:        [16.0,6.733774056728635,16.0,0.0,0.0,0.0,0.0,0.0,0.0,0.0,0.0,0.0,0.0,0.0,0.0,0.0,0.0,0.0,0.0,0.0,0.0,0.0,0.0,0.0]
  22030428/2
    State:           Excluded {ChargingPausedByEv}
    Target:          0 A  Last: 0 A
    Current:         (0, 0, 0) A  Smoothed: (0, 0, 0) A
    Vehicle Limits:  Min: 6 A  Max: 16 A  Known
    Phase:           L123
    Arrival:         02/24/2026 19:36:48  PlannedDeparture: 02/24/2026 23:59:50
    Required Energy: 66.79999923706056 kWh  Critical
    Exclude after:   02/24/2026 23:29:45
    Ignored till:    
    Schedule:        [16.0,16.0,16.0,0.0,0.0,0.0,0.0,0.0,0.0,0.0,0.0,0.0,0.0,0.0,0.0,0.0,0.0,0.0,0.0,0.0,0.0,0.0,0.0,0.0]
2026-02-25 00:00:00 Info  <#29> [VersionLoggerService] - Uptime: 4.17:44:36.2022678 (Since 02/20/2026 06:15:24 UTC)
2026-02-25 00:00:00 Info  <#29> [VersionLoggerService] - VERSIONS:
PowerManagement version: 5.4
PowerManagement settings version: 8
PowerManagement API level: 2
OS image:  Buildroot 2022.02.8-82-g10b7a47d4d
OS build:  5.0.5
OS kernel: Linux 4.14.213 #2 Tue Jul 25 09:18:22 UTC 2023

2026-02-25 00:00:02 Verb  <#29> [Scheduler] - Instant solver finished in 199.7266 ms for 1/2 connectors
2026-02-25 00:00:02 Verb  <#29> [Scheduler] - Instant update result:
Available:   (32, 32, 32) A
Surplus:     (16, 16, 16)
Cluster Max: (32, 32, 32) A
Load Guard:
    Current:     (0, 0, 0; 0) A  Smoothed: (0, 0, 0) A
    Power:       (0, 0, 0: 0) kW
    Last Update: 01/01/0001 00:00:00  Offline
Connectors:
  22030428/1
    State:           Charging {Charging}
    Target:          16 A  Last: 16 A
    Current:         (15.577, 15.143, 14.963) A  Smoothed: (15.576922, 15.142968, 14.963028) A
    Vehicle Limits:  Min: 6 A  Max: 16 A  Known
    Phase:           L123
    Arrival:         02/24/2026 20:49:51  PlannedDeparture: 02/24/2026 23:59:50
    Required Energy: 70.60000038146974 kWh  Critical
    Exclude after:   
    Ignored till:    
    Schedule:        [16.0,16.0,16.0,0.0,0.0,0.0,0.0,0.0,0.0,0.0,0.0,0.0,0.0,0.0,0.0,0.0,0.0,0.0,0.0,0.0,0.0,0.0,0.0,0.0]
  22030428/2
    State:           Excluded {ChargingPausedByEv}
    Target:          0 A  Last: 0 A
    Current:         (0, 0, 0) A  Smoothed: (0, 0, 0) A
    Vehicle Limits:  Min: 6 A  Max: 16 A  Known
    Phase:           L123
    Arrival:         02/24/2026 19:36:48  PlannedDeparture: 02/24/2026 23:59:50
    Required Energy: 66.79999923706056 kWh  Critical
    Exclude after:   02/24/2026 23:29:45
    Ignored till:    
    Schedule:        [16.0,16.0,16.0,0.0,0.0,0.0,0.0,0.0,0.0,0.0,0.0,0.0,0.0,0.0,0.0,0.0,0.0,0.0,0.0,0.0,0.0,0.0,0.0,0.0]
2026-02-25 00:00:04 Verb  <#29> [Scheduler] - Instant solver finished in 241.3078 ms for 1/2 connectors
2026-02-25 00:00:04 Verb  <#29> [Scheduler] - Instant update result:
Available:   (32, 32, 32) A
Surplus:     (16, 16, 16)
Cluster Max: (32, 32, 32) A
Load Guard:
    Current:     (0, 0, 0; 0) A  Smoothed: (0, 0, 0) A
    Power:       (0, 0, 0: 0) kW
    Last Update: 01/01/0001 00:00:00  Offline
Connectors:
  22030428/1
    State:           Charging {Charging}
    Target:          16 A  Last: 16 A
    Current:         (15.577, 15.143, 14.963) A  Smoothed: (15.576969, 15.142987, 14.963012) A
    Vehicle Limits:  Min: 6 A  Max: 16 A  Known
    Phase:           L123
    Arrival:         02/24/2026 20:49:51  PlannedDeparture: 02/24/2026 23:59:50
    Required Energy: 70.60000038146974 kWh  Critical
    Exclude after:   
    Ignored till:    
    Schedule:        [16.0,16.0,16.0,0.0,0.0,0.0,0.0,0.0,0.0,0.0,0.0,0.0,0.0,0.0,0.0,0.0,0.0,0.0,0.0,0.0,0.0,0.0,0.0,0.0]
  22030428/2
    State:           Excluded {ChargingPausedByEv}
    Target:          0 A  Last: 0 A
    Current:         (0, 0, 0) A  Smoothed: (0, 0, 0) A
    Vehicle Limits:  Min: 6 A  Max: 16 A  Known
    Phase:           L123
    Arrival:         02/24/2026 19:36:48  PlannedDeparture: 02/24/2026 23:59:50
    Required Energy: 66.79999923706056 kWh  Critical
    Exclude after:   02/24/2026 23:29:45
    Ignored till:    
    Schedule:        [16.0,16.0,16.0,0.0,0.0,0.0,0.0,0.0,0.0,0.0,0.0,0.0,0.0,0.0,0.0,0.0,0.0,0.0,0.0,0.0,0.0,0.0,0.0,0.0]
2026-02-25 00:00:07 Verb  <#50> [Scheduler] - Instant solver finished in 132.3652 ms for 1/2 connectors
2026-02-25 00:00:07 Verb  <#50> [Scheduler] - Instant update result:
Available:   (32, 32, 32) A
Surplus:     (16, 16, 16)
Cluster Max: (32, 32, 32) A
Load Guard:
    Current:     (0, 0, 0; 0) A  Smoothed: (0, 0, 0) A
    Power:       (0, 0, 0: 0) kW
    Last Update: 01/01/0001 00:00:00  Offline
Connectors:
  22030428/1
    State:           Charging {Charging}
    Target:          16 A  Last: 16 A
    Current:         (15.577, 15.143, 14.963) A  Smoothed: (15.576987, 15.142995, 14.963005) A
    Vehicle Limits:  Min: 6 A  Max: 16 A  Known
    Phase:           L123
    Arrival:         02/24/2026 20:49:51  PlannedDeparture: 02/24/2026 23:59:50
    Required Energy: 70.60000038146974 kWh  Critical
    Exclude after:   
    Ignored till:    
    Schedule:        [16.0,16.0,16.0,0.0,0.0,0.0,0.0,0.0,0.0,0.0,0.0,0.0,0.0,0.0,0.0,0.0,0.0,0.0,0.0,0.0,0.0,0.0,0.0,0.0]
  22030428/2
    State:           Excluded {ChargingPausedByEv}
    Target:          0 A  Last: 0 A
    Current:         (0, 0, 0) A  Smoothed: (0, 0, 0) A
    Vehicle Limits:  Min: 6 A  Max: 16 A  Known
    Phase:           L123
    Arrival:         02/24/2026 19:36:48  PlannedDeparture: 02/24/2026 23:59:50
    Required Energy: 66.79999923706056 kWh  Critical
    Exclude after:   02/24/2026 23:29:45
    Ignored till:    
    Schedule:        [16.0,16.0,16.0,0.0,0.0,0.0,0.0,0.0,0.0,0.0,0.0,0.0,0.0,0.0,0.0,0.0,0.0,0.0,0.0,0.0,0.0,0.0,0.0,0.0]
2026-02-25 00:00:09 Verb  <#29> [Scheduler] - Instant solver finished in 66.8547 ms for 1/2 connectors
2026-02-25 00:00:09 Verb  <#29> [Scheduler] - Instant update result:
Available:   (32, 32, 32) A
Surplus:     (16, 16, 16)
Cluster Max: (32, 32, 32) A
Load Guard:
    Current:     (0, 0, 0; 0) A  Smoothed: (0, 0, 0) A
    Power:       (0, 0, 0: 0) kW
    Last Update: 01/01/0001 00:00:00  Offline
Connectors:
  22030428/1
    State:           Charging {Charging}
    Target:          16 A  Last: 16 A
    Current:         (15.585, 15.09, 14.991) A  Smoothed: (15.583718, 15.098479, 14.986521) A
    Vehicle Limits:  Min: 6 A  Max: 16 A  Known
    Phase:           L123
    Arrival:         02/24/2026 20:49:51  PlannedDeparture: 02/24/2026 23:59:50
    Required Energy: 70.60000038146974 kWh  Critical
    Exclude after:   
    Ignored till:    
    Schedule:        [16.0,16.0,16.0,0.0,0.0,0.0,0.0,0.0,0.0,0.0,0.0,0.0,0.0,0.0,0.0,0.0,0.0,0.0,0.0,0.0,0.0,0.0,0.0,0.0]
  22030428/2
    State:           Excluded {ChargingPausedByEv}
    Target:          0 A  Last: 0 A
    Current:         (0, 0, 0) A  Smoothed: (0, 0, 0) A
    Vehicle Limits:  Min: 6 A  Max: 16 A  Known
    Phase:           L123
    Arrival:         02/24/2026 19:36:48  PlannedDeparture: 02/24/2026 23:59:50
    Required Energy: 66.79999923706056 kWh  Critical
    Exclude after:   02/24/2026 23:29:45
    Ignored till:    
    Schedule:        [16.0,16.0,16.0,0.0,0.0,0.0,0.0,0.0,0.0,0.0,0.0,0.0,0.0,0.0,0.0,0.0,0.0,0.0,0.0,0.0,0.0,0.0,0.0,0.0]
2026-02-25 00:00:11 Verb  <#29> [Scheduler] - Instant solver finished in 145.1002 ms for 1/2 connectors
2026-02-25 00:00:11 Verb  <#29> [Scheduler] - Instant update result:
Available:   (32, 32, 32) A
Surplus:     (16, 16, 16)
Cluster Max: (32, 32, 32) A
Load Guard:
    Current:     (0, 0, 0; 0) A  Smoothed: (0, 0, 0) A
    Power:       (0, 0, 0: 0) kW
    Last Update: 01/01/0001 00:00:00  Offline
Connectors:
  22030428/1
    State:           Charging {Charging}
    Target:          16 A  Last: 16 A
    Current:         (15.585, 15.09, 14.991) A  Smoothed: (15.584487, 15.093391, 14.989208) A
    Vehicle Limits:  Min: 6 A  Max: 16 A  Known
    Phase:           L123
    Arrival:         02/24/2026 20:49:51  PlannedDeparture: 02/24/2026 23:59:50
    Required Energy: 70.60000038146974 kWh  Critical
    Exclude after:   
    Ignored till:    
    Schedule:        [16.0,16.0,16.0,0.0,0.0,0.0,0.0,0.0,0.0,0.0,0.0,0.0,0.0,0.0,0.0,0.0,0.0,0.0,0.0,0.0,0.0,0.0,0.0,0.0]
  22030428/2
    State:           Excluded {ChargingPausedByEv}
    Target:          0 A  Last: 0 A
    Current:         (0, 0, 0) A  Smoothed: (0, 0, 0) A
    Vehicle Limits:  Min: 6 A  Max: 16 A  Known
    Phase:           L123
    Arrival:         02/24/2026 19:36:48  PlannedDeparture: 02/24/2026 23:59:50
    Required Energy: 66.79999923706056 kWh  Critical
    Exclude after:   02/24/2026 23:29:45
    Ignored till:    
    Schedule:        [16.0,16.0,16.0,0.0,0.0,0.0,0.0,0.0,0.0,0.0,0.0,0.0,0.0,0.0,0.0,0.0,0.0,0.0,0.0,0.0,0.0,0.0,0.0,0.0]
2026-02-25 00:00:13 Verb  <#29> [Scheduler] - Instant solver finished in 138.8236 ms for 1/2 connectors
2026-02-25 00:00:13 Verb  <#29> [Scheduler] - Instant update result:
Available:   (32, 32, 32) A
Surplus:     (16, 16, 16)
Cluster Max: (32, 32, 32) A
Load Guard:
    Current:     (0, 0, 0; 0) A  Smoothed: (0, 0, 0) A
    Power:       (0, 0, 0: 0) kW
    Last Update: 01/01/0001 00:00:00  Offline
Connectors:
  22030428/1
    State:           Charging {Charging}
    Target:          16 A  Last: 16 A
    Current:         (15.585, 15.09, 14.991) A  Smoothed: (15.584795, 15.091356, 14.990283) A
    Vehicle Limits:  Min: 6 A  Max: 16 A  Known
    Phase:           L123
    Arrival:         02/24/2026 20:49:51  PlannedDeparture: 02/24/2026 23:59:50
    Required Energy: 70.60000038146974 kWh  Critical
    Exclude after:   
    Ignored till:    
    Schedule:        [16.0,16.0,16.0,0.0,0.0,0.0,0.0,0.0,0.0,0.0,0.0,0.0,0.0,0.0,0.0,0.0,0.0,0.0,0.0,0.0,0.0,0.0,0.0,0.0]
  22030428/2
    State:           Excluded {ChargingPausedByEv}
    Target:          0 A  Last: 0 A
    Current:         (0, 0, 0) A  Smoothed: (0, 0, 0) A
    Vehicle Limits:  Min: 6 A  Max: 16 A  Known
    Phase:           L123
    Arrival:         02/24/2026 19:36:48  PlannedDeparture: 02/24/2026 23:59:50
    Required Energy: 66.79999923706056 kWh  Critical
    Exclude after:   02/24/2026 23:29:45
    Ignored till:    
    Schedule:        [16.0,16.0,16.0,0.0,0.0,0.0,0.0,0.0,0.0,0.0,0.0,0.0,0.0,0.0,0.0,0.0,0.0,0.0,0.0,0.0,0.0,0.0,0.0,0.0]
2026-02-25 00:00:15 Verb  <#29> [Scheduler] - Instant solver finished in 337.7178 ms for 1/2 connectors
2026-02-25 00:00:15 Verb  <#29> [Scheduler] - Instant update result:
Available:   (32, 32, 32) A
Surplus:     (16, 16, 16)
Cluster Max: (32, 32, 32) A
Load Guard:
    Current:     (0, 0, 0; 0) A  Smoothed: (0, 0, 0) A
    Power:       (0, 0, 0: 0) kW
    Last Update: 01/01/0001 00:00:00  Offline
Connectors:
  22030428/1
    State:           Charging {Charging}
    Target:          16 A  Last: 16 A
    Current:         (15.585, 15.09, 14.991) A  Smoothed: (15.584918, 15.090543, 14.990713) A
    Vehicle Limits:  Min: 6 A  Max: 16 A  Known
    Phase:           L123
    Arrival:         02/24/2026 20:49:51  PlannedDeparture: 02/24/2026 23:59:50
    Required Energy: 70.60000038146974 kWh  Critical
    Exclude after:   
    Ignored till:    
    Schedule:        [16.0,16.0,16.0,0.0,0.0,0.0,0.0,0.0,0.0,0.0,0.0,0.0,0.0,0.0,0.0,0.0,0.0,0.0,0.0,0.0,0.0,0.0,0.0,0.0]
  22030428/2
    State:           Excluded {ChargingPausedByEv}
    Target:          0 A  Last: 0 A
    Current:         (0, 0, 0) A  Smoothed: (0, 0, 0) A
    Vehicle Limits:  Min: 6 A  Max: 16 A  Known
    Phase:           L123
    Arrival:         02/24/2026 19:36:48  PlannedDeparture: 02/24/2026 23:59:50
    Required Energy: 66.79999923706056 kWh  Critical
    Exclude after:   02/24/2026 23:29:45
    Ignored till:    
    Schedule:        [16.0,16.0,16.0,0.0,0.0,0.0,0.0,0.0,0.0,0.0,0.0,0.0,0.0,0.0,0.0,0.0,0.0,0.0,0.0,0.0,0.0,0.0,0.0,0.0]
2026-02-25 00:00:18 Verb  <#29> [Scheduler] - Instant solver finished in 355.8052 ms for 1/2 connectors
2026-02-25 00:00:18 Verb  <#29> [Scheduler] - Instant update result:
Available:   (32, 32, 32) A
Surplus:     (16, 16, 16)
Cluster Max: (32, 32, 32) A
Load Guard:
    Current:     (0, 0, 0; 0) A  Smoothed: (0, 0, 0) A
    Power:       (0, 0, 0: 0) kW
    Last Update: 01/01/0001 00:00:00  Offline
Connectors:
  22030428/1
    State:           Charging {Charging}
    Target:          16 A  Last: 16 A
    Current:         (15.585, 15.09, 14.991) A  Smoothed: (15.584968, 15.090218, 14.990886) A
    Vehicle Limits:  Min: 6 A  Max: 16 A  Known
    Phase:           L123
    Arrival:         02/24/2026 20:49:51  PlannedDeparture: 02/24/2026 23:59:50
    Required Energy: 70.60000038146974 kWh  Critical
    Exclude after:   
    Ignored till:    
    Schedule:        [16.0,16.0,16.0,0.0,0.0,0.0,0.0,0.0,0.0,0.0,0.0,0.0,0.0,0.0,0.0,0.0,0.0,0.0,0.0,0.0,0.0,0.0,0.0,0.0]
  22030428/2
    State:           Excluded {ChargingPausedByEv}
    Target:          0 A  Last: 0 A
    Current:         (0, 0, 0) A  Smoothed: (0, 0, 0) A
    Vehicle Limits:  Min: 6 A  Max: 16 A  Known
    Phase:           L123
    Arrival:         02/24/2026 19:36:48  PlannedDeparture: 02/24/2026 23:59:50
    Required Energy: 66.79999923706056 kWh  Critical
    Exclude after:   02/24/2026 23:29:45
    Ignored till:    
    Schedule:        [16.0,16.0,16.0,0.0,0.0,0.0,0.0,0.0,0.0,0.0,0.0,0.0,0.0,0.0,0.0,0.0,0.0,0.0,0.0,0.0,0.0,0.0,0.0,0.0]
2026-02-25 00:00:20 Verb  <#29> [Scheduler] - Instant solver finished in 320.1628 ms for 1/2 connectors
2026-02-25 00:00:20 Verb  <#29> [Scheduler] - Instant update result:
Available:   (32, 32, 32) A
Surplus:     (16, 16, 16)
Cluster Max: (32, 32, 32) A
Load Guard:
    Current:     (0, 0, 0; 0) A  Smoothed: (0, 0, 0) A
    Power:       (0, 0, 0: 0) kW
    Last Update: 01/01/0001 00:00:00  Offline
Connectors:
  22030428/1
    State:           Charging {Charging}
    Target:          16 A  Last: 16 A
    Current:         (15.585, 15.09, 14.991) A  Smoothed: (15.584987, 15.090087, 14.990954) A
    Vehicle Limits:  Min: 6 A  Max: 16 A  Known
    Phase:           L123
    Arrival:         02/24/2026 20:49:51  PlannedDeparture: 02/24/2026 23:59:50
    Required Energy: 70.60000038146974 kWh  Critical
    Exclude after:   
    Ignored till:    
    Schedule:        [16.0,16.0,16.0,0.0,0.0,0.0,0.0,0.0,0.0,0.0,0.0,0.0,0.0,0.0,0.0,0.0,0.0,0.0,0.0,0.0,0.0,0.0,0.0,0.0]
  22030428/2
    State:           Excluded {ChargingPausedByEv}
    Target:          0 A  Last: 0 A
    Current:         (0, 0, 0) A  Smoothed: (0, 0, 0) A
    Vehicle Limits:  Min: 6 A  Max: 16 A  Known
    Phase:           L123
    Arrival:         02/24/2026 19:36:48  PlannedDeparture: 02/24/2026 23:59:50
    Required Energy: 66.79999923706056 kWh  Critical
    Exclude after:   02/24/2026 23:29:45
    Ignored till:    
    Schedule:        [16.0,16.0,16.0,0.0,0.0,0.0,0.0,0.0,0.0,0.0,0.0,0.0,0.0,0.0,0.0,0.0,0.0,0.0,0.0,0.0,0.0,0.0,0.0,0.0]
2026-02-25 00:00:22 Verb  <#51> [Scheduler] - Instant solver finished in 153.2927 ms for 1/2 connectors
2026-02-25 00:00:22 Verb  <#51> [Scheduler] - Instant update result:
Available:   (32, 32, 32) A
Surplus:     (16, 16, 16)
Cluster Max: (32, 32, 32) A
Load Guard:
    Current:     (0, 0, 0; 0) A  Smoothed: (0, 0, 0) A
    Power:       (0, 0, 0: 0) kW
    Last Update: 01/01/0001 00:00:00  Offline
Connectors:
  22030428/1
    State:           Charging {Charging}
    Target:          16 A  Last: 16 A
    Current:         (15.581, 15.161, 14.954) A  Smoothed: (15.581638, 15.149654, 14.959913) A
    Vehicle Limits:  Min: 6 A  Max: 16 A  Known
    Phase:           L123
    Arrival:         02/24/2026 20:49:51  PlannedDeparture: 02/25/2026 00:00:20
    Required Energy: 70.5 kWh  Critical
    Exclude after:   
    Ignored till:    
    Schedule:        [16.0,16.0,16.0,0.0,0.0,0.0,0.0,0.0,0.0,0.0,0.0,0.0,0.0,0.0,0.0,0.0,0.0,0.0,0.0,0.0,0.0,0.0,0.0,0.0]
  22030428/2
    State:           Excluded {ChargingPausedByEv}
    Target:          0 A  Last: 0 A
    Current:         (0, 0, 0) A  Smoothed: (0, 0, 0) A
    Vehicle Limits:  Min: 6 A  Max: 16 A  Known
    Phase:           L123
    Arrival:         02/24/2026 19:36:48  PlannedDeparture: 02/25/2026 00:00:20
    Required Energy: 66.79999923706056 kWh  Critical
    Exclude after:   02/24/2026 23:29:45
    Ignored till:    
    Schedule:        [16.0,16.0,16.0,0.0,0.0,0.0,0.0,0.0,0.0,0.0,0.0,0.0,0.0,0.0,0.0,0.0,0.0,0.0,0.0,0.0,0.0,0.0,0.0,0.0]
2026-02-25 00:00:25 Verb  <#29> [Scheduler] - Instant solver finished in 256.0787 ms for 1/2 connectors
2026-02-25 00:00:25 Verb  <#29> [Scheduler] - Instant update result:
Available:   (32, 32, 32) A
Surplus:     (16, 16, 16)
Cluster Max: (32, 32, 32) A
Load Guard:
    Current:     (0, 0, 0; 0) A  Smoothed: (0, 0, 0) A
    Power:       (0, 0, 0: 0) kW
    Last Update: 01/01/0001 00:00:00  Offline
Connectors:
  22030428/1
    State:           Charging {Charging}
    Target:          16 A  Last: 16 A
    Current:         (15.581, 15.161, 14.954) A  Smoothed: (15.581256, 15.156462, 14.956366) A
    Vehicle Limits:  Min: 6 A  Max: 16 A  Known
    Phase:           L123
    Arrival:         02/24/2026 20:49:51  PlannedDeparture: 02/25/2026 00:00:20
    Required Energy: 70.5 kWh  Critical
    Exclude after:   
    Ignored till:    
    Schedule:        [16.0,16.0,16.0,0.0,0.0,0.0,0.0,0.0,0.0,0.0,0.0,0.0,0.0,0.0,0.0,0.0,0.0,0.0,0.0,0.0,0.0,0.0,0.0,0.0]
  22030428/2
    State:           Excluded {ChargingPausedByEv}
    Target:          0 A  Last: 0 A
    Current:         (0, 0, 0) A  Smoothed: (0, 0, 0) A
    Vehicle Limits:  Min: 6 A  Max: 16 A  Known
    Phase:           L123
    Arrival:         02/24/2026 19:36:48  PlannedDeparture: 02/25/2026 00:00:20
    Required Energy: 66.79999923706056 kWh  Critical
    Exclude after:   02/24/2026 23:29:45
    Ignored till:    
    Schedule:        [16.0,16.0,16.0,0.0,0.0,0.0,0.0,0.0,0.0,0.0,0.0,0.0,0.0,0.0,0.0,0.0,0.0,0.0,0.0,0.0,0.0,0.0,0.0,0.0]
2026-02-25 00:00:27 Verb  <#29> [Scheduler] - Instant solver finished in 84.617 ms for 1/2 connectors
2026-02-25 00:00:27 Verb  <#29> [Scheduler] - Instant update result:
Available:   (32, 32, 32) A
Surplus:     (16, 16, 16)
Cluster Max: (32, 32, 32) A
Load Guard:
    Current:     (0, 0, 0; 0) A  Smoothed: (0, 0, 0) A
    Power:       (0, 0, 0: 0) kW
    Last Update: 01/01/0001 00:00:00  Offline
Connectors:
  22030428/1
    State:           Charging {Charging}
    Target:          16 A  Last: 16 A
    Current:         (15.581, 15.161, 14.954) A  Smoothed: (15.581102, 15.159184, 14.9549465) A
    Vehicle Limits:  Min: 6 A  Max: 16 A  Known
    Phase:           L123
    Arrival:         02/24/2026 20:49:51  PlannedDeparture: 02/25/2026 00:00:20
    Required Energy: 70.5 kWh  Critical
    Exclude after:   
    Ignored till:    
    Schedule:        [16.0,16.0,16.0,0.0,0.0,0.0,0.0,0.0,0.0,0.0,0.0,0.0,0.0,0.0,0.0,0.0,0.0,0.0,0.0,0.0,0.0,0.0,0.0,0.0]
  22030428/2
    State:           Excluded {ChargingPausedByEv}
    Target:          0 A  Last: 0 A
    Current:         (0, 0, 0) A  Smoothed: (0, 0, 0) A
    Vehicle Limits:  Min: 6 A  Max: 16 A  Known
    Phase:           L123
    Arrival:         02/24/2026 19:36:48  PlannedDeparture: 02/25/2026 00:00:20
    Required Energy: 66.79999923706056 kWh  Critical
    Exclude after:   02/24/2026 23:29:45
    Ignored till:    
    Schedule:        [16.0,16.0,16.0,0.0,0.0,0.0,0.0,0.0,0.0,0.0,0.0,0.0,0.0,0.0,0.0,0.0,0.0,0.0,0.0,0.0,0.0,0.0,0.0,0.0]
2026-02-25 00:00:29 Verb  <#29> [Scheduler] - Instant solver finished in 79.7263 ms for 1/2 connectors
2026-02-25 00:00:29 Verb  <#29> [Scheduler] - Instant update result:
Available:   (32, 32, 32) A
Surplus:     (16, 16, 16)
Cluster Max: (32, 32, 32) A
Load Guard:
    Current:     (0, 0, 0; 0) A  Smoothed: (0, 0, 0) A
    Power:       (0, 0, 0: 0) kW
    Last Update: 01/01/0001 00:00:00  Offline
Connectors:
  22030428/1
    State:           Charging {Charging}
    Target:          16 A  Last: 16 A
    Current:         (15.581, 15.161, 14.954) A  Smoothed: (15.581041, 15.160274, 14.954379) A
    Vehicle Limits:  Min: 6 A  Max: 16 A  Known
    Phase:           L123
    Arrival:         02/24/2026 20:49:51  PlannedDeparture: 02/25/2026 00:00:20
    Required Energy: 70.5 kWh  Critical
    Exclude after:   
    Ignored till:    
    Schedule:        [16.0,16.0,16.0,0.0,0.0,0.0,0.0,0.0,0.0,0.0,0.0,0.0,0.0,0.0,0.0,0.0,0.0,0.0,0.0,0.0,0.0,0.0,0.0,0.0]
  22030428/2
    State:           Excluded {ChargingPausedByEv}
    Target:          0 A  Last: 0 A
    Current:         (0, 0, 0) A  Smoothed: (0, 0, 0) A
    Vehicle Limits:  Min: 6 A  Max: 16 A  Known
    Phase:           L123
    Arrival:         02/24/2026 19:36:48  PlannedDeparture: 02/25/2026 00:00:20
    Required Energy: 66.79999923706056 kWh  Critical
    Exclude after:   02/24/2026 23:29:45
    Ignored till:    
    Schedule:        [16.0,16.0,16.0,0.0,0.0,0.0,0.0,0.0,0.0,0.0,0.0,0.0,0.0,0.0,0.0,0.0,0.0,0.0,0.0,0.0,0.0,0.0,0.0,0.0]
2026-02-25 00:00:31 Verb  <#29> [Scheduler] - Instant solver finished in 67.8754 ms for 1/2 connectors
2026-02-25 00:00:31 Verb  <#29> [Scheduler] - Instant update result:
Available:   (32, 32, 32) A
Surplus:     (16, 16, 16)
Cluster Max: (32, 32, 32) A
Load Guard:
    Current:     (0, 0, 0; 0) A  Smoothed: (0, 0, 0) A
    Power:       (0, 0, 0: 0) kW
    Last Update: 01/01/0001 00:00:00  Offline
Connectors:
  22030428/1
    State:           Charging {Charging}
    Target:          16 A  Last: 16 A
    Current:         (15.581, 15.161, 14.954) A  Smoothed: (15.581017, 15.160709, 14.954152) A
    Vehicle Limits:  Min: 6 A  Max: 16 A  Known
    Phase:           L123
    Arrival:         02/24/2026 20:49:51  PlannedDeparture: 02/25/2026 00:00:20
    Required Energy: 70.5 kWh  Critical
    Exclude after:   
    Ignored till:    
    Schedule:        [16.0,16.0,16.0,0.0,0.0,0.0,0.0,0.0,0.0,0.0,0.0,0.0,0.0,0.0,0.0,0.0,0.0,0.0,0.0,0.0,0.0,0.0,0.0,0.0]
  22030428/2
    State:           Excluded {ChargingPausedByEv}
    Target:          0 A  Last: 0 A
    Current:         (0, 0, 0) A  Smoothed: (0, 0, 0) A
    Vehicle Limits:  Min: 6 A  Max: 16 A  Known
    Phase:           L123
    Arrival:         02/24/2026 19:36:48  PlannedDeparture: 02/25/2026 00:00:20
    Required Energy: 66.79999923706056 kWh  Critical
    Exclude after:   02/24/2026 23:29:45
    Ignored till:    
    Schedule:        [16.0,16.0,16.0,0.0,0.0,0.0,0.0,0.0,0.0,0.0,0.0,0.0,0.0,0.0,0.0,0.0,0.0,0.0,0.0,0.0,0.0,0.0,0.0,0.0]
2026-02-25 00:00:33 Verb  <#29> [Scheduler] - Instant solver finished in 193.082 ms for 1/2 connectors
2026-02-25 00:00:33 Verb  <#29> [Scheduler] - Instant update result:
Available:   (32, 32, 32) A
Surplus:     (16, 16, 16)
Cluster Max: (32, 32, 32) A
Load Guard:
    Current:     (0, 0, 0; 0) A  Smoothed: (0, 0, 0) A
    Power:       (0, 0, 0: 0) kW
    Last Update: 01/01/0001 00:00:00  Offline
Connectors:
  22030428/1
    State:           Charging {Charging}
    Target:          16 A  Last: 16 A
    Current:         (15.581, 15.161, 14.954) A  Smoothed: (15.581007, 15.160884, 14.9540615) A
    Vehicle Limits:  Min: 6 A  Max: 16 A  Known
    Phase:           L123
    Arrival:         02/24/2026 20:49:51  PlannedDeparture: 02/25/2026 00:00:20
    Required Energy: 70.5 kWh  Critical
    Exclude after:   
    Ignored till:    
    Schedule:        [16.0,16.0,16.0,0.0,0.0,0.0,0.0,0.0,0.0,0.0,0.0,0.0,0.0,0.0,0.0,0.0,0.0,0.0,0.0,0.0,0.0,0.0,0.0,0.0]
  22030428/2
    State:           Excluded {ChargingPausedByEv}
    Target:          0 A  Last: 0 A
    Current:         (0, 0, 0) A  Smoothed: (0, 0, 0) A
    Vehicle Limits:  Min: 6 A  Max: 16 A  Known
    Phase:           L123
    Arrival:         02/24/2026 19:36:48  PlannedDeparture: 02/25/2026 00:00:20
    Required Energy: 66.79999923706056 kWh  Critical
    Exclude after:   02/24/2026 23:29:45
    Ignored till:    
    Schedule:        [16.0,16.0,16.0,0.0,0.0,0.0,0.0,0.0,0.0,0.0,0.0,0.0,0.0,0.0,0.0,0.0,0.0,0.0,0.0,0.0,0.0,0.0,0.0,0.0]
2026-02-25 00:00:35 Verb  <#29> [Scheduler] - Instant solver finished in 166.037 ms for 1/2 connectors
2026-02-25 00:00:35 Verb  <#29> [Scheduler] - Instant update result:
Available:   (32, 32, 32) A
Surplus:     (16, 16, 16)
Cluster Max: (32, 32, 32) A
Load Guard:
    Current:     (0, 0, 0; 0) A  Smoothed: (0, 0, 0) A
    Power:       (0, 0, 0: 0) kW
    Last Update: 01/01/0001 00:00:00  Offline
Connectors:
  22030428/1
    State:           Charging {Charging}
    Target:          16 A  Last: 16 A
    Current:         (15.581, 15.161, 14.954) A  Smoothed: (15.581003, 15.1609535, 14.954025) A
    Vehicle Limits:  Min: 6 A  Max: 16 A  Known
    Phase:           L123
    Arrival:         02/24/2026 20:49:51  PlannedDeparture: 02/25/2026 00:00:20
    Required Energy: 70.5 kWh  Critical
    Exclude after:   
    Ignored till:    
    Schedule:        [16.0,16.0,16.0,0.0,0.0,0.0,0.0,0.0,0.0,0.0,0.0,0.0,0.0,0.0,0.0,0.0,0.0,0.0,0.0,0.0,0.0,0.0,0.0,0.0]
  22030428/2
    State:           Excluded {ChargingPausedByEv}
    Target:          0 A  Last: 0 A
    Current:         (0, 0, 0) A  Smoothed: (0, 0, 0) A
    Vehicle Limits:  Min: 6 A  Max: 16 A  Known
    Phase:           L123
    Arrival:         02/24/2026 19:36:48  PlannedDeparture: 02/25/2026 00:00:20
    Required Energy: 66.79999923706056 kWh  Critical
    Exclude after:   02/24/2026 23:29:45
    Ignored till:    
    Schedule:        [16.0,16.0,16.0,0.0,0.0,0.0,0.0,0.0,0.0,0.0,0.0,0.0,0.0,0.0,0.0,0.0,0.0,0.0,0.0,0.0,0.0,0.0,0.0,0.0]
2026-02-25 00:00:37 Verb  <#29> [Scheduler] - Instant solver finished in 108.7027 ms for 1/2 connectors
2026-02-25 00:00:37 Verb  <#29> [Scheduler] - Instant update result:
Available:   (32, 32, 32) A
Surplus:     (16, 16, 16)
Cluster Max: (32, 32, 32) A
Load Guard:
    Current:     (0, 0, 0; 0) A  Smoothed: (0, 0, 0) A
    Power:       (0, 0, 0: 0) kW
    Last Update: 01/01/0001 00:00:00  Offline
Connectors:
  22030428/1
    State:           Charging {Charging}
    Target:          16 A  Last: 16 A
    Current:         (15.581, 15.161, 14.954) A  Smoothed: (15.581001, 15.160981, 14.95401) A
    Vehicle Limits:  Min: 6 A  Max: 16 A  Known
    Phase:           L123
    Arrival:         02/24/2026 20:49:51  PlannedDeparture: 02/25/2026 00:00:20
    Required Energy: 70.5 kWh  Critical
    Exclude after:   
    Ignored till:    
    Schedule:        [16.0,16.0,16.0,0.0,0.0,0.0,0.0,0.0,0.0,0.0,0.0,0.0,0.0,0.0,0.0,0.0,0.0,0.0,0.0,0.0,0.0,0.0,0.0,0.0]
  22030428/2
    State:           Excluded {ChargingPausedByEv}
    Target:          0 A  Last: 0 A
    Current:         (0, 0, 0) A  Smoothed: (0, 0, 0) A
    Vehicle Limits:  Min: 6 A  Max: 16 A  Known
    Phase:           L123
    Arrival:         02/24/2026 19:36:48  PlannedDeparture: 02/25/2026 00:00:20
    Required Energy: 66.79999923706056 kWh  Critical
    Exclude after:   02/24/2026 23:29:45
    Ignored till:    
    Schedule:        [16.0,16.0,16.0,0.0,0.0,0.0,0.0,0.0,0.0,0.0,0.0,0.0,0.0,0.0,0.0,0.0,0.0,0.0,0.0,0.0,0.0,0.0,0.0,0.0]
2026-02-25 00:00:39 Verb  <#29> [Scheduler] - Instant solver finished in 75.9575 ms for 1/2 connectors
2026-02-25 00:00:39 Verb  <#29> [Scheduler] - Instant update result:
Available:   (32, 32, 32) A
Surplus:     (16, 16, 16)
Cluster Max: (32, 32, 32) A
Load Guard:
    Current:     (0, 0, 0; 0) A  Smoothed: (0, 0, 0) A
    Power:       (0, 0, 0: 0) kW
    Last Update: 01/01/0001 00:00:00  Offline
Connectors:
  22030428/1
    State:           Charging {Charging}
    Target:          16 A  Last: 16 A
    Current:         (15.572, 15.131, 14.947) A  Smoothed: (15.57344, 15.135797, 14.948121) A
    Vehicle Limits:  Min: 6 A  Max: 16 A  Known
    Phase:           L123
    Arrival:         02/24/2026 20:49:51  PlannedDeparture: 02/25/2026 00:00:20
    Required Energy: 70.5 kWh  Critical
    Exclude after:   
    Ignored till:    
    Schedule:        [16.0,16.0,16.0,0.0,0.0,0.0,0.0,0.0,0.0,0.0,0.0,0.0,0.0,0.0,0.0,0.0,0.0,0.0,0.0,0.0,0.0,0.0,0.0,0.0]
  22030428/2
    State:           Excluded {ChargingPausedByEv}
    Target:          0 A  Last: 0 A
    Current:         (0, 0, 0) A  Smoothed: (0, 0, 0) A
    Vehicle Limits:  Min: 6 A  Max: 16 A  Known
    Phase:           L123
    Arrival:         02/24/2026 19:36:48  PlannedDeparture: 02/25/2026 00:00:20
    Required Energy: 66.79999923706056 kWh  Critical
    Exclude after:   02/24/2026 23:29:45
    Ignored till:    
    Schedule:        [16.0,16.0,16.0,0.0,0.0,0.0,0.0,0.0,0.0,0.0,0.0,0.0,0.0,0.0,0.0,0.0,0.0,0.0,0.0,0.0,0.0,0.0,0.0,0.0]
2026-02-25 00:00:42 Verb  <#29> [Scheduler] - Instant solver finished in 142.3938 ms for 1/2 connectors
2026-02-25 00:00:42 Verb  <#29> [Scheduler] - Instant update result:
Available:   (32, 32, 32) A
Surplus:     (16, 16, 16)
Cluster Max: (32, 32, 32) A
Load Guard:
    Current:     (0, 0, 0; 0) A  Smoothed: (0, 0, 0) A
    Power:       (0, 0, 0: 0) kW
    Last Update: 01/01/0001 00:00:00  Offline
Connectors:
  22030428/1
    State:           Charging {Charging}
    Target:          16 A  Last: 16 A
    Current:         (15.572, 15.131, 14.947) A  Smoothed: (15.572576, 15.132918, 14.947448) A
    Vehicle Limits:  Min: 6 A  Max: 16 A  Known
    Phase:           L123
    Arrival:         02/24/2026 20:49:51  PlannedDeparture: 02/25/2026 00:00:20
    Required Energy: 70.5 kWh  Critical
    Exclude after:   
    Ignored till:    
    Schedule:        [16.0,16.0,16.0,0.0,0.0,0.0,0.0,0.0,0.0,0.0,0.0,0.0,0.0,0.0,0.0,0.0,0.0,0.0,0.0,0.0,0.0,0.0,0.0,0.0]
  22030428/2
    State:           Excluded {ChargingPausedByEv}
    Target:          0 A  Last: 0 A
    Current:         (0, 0, 0) A  Smoothed: (0, 0, 0) A
    Vehicle Limits:  Min: 6 A  Max: 16 A  Known
    Phase:           L123
    Arrival:         02/24/2026 19:36:48  PlannedDeparture: 02/25/2026 00:00:20
    Required Energy: 66.79999923706056 kWh  Critical
    Exclude after:   02/24/2026 23:29:45
    Ignored till:    
    Schedule:        [16.0,16.0,16.0,0.0,0.0,0.0,0.0,0.0,0.0,0.0,0.0,0.0,0.0,0.0,0.0,0.0,0.0,0.0,0.0,0.0,0.0,0.0,0.0,0.0]
2026-02-25 00:00:44 Verb  <#51> [Scheduler] - Instant solver finished in 197.9757 ms for 1/2 connectors
2026-02-25 00:00:44 Verb  <#51> [Scheduler] - Instant update result:
Available:   (32, 32, 32) A
Surplus:     (16, 16, 16)
Cluster Max: (32, 32, 32) A
Load Guard:
    Current:     (0, 0, 0; 0) A  Smoothed: (0, 0, 0) A
    Power:       (0, 0, 0: 0) kW
    Last Update: 01/01/0001 00:00:00  Offline
Connectors:
  22030428/1
    State:           Charging {Charging}
    Target:          16 A  Last: 16 A
    Current:         (15.572, 15.131, 14.947) A  Smoothed: (15.57223, 15.131767, 14.947179) A
    Vehicle Limits:  Min: 6 A  Max: 16 A  Known
    Phase:           L123
    Arrival:         02/24/2026 20:49:51  PlannedDeparture: 02/25/2026 00:00:20
    Required Energy: 70.5 kWh  Critical
    Exclude after:   
    Ignored till:    
    Schedule:        [16.0,16.0,16.0,0.0,0.0,0.0,0.0,0.0,0.0,0.0,0.0,0.0,0.0,0.0,0.0,0.0,0.0,0.0,0.0,0.0,0.0,0.0,0.0,0.0]
  22030428/2
    State:           Excluded {ChargingPausedByEv}
    Target:          0 A  Last: 0 A
    Current:         (0, 0, 0) A  Smoothed: (0, 0, 0) A
    Vehicle Limits:  Min: 6 A  Max: 16 A  Known
    Phase:           L123
    Arrival:         02/24/2026 19:36:48  PlannedDeparture: 02/25/2026 00:00:20
    Required Energy: 66.79999923706056 kWh  Critical
    Exclude after:   02/24/2026 23:29:45
    Ignored till:    
    Schedule:        [16.0,16.0,16.0,0.0,0.0,0.0,0.0,0.0,0.0,0.0,0.0,0.0,0.0,0.0,0.0,0.0,0.0,0.0,0.0,0.0,0.0,0.0,0.0,0.0]
2026-02-25 00:00:46 Verb  <#51> [Scheduler] - Instant solver finished in 115.2081 ms for 1/2 connectors
2026-02-25 00:00:46 Verb  <#51> [Scheduler] - Instant update result:
Available:   (32, 32, 32) A
Surplus:     (16, 16, 16)
Cluster Max: (32, 32, 32) A
Load Guard:
    Current:     (0, 0, 0; 0) A  Smoothed: (0, 0, 0) A
    Power:       (0, 0, 0: 0) kW
    Last Update: 01/01/0001 00:00:00  Offline
Connectors:
  22030428/1
    State:           Charging {Charging}
    Target:          16 A  Last: 16 A
    Current:         (15.572, 15.131, 14.947) A  Smoothed: (15.572092, 15.131307, 14.947071) A
    Vehicle Limits:  Min: 6 A  Max: 16 A  Known
    Phase:           L123
    Arrival:         02/24/2026 20:49:51  PlannedDeparture: 02/25/2026 00:00:20
    Required Energy: 70.5 kWh  Critical
    Exclude after:   
    Ignored till:    
    Schedule:        [16.0,16.0,16.0,0.0,0.0,0.0,0.0,0.0,0.0,0.0,0.0,0.0,0.0,0.0,0.0,0.0,0.0,0.0,0.0,0.0,0.0,0.0,0.0,0.0]
  22030428/2
    State:           Excluded {ChargingPausedByEv}
    Target:          0 A  Last: 0 A
    Current:         (0, 0, 0) A  Smoothed: (0, 0, 0) A
    Vehicle Limits:  Min: 6 A  Max: 16 A  Known
    Phase:           L123
    Arrival:         02/24/2026 19:36:48  PlannedDeparture: 02/25/2026 00:00:20
    Required Energy: 66.79999923706056 kWh  Critical
    Exclude after:   02/24/2026 23:29:45
    Ignored till:    
    Schedule:        [16.0,16.0,16.0,0.0,0.0,0.0,0.0,0.0,0.0,0.0,0.0,0.0,0.0,0.0,0.0,0.0,0.0,0.0,0.0,0.0,0.0,0.0,0.0,0.0]
2026-02-25 00:00:48 Verb  <#51> [Scheduler] - Instant solver finished in 124.9807 ms for 1/2 connectors
2026-02-25 00:00:48 Verb  <#51> [Scheduler] - Instant update result:
Available:   (32, 32, 32) A
Surplus:     (16, 16, 16)
Cluster Max: (32, 32, 32) A
Load Guard:
    Current:     (0, 0, 0; 0) A  Smoothed: (0, 0, 0) A
    Power:       (0, 0, 0: 0) kW
    Last Update: 01/01/0001 00:00:00  Offline
Connectors:
  22030428/1
    State:           Charging {Charging}
    Target:          16 A  Last: 16 A
    Current:         (15.572, 15.131, 14.947) A  Smoothed: (15.572037, 15.131123, 14.947028) A
    Vehicle Limits:  Min: 6 A  Max: 16 A  Known
    Phase:           L123
    Arrival:         02/24/2026 20:49:51  PlannedDeparture: 02/25/2026 00:00:20
    Required Energy: 70.5 kWh  Critical
    Exclude after:   
    Ignored till:    
    Schedule:        [16.0,16.0,16.0,0.0,0.0,0.0,0.0,0.0,0.0,0.0,0.0,0.0,0.0,0.0,0.0,0.0,0.0,0.0,0.0,0.0,0.0,0.0,0.0,0.0]
  22030428/2
    State:           Excluded {ChargingPausedByEv}
    Target:          0 A  Last: 0 A
    Current:         (0, 0, 0) A  Smoothed: (0, 0, 0) A
    Vehicle Limits:  Min: 6 A  Max: 16 A  Known
    Phase:           L123
    Arrival:         02/24/2026 19:36:48  PlannedDeparture: 02/25/2026 00:00:20
    Required Energy: 66.79999923706056 kWh  Critical
    Exclude after:   02/24/2026 23:29:45
    Ignored till:    
    Schedule:        [16.0,16.0,16.0,0.0,0.0,0.0,0.0,0.0,0.0,0.0,0.0,0.0,0.0,0.0,0.0,0.0,0.0,0.0,0.0,0.0,0.0,0.0,0.0,0.0]
2026-02-25 00:00:50 Verb  <#51> [Scheduler] - Instant solver finished in 387.9187 ms for 1/2 connectors
2026-02-25 00:00:50 Verb  <#51> [Scheduler] - Instant update result:
Available:   (32, 32, 32) A
Surplus:     (16, 16, 16)
Cluster Max: (32, 32, 32) A
Load Guard:
    Current:     (0, 0, 0; 0) A  Smoothed: (0, 0, 0) A
    Power:       (0, 0, 0: 0) kW
    Last Update: 01/01/0001 00:00:00  Offline
Connectors:
  22030428/1
    State:           Charging {Charging}
    Target:          16 A  Last: 16 A
    Current:         (15.572, 15.131, 14.947) A  Smoothed: (15.572015, 15.131049, 14.947011) A
    Vehicle Limits:  Min: 6 A  Max: 16 A  Known
    Phase:           L123
    Arrival:         02/24/2026 20:49:51  PlannedDeparture: 02/25/2026 00:00:20
    Required Energy: 70.5 kWh  Critical
    Exclude after:   
    Ignored till:    
    Schedule:        [16.0,16.0,16.0,0.0,0.0,0.0,0.0,0.0,0.0,0.0,0.0,0.0,0.0,0.0,0.0,0.0,0.0,0.0,0.0,0.0,0.0,0.0,0.0,0.0]
  22030428/2
    State:           Excluded {ChargingPausedByEv}
    Target:          0 A  Last: 0 A
    Current:         (0, 0, 0) A  Smoothed: (0, 0, 0) A
    Vehicle Limits:  Min: 6 A  Max: 16 A  Known
    Phase:           L123
    Arrival:         02/24/2026 19:36:48  PlannedDeparture: 02/25/2026 00:00:20
    Required Energy: 66.79999923706056 kWh  Critical
    Exclude after:   02/24/2026 23:29:45
    Ignored till:    
    Schedule:        [16.0,16.0,16.0,0.0,0.0,0.0,0.0,0.0,0.0,0.0,0.0,0.0,0.0,0.0,0.0,0.0,0.0,0.0,0.0,0.0,0.0,0.0,0.0,0.0]
2026-02-25 00:00:53 Verb  <#5> [Scheduler] - Instant solver finished in 136.3242 ms for 1/2 connectors
2026-02-25 00:00:53 Verb  <#5> [Scheduler] - Instant update result:
Available:   (32, 32, 32) A
Surplus:     (16, 16, 16)
Cluster Max: (32, 32, 32) A
Load Guard:
    Current:     (0, 0, 0; 0) A  Smoothed: (0, 0, 0) A
    Power:       (0, 0, 0: 0) kW
    Last Update: 01/01/0001 00:00:00  Offline
Connectors:
  22030428/1
    State:           Charging {Charging}
    Target:          16 A  Last: 16 A
    Current:         (15.583, 15.134, 14.975) A  Smoothed: (15.581243, 15.133528, 14.970522) A
    Vehicle Limits:  Min: 6 A  Max: 16 A  Known
    Phase:           L123
    Arrival:         02/24/2026 20:49:51  PlannedDeparture: 02/25/2026 00:00:50
    Required Energy: 70.39999961853027 kWh  Critical
    Exclude after:   
    Ignored till:    
    Schedule:        [16.0,16.0,16.0,0.0,0.0,0.0,0.0,0.0,0.0,0.0,0.0,0.0,0.0,0.0,0.0,0.0,0.0,0.0,0.0,0.0,0.0,0.0,0.0,0.0]
  22030428/2
    State:           Excluded {ChargingPausedByEv}
    Target:          0 A  Last: 0 A
    Current:         (0, 0, 0) A  Smoothed: (0, 0, 0) A
    Vehicle Limits:  Min: 6 A  Max: 16 A  Known
    Phase:           L123
    Arrival:         02/24/2026 19:36:48  PlannedDeparture: 02/25/2026 00:00:50
    Required Energy: 66.79999923706056 kWh  Critical
    Exclude after:   02/24/2026 23:29:45
    Ignored till:    
    Schedule:        [16.0,16.0,16.0,0.0,0.0,0.0,0.0,0.0,0.0,0.0,0.0,0.0,0.0,0.0,0.0,0.0,0.0,0.0,0.0,0.0,0.0,0.0,0.0,0.0]
2026-02-25 00:00:55 Verb  <#5> [Scheduler] - Instant solver finished in 84.4958 ms for 1/2 connectors
2026-02-25 00:00:55 Verb  <#5> [Scheduler] - Instant update result:
Available:   (32, 32, 32) A
Surplus:     (16, 16, 16)
Cluster Max: (32, 32, 32) A
Load Guard:
    Current:     (0, 0, 0; 0) A  Smoothed: (0, 0, 0) A
    Power:       (0, 0, 0: 0) kW
    Last Update: 01/01/0001 00:00:00  Offline
Connectors:
  22030428/1
    State:           Charging {Charging}
    Target:          16 A  Last: 16 A
    Current:         (15.583, 15.134, 14.975) A  Smoothed: (15.582297, 15.133811, 14.973209) A
    Vehicle Limits:  Min: 6 A  Max: 16 A  Known
    Phase:           L123
    Arrival:         02/24/2026 20:49:51  PlannedDeparture: 02/25/2026 00:00:50
    Required Energy: 70.39999961853027 kWh  Critical
    Exclude after:   
    Ignored till:    
    Schedule:        [16.0,16.0,16.0,0.0,0.0,0.0,0.0,0.0,0.0,0.0,0.0,0.0,0.0,0.0,0.0,0.0,0.0,0.0,0.0,0.0,0.0,0.0,0.0,0.0]
  22030428/2
    State:           Excluded {ChargingPausedByEv}
    Target:          0 A  Last: 0 A
    Current:         (0, 0, 0) A  Smoothed: (0, 0, 0) A
    Vehicle Limits:  Min: 6 A  Max: 16 A  Known
    Phase:           L123
    Arrival:         02/24/2026 19:36:48  PlannedDeparture: 02/25/2026 00:00:50
    Required Energy: 66.79999923706056 kWh  Critical
    Exclude after:   02/24/2026 23:29:45
    Ignored till:    
    Schedule:        [16.0,16.0,16.0,0.0,0.0,0.0,0.0,0.0,0.0,0.0,0.0,0.0,0.0,0.0,0.0,0.0,0.0,0.0,0.0,0.0,0.0,0.0,0.0,0.0]
2026-02-25 00:00:57 Verb  <#5> [Scheduler] - Instant solver finished in 68.2964 ms for 1/2 connectors
2026-02-25 00:00:57 Verb  <#5> [Scheduler] - Instant update result:
Available:   (32, 32, 32) A
Surplus:     (16, 16, 16)
Cluster Max: (32, 32, 32) A
Load Guard:
    Current:     (0, 0, 0; 0) A  Smoothed: (0, 0, 0) A
    Power:       (0, 0, 0: 0) kW
    Last Update: 01/01/0001 00:00:00  Offline
Connectors:
  22030428/1
    State:           Charging {Charging}
    Target:          16 A  Last: 16 A
    Current:         (15.583, 15.134, 14.975) A  Smoothed: (15.582719, 15.1339245, 14.974284) A
    Vehicle Limits:  Min: 6 A  Max: 16 A  Known
    Phase:           L123
    Arrival:         02/24/2026 20:49:51  PlannedDeparture: 02/25/2026 00:00:50
    Required Energy: 70.39999961853027 kWh  Critical
    Exclude after:   
    Ignored till:    
    Schedule:        [16.0,16.0,16.0,0.0,0.0,0.0,0.0,0.0,0.0,0.0,0.0,0.0,0.0,0.0,0.0,0.0,0.0,0.0,0.0,0.0,0.0,0.0,0.0,0.0]
  22030428/2
    State:           Excluded {ChargingPausedByEv}
    Target:          0 A  Last: 0 A
    Current:         (0, 0, 0) A  Smoothed: (0, 0, 0) A
    Vehicle Limits:  Min: 6 A  Max: 16 A  Known
    Phase:           L123
    Arrival:         02/24/2026 19:36:48  PlannedDeparture: 02/25/2026 00:00:50
    Required Energy: 66.79999923706056 kWh  Critical
    Exclude after:   02/24/2026 23:29:45
    Ignored till:    
    Schedule:        [16.0,16.0,16.0,0.0,0.0,0.0,0.0,0.0,0.0,0.0,0.0,0.0,0.0,0.0,0.0,0.0,0.0,0.0,0.0,0.0,0.0,0.0,0.0,0.0]
2026-02-25 00:00:59 Verb  <#5> [Scheduler] - Instant solver finished in 144.5409 ms for 1/2 connectors
2026-02-25 00:00:59 Verb  <#5> [Scheduler] - Instant update result:
Available:   (32, 32, 32) A
Surplus:     (16, 16, 16)
Cluster Max: (32, 32, 32) A
Load Guard:
    Current:     (0, 0, 0; 0) A  Smoothed: (0, 0, 0) A
    Power:       (0, 0, 0: 0) kW
    Last Update: 01/01/0001 00:00:00  Offline
Connectors:
  22030428/1
    State:           Charging {Charging}
    Target:          16 A  Last: 16 A
    Current:         (15.583, 15.134, 14.975) A  Smoothed: (15.582888, 15.133969, 14.974714) A
    Vehicle Limits:  Min: 6 A  Max: 16 A  Known
    Phase:           L123
    Arrival:         02/24/2026 20:49:51  PlannedDeparture: 02/25/2026 00:00:50
    Required Energy: 70.39999961853027 kWh  Critical
    Exclude after:   
    Ignored till:    
    Schedule:        [16.0,16.0,16.0,0.0,0.0,0.0,0.0,0.0,0.0,0.0,0.0,0.0,0.0,0.0,0.0,0.0,0.0,0.0,0.0,0.0,0.0,0.0,0.0,0.0]
  22030428/2
    State:           Excluded {ChargingPausedByEv}
    Target:          0 A  Last: 0 A
    Current:         (0, 0, 0) A  Smoothed: (0, 0, 0) A
    Vehicle Limits:  Min: 6 A  Max: 16 A  Known
    Phase:           L123
    Arrival:         02/24/2026 19:36:48  PlannedDeparture: 02/25/2026 00:00:50
    Required Energy: 66.79999923706056 kWh  Critical
    Exclude after:   02/24/2026 23:29:45
    Ignored till:    
    Schedule:        [16.0,16.0,16.0,0.0,0.0,0.0,0.0,0.0,0.0,0.0,0.0,0.0,0.0,0.0,0.0,0.0,0.0,0.0,0.0,0.0,0.0,0.0,0.0,0.0]
2026-02-25 00:01:01 Verb  <#5> [Scheduler] - Instant solver finished in 91.2516 ms for 1/2 connectors
2026-02-25 00:01:01 Verb  <#5> [Scheduler] - Instant update result:
Available:   (32, 32, 32) A
Surplus:     (16, 16, 16)
Cluster Max: (32, 32, 32) A
Load Guard:
    Current:     (0, 0, 0; 0) A  Smoothed: (0, 0, 0) A
    Power:       (0, 0, 0: 0) kW
    Last Update: 01/01/0001 00:00:00  Offline
Connectors:
  22030428/1
    State:           Charging {Charging}
    Target:          16 A  Last: 16 A
    Current:         (15.583, 15.134, 14.975) A  Smoothed: (15.582955, 15.133987, 14.974886) A
    Vehicle Limits:  Min: 6 A  Max: 16 A  Known
    Phase:           L123
    Arrival:         02/24/2026 20:49:51  PlannedDeparture: 02/25/2026 00:00:50
    Required Energy: 70.39999961853027 kWh  Critical
    Exclude after:   
    Ignored till:    
    Schedule:        [16.0,16.0,16.0,0.0,0.0,0.0,0.0,0.0,0.0,0.0,0.0,0.0,0.0,0.0,0.0,0.0,0.0,0.0,0.0,0.0,0.0,0.0,0.0,0.0]
  22030428/2
    State:           Excluded {ChargingPausedByEv}
    Target:          0 A  Last: 0 A
    Current:         (0, 0, 0) A  Smoothed: (0, 0, 0) A
    Vehicle Limits:  Min: 6 A  Max: 16 A  Known
    Phase:           L123
    Arrival:         02/24/2026 19:36:48  PlannedDeparture: 02/25/2026 00:00:50
    Required Energy: 66.79999923706056 kWh  Critical
    Exclude after:   02/24/2026 23:29:45
    Ignored till:    
    Schedule:        [16.0,16.0,16.0,0.0,0.0,0.0,0.0,0.0,0.0,0.0,0.0,0.0,0.0,0.0,0.0,0.0,0.0,0.0,0.0,0.0,0.0,0.0,0.0,0.0]
2026-02-25 00:01:03 Verb  <#5> [Scheduler] - Instant solver finished in 91.1862 ms for 1/2 connectors
2026-02-25 00:01:03 Verb  <#5> [Scheduler] - Instant update result:
Available:   (32, 32, 32) A
Surplus:     (16, 16, 16)
Cluster Max: (32, 32, 32) A
Load Guard:
    Current:     (0, 0, 0; 0) A  Smoothed: (0, 0, 0) A
    Power:       (0, 0, 0: 0) kW
    Last Update: 01/01/0001 00:00:00  Offline
Connectors:
  22030428/1
    State:           Charging {Charging}
    Target:          16 A  Last: 16 A
    Current:         (15.583, 15.134, 14.975) A  Smoothed: (15.582982, 15.133995, 14.974955) A
    Vehicle Limits:  Min: 6 A  Max: 16 A  Known
    Phase:           L123
    Arrival:         02/24/2026 20:49:51  PlannedDeparture: 02/25/2026 00:00:50
    Required Energy: 70.39999961853027 kWh  Critical
    Exclude after:   
    Ignored till:    
    Schedule:        [16.0,16.0,16.0,0.0,0.0,0.0,0.0,0.0,0.0,0.0,0.0,0.0,0.0,0.0,0.0,0.0,0.0,0.0,0.0,0.0,0.0,0.0,0.0,0.0]
  22030428/2
    State:           Excluded {ChargingPausedByEv}
    Target:          0 A  Last: 0 A
    Current:         (0, 0, 0) A  Smoothed: (0, 0, 0) A
    Vehicle Limits:  Min: 6 A  Max: 16 A  Known
    Phase:           L123
    Arrival:         02/24/2026 19:36:48  PlannedDeparture: 02/25/2026 00:00:50
    Required Energy: 66.79999923706056 kWh  Critical
    Exclude after:   02/24/2026 23:29:45
    Ignored till:    
    Schedule:        [16.0,16.0,16.0,0.0,0.0,0.0,0.0,0.0,0.0,0.0,0.0,0.0,0.0,0.0,0.0,0.0,0.0,0.0,0.0,0.0,0.0,0.0,0.0,0.0]
2026-02-25 00:01:05 Verb  <#51> [Scheduler] - Instant solver finished in 76.7825 ms for 1/2 connectors
2026-02-25 00:01:05 Verb  <#51> [Scheduler] - Instant update result:
Available:   (32, 32, 32) A
Surplus:     (16, 16, 16)
Cluster Max: (32, 32, 32) A
Load Guard:
    Current:     (0, 0, 0; 0) A  Smoothed: (0, 0, 0) A
    Power:       (0, 0, 0: 0) kW
    Last Update: 01/01/0001 00:00:00  Offline
Connectors:
  22030428/1
    State:           Charging {Charging}
    Target:          16 A  Last: 16 A
    Current:         (15.583, 15.134, 14.975) A  Smoothed: (15.582993, 15.133998, 14.974982) A
    Vehicle Limits:  Min: 6 A  Max: 16 A  Known
    Phase:           L123
    Arrival:         02/24/2026 20:49:51  PlannedDeparture: 02/25/2026 00:00:50
    Required Energy: 70.39999961853027 kWh  Critical
    Exclude after:   
    Ignored till:    
    Schedule:        [16.0,16.0,16.0,0.0,0.0,0.0,0.0,0.0,0.0,0.0,0.0,0.0,0.0,0.0,0.0,0.0,0.0,0.0,0.0,0.0,0.0,0.0,0.0,0.0]
  22030428/2
    State:           Excluded {ChargingPausedByEv}
    Target:          0 A  Last: 0 A
    Current:         (0, 0, 0) A  Smoothed: (0, 0, 0) A
    Vehicle Limits:  Min: 6 A  Max: 16 A  Known
    Phase:           L123
    Arrival:         02/24/2026 19:36:48  PlannedDeparture: 02/25/2026 00:00:50
    Required Energy: 66.79999923706056 kWh  Critical
    Exclude after:   02/24/2026 23:29:45
    Ignored till:    
    Schedule:        [16.0,16.0,16.0,0.0,0.0,0.0,0.0,0.0,0.0,0.0,0.0,0.0,0.0,0.0,0.0,0.0,0.0,0.0,0.0,0.0,0.0,0.0,0.0,0.0]
2026-02-25 00:01:07 Verb  <#51> [Scheduler] - Instant solver finished in 279.34 ms for 1/2 connectors
2026-02-25 00:01:08 Verb  <#51> [Scheduler] - Instant update result:
Available:   (32, 32, 32) A
Surplus:     (16, 16, 16)
Cluster Max: (32, 32, 32) A
Load Guard:
    Current:     (0, 0, 0; 0) A  Smoothed: (0, 0, 0) A
    Power:       (0, 0, 0: 0) kW
    Last Update: 01/01/0001 00:00:00  Offline
Connectors:
  22030428/1
    State:           Charging {Charging}
    Target:          16 A  Last: 16 A
    Current:         (15.583, 15.134, 14.975) A  Smoothed: (15.582997, 15.133999, 14.974993) A
    Vehicle Limits:  Min: 6 A  Max: 16 A  Known
    Phase:           L123
    Arrival:         02/24/2026 20:49:51  PlannedDeparture: 02/25/2026 00:00:50
    Required Energy: 70.39999961853027 kWh  Critical
    Exclude after:   
    Ignored till:    
    Schedule:        [16.0,16.0,16.0,0.0,0.0,0.0,0.0,0.0,0.0,0.0,0.0,0.0,0.0,0.0,0.0,0.0,0.0,0.0,0.0,0.0,0.0,0.0,0.0,0.0]
  22030428/2
    State:           Excluded {ChargingPausedByEv}
    Target:          0 A  Last: 0 A
    Current:         (0, 0, 0) A  Smoothed: (0, 0, 0) A
    Vehicle Limits:  Min: 6 A  Max: 16 A  Known
    Phase:           L123
    Arrival:         02/24/2026 19:36:48  PlannedDeparture: 02/25/2026 00:00:50
    Required Energy: 66.79999923706056 kWh  Critical
    Exclude after:   02/24/2026 23:29:45
    Ignored till:    
    Schedule:        [16.0,16.0,16.0,0.0,0.0,0.0,0.0,0.0,0.0,0.0,0.0,0.0,0.0,0.0,0.0,0.0,0.0,0.0,0.0,0.0,0.0,0.0,0.0,0.0]
2026-02-25 00:01:10 Verb  <#51> [Scheduler] - Instant solver finished in 80.2976 ms for 1/2 connectors
2026-02-25 00:01:10 Verb  <#51> [Scheduler] - Instant update result:
Available:   (32, 32, 32) A
Surplus:     (16, 16, 16)
Cluster Max: (32, 32, 32) A
Load Guard:
    Current:     (0, 0, 0; 0) A  Smoothed: (0, 0, 0) A
    Power:       (0, 0, 0: 0) kW
    Last Update: 01/01/0001 00:00:00  Offline
Connectors:
  22030428/1
    State:           Charging {Charging}
    Target:          16 A  Last: 16 A
    Current:         (15.583, 15.134, 14.975) A  Smoothed: (15.582999, 15.134, 14.9749975) A
    Vehicle Limits:  Min: 6 A  Max: 16 A  Known
    Phase:           L123
    Arrival:         02/24/2026 20:49:51  PlannedDeparture: 02/25/2026 00:00:50
    Required Energy: 70.39999961853027 kWh  Critical
    Exclude after:   
    Ignored till:    
    Schedule:        [16.0,16.0,16.0,0.0,0.0,0.0,0.0,0.0,0.0,0.0,0.0,0.0,0.0,0.0,0.0,0.0,0.0,0.0,0.0,0.0,0.0,0.0,0.0,0.0]
  22030428/2
    State:           Excluded {ChargingPausedByEv}
    Target:          0 A  Last: 0 A
    Current:         (0, 0, 0) A  Smoothed: (0, 0, 0) A
    Vehicle Limits:  Min: 6 A  Max: 16 A  Known
    Phase:           L123
    Arrival:         02/24/2026 19:36:48  PlannedDeparture: 02/25/2026 00:00:50
    Required Energy: 66.79999923706056 kWh  Critical
    Exclude after:   02/24/2026 23:29:45
    Ignored till:    
    Schedule:        [16.0,16.0,16.0,0.0,0.0,0.0,0.0,0.0,0.0,0.0,0.0,0.0,0.0,0.0,0.0,0.0,0.0,0.0,0.0,0.0,0.0,0.0,0.0,0.0]
2026-02-25 00:01:12 Verb  <#29> [Scheduler] - Instant solver finished in 112.7977 ms for 1/2 connectors
2026-02-25 00:01:12 Verb  <#29> [Scheduler] - Instant update result:
Available:   (32, 32, 32) A
Surplus:     (16, 16, 16)
Cluster Max: (32, 32, 32) A
Load Guard:
    Current:     (0, 0, 0; 0) A  Smoothed: (0, 0, 0) A
    Power:       (0, 0, 0: 0) kW
    Last Update: 01/01/0001 00:00:00  Offline
Connectors:
  22030428/1
    State:           Charging {Charging}
    Target:          16 A  Last: 16 A
    Current:         (15.583, 15.134, 14.975) A  Smoothed: (15.583, 15.134, 14.974999) A
    Vehicle Limits:  Min: 6 A  Max: 16 A  Known
    Phase:           L123
    Arrival:         02/24/2026 20:49:51  PlannedDeparture: 02/25/2026 00:00:50
    Required Energy: 70.39999961853027 kWh  Critical
    Exclude after:   
    Ignored till:    
    Schedule:        [16.0,16.0,16.0,0.0,0.0,0.0,0.0,0.0,0.0,0.0,0.0,0.0,0.0,0.0,0.0,0.0,0.0,0.0,0.0,0.0,0.0,0.0,0.0,0.0]
  22030428/2
    State:           Excluded {ChargingPausedByEv}
    Target:          0 A  Last: 0 A
    Current:         (0, 0, 0) A  Smoothed: (0, 0, 0) A
    Vehicle Limits:  Min: 6 A  Max: 16 A  Known
    Phase:           L123
    Arrival:         02/24/2026 19:36:48  PlannedDeparture: 02/25/2026 00:00:50
    Required Energy: 66.79999923706056 kWh  Critical
    Exclude after:   02/24/2026 23:29:45
    Ignored till:    
    Schedule:        [16.0,16.0,16.0,0.0,0.0,0.0,0.0,0.0,0.0,0.0,0.0,0.0,0.0,0.0,0.0,0.0,0.0,0.0,0.0,0.0,0.0,0.0,0.0,0.0]
2026-02-25 00:01:14 Verb  <#29> [Scheduler] - Instant solver finished in 106.7718 ms for 1/2 connectors
2026-02-25 00:01:14 Verb  <#29> [Scheduler] - Instant update result:
Available:   (32, 32, 32) A
Surplus:     (16, 16, 16)
Cluster Max: (32, 32, 32) A
Load Guard:
    Current:     (0, 0, 0; 0) A  Smoothed: (0, 0, 0) A
    Power:       (0, 0, 0: 0) kW
    Last Update: 01/01/0001 00:00:00  Offline
Connectors:
  22030428/1
    State:           Charging {Charging}
    Target:          16 A  Last: 16 A
    Current:         (15.58, 15.159, 14.975) A  Smoothed: (15.58048, 15.155001, 14.975) A
    Vehicle Limits:  Min: 6 A  Max: 16 A  Known
    Phase:           L123
    Arrival:         02/24/2026 20:49:51  PlannedDeparture: 02/25/2026 00:00:50
    Required Energy: 70.39999961853027 kWh  Critical
    Exclude after:   
    Ignored till:    
    Schedule:        [16.0,16.0,16.0,0.0,0.0,0.0,0.0,0.0,0.0,0.0,0.0,0.0,0.0,0.0,0.0,0.0,0.0,0.0,0.0,0.0,0.0,0.0,0.0,0.0]
  22030428/2
    State:           Excluded {ChargingPausedByEv}
    Target:          0 A  Last: 0 A
    Current:         (0, 0, 0) A  Smoothed: (0, 0, 0) A
    Vehicle Limits:  Min: 6 A  Max: 16 A  Known
    Phase:           L123
    Arrival:         02/24/2026 19:36:48  PlannedDeparture: 02/25/2026 00:00:50
    Required Energy: 66.79999923706056 kWh  Critical
    Exclude after:   02/24/2026 23:29:45
    Ignored till:    
    Schedule:        [16.0,16.0,16.0,0.0,0.0,0.0,0.0,0.0,0.0,0.0,0.0,0.0,0.0,0.0,0.0,0.0,0.0,0.0,0.0,0.0,0.0,0.0,0.0,0.0]
2026-02-25 00:01:16 Verb  <#51> [Scheduler] - Instant solver finished in 112.9059 ms for 1/2 connectors
2026-02-25 00:01:16 Verb  <#51> [Scheduler] - Instant update result:
Available:   (32, 32, 32) A
Surplus:     (16, 16, 16)
Cluster Max: (32, 32, 32) A
Load Guard:
    Current:     (0, 0, 0; 0) A  Smoothed: (0, 0, 0) A
    Power:       (0, 0, 0: 0) kW
    Last Update: 01/01/0001 00:00:00  Offline
Connectors:
  22030428/1
    State:           Charging {Charging}
    Target:          16 A  Last: 16 A
    Current:         (15.58, 15.159, 14.975) A  Smoothed: (15.580192, 15.1574, 14.975) A
    Vehicle Limits:  Min: 6 A  Max: 16 A  Known
    Phase:           L123
    Arrival:         02/24/2026 20:49:51  PlannedDeparture: 02/25/2026 00:00:50
    Required Energy: 70.39999961853027 kWh  Critical
    Exclude after:   
    Ignored till:    
    Schedule:        [16.0,16.0,16.0,0.0,0.0,0.0,0.0,0.0,0.0,0.0,0.0,0.0,0.0,0.0,0.0,0.0,0.0,0.0,0.0,0.0,0.0,0.0,0.0,0.0]
  22030428/2
    State:           Excluded {ChargingPausedByEv}
    Target:          0 A  Last: 0 A
    Current:         (0, 0, 0) A  Smoothed: (0, 0, 0) A
    Vehicle Limits:  Min: 6 A  Max: 16 A  Known
    Phase:           L123
    Arrival:         02/24/2026 19:36:48  PlannedDeparture: 02/25/2026 00:00:50
    Required Energy: 66.79999923706056 kWh  Critical
    Exclude after:   02/24/2026 23:29:45
    Ignored till:    
    Schedule:        [16.0,16.0,16.0,0.0,0.0,0.0,0.0,0.0,0.0,0.0,0.0,0.0,0.0,0.0,0.0,0.0,0.0,0.0,0.0,0.0,0.0,0.0,0.0,0.0]
2026-02-25 00:01:18 Verb  <#29> [Scheduler] - Instant solver finished in 190.2347 ms for 1/2 connectors
2026-02-25 00:01:18 Verb  <#29> [Scheduler] - Instant update result:
Available:   (32, 32, 32) A
Surplus:     (16, 16, 16)
Cluster Max: (32, 32, 32) A
Load Guard:
    Current:     (0, 0, 0; 0) A  Smoothed: (0, 0, 0) A
    Power:       (0, 0, 0: 0) kW
    Last Update: 01/01/0001 00:00:00  Offline
Connectors:
  22030428/1
    State:           Charging {Charging}
    Target:          16 A  Last: 16 A
    Current:         (15.58, 15.159, 14.975) A  Smoothed: (15.580076, 15.1583605, 14.975) A
    Vehicle Limits:  Min: 6 A  Max: 16 A  Known
    Phase:           L123
    Arrival:         02/24/2026 20:49:51  PlannedDeparture: 02/25/2026 00:00:50
    Required Energy: 70.39999961853027 kWh  Critical
    Exclude after:   
    Ignored till:    
    Schedule:        [16.0,16.0,16.0,0.0,0.0,0.0,0.0,0.0,0.0,0.0,0.0,0.0,0.0,0.0,0.0,0.0,0.0,0.0,0.0,0.0,0.0,0.0,0.0,0.0]
  22030428/2
    State:           Excluded {ChargingPausedByEv}
    Target:          0 A  Last: 0 A
    Current:         (0, 0, 0) A  Smoothed: (0, 0, 0) A
    Vehicle Limits:  Min: 6 A  Max: 16 A  Known
    Phase:           L123
    Arrival:         02/24/2026 19:36:48  PlannedDeparture: 02/25/2026 00:00:50
    Required Energy: 66.79999923706056 kWh  Critical
    Exclude after:   02/24/2026 23:29:45
    Ignored till:    
    Schedule:        [16.0,16.0,16.0,0.0,0.0,0.0,0.0,0.0,0.0,0.0,0.0,0.0,0.0,0.0,0.0,0.0,0.0,0.0,0.0,0.0,0.0,0.0,0.0,0.0]
2026-02-25 00:01:21 Verb  <#66> [Scheduler] - Instant solver finished in 332.23 ms for 1/2 connectors
2026-02-25 00:01:21 Verb  <#66> [Scheduler] - Instant update result:
Available:   (32, 32, 32) A
Surplus:     (16, 16, 16)
Cluster Max: (32, 32, 32) A
Load Guard:
    Current:     (0, 0, 0; 0) A  Smoothed: (0, 0, 0) A
    Power:       (0, 0, 0: 0) kW
    Last Update: 01/01/0001 00:00:00  Offline
Connectors:
  22030428/1
    State:           Charging {Charging}
    Target:          16 A  Last: 16 A
    Current:         (15.58, 15.159, 14.975) A  Smoothed: (15.58003, 15.158745, 14.975) A
    Vehicle Limits:  Min: 6 A  Max: 16 A  Known
    Phase:           L123
    Arrival:         02/24/2026 20:49:51  PlannedDeparture: 02/25/2026 00:00:50
    Required Energy: 70.39999961853027 kWh  Critical
    Exclude after:   
    Ignored till:    
    Schedule:        [16.0,16.0,16.0,0.0,0.0,0.0,0.0,0.0,0.0,0.0,0.0,0.0,0.0,0.0,0.0,0.0,0.0,0.0,0.0,0.0,0.0,0.0,0.0,0.0]
  22030428/2
    State:           Excluded {ChargingPausedByEv}
    Target:          0 A  Last: 0 A
    Current:         (0, 0, 0) A  Smoothed: (0, 0, 0) A
    Vehicle Limits:  Min: 6 A  Max: 16 A  Known
    Phase:           L123
    Arrival:         02/24/2026 19:36:48  PlannedDeparture: 02/25/2026 00:00:50
    Required Energy: 66.79999923706056 kWh  Critical
    Exclude after:   02/24/2026 23:29:45
    Ignored till:    
    Schedule:        [16.0,16.0,16.0,0.0,0.0,0.0,0.0,0.0,0.0,0.0,0.0,0.0,0.0,0.0,0.0,0.0,0.0,0.0,0.0,0.0,0.0,0.0,0.0,0.0]
2026-02-25 00:01:23 Verb  <#51> [Scheduler] - Instant solver finished in 73.0478 ms for 1/2 connectors
2026-02-25 00:01:23 Verb  <#51> [Scheduler] - Instant update result:
Available:   (32, 32, 32) A
Surplus:     (16, 16, 16)
Cluster Max: (32, 32, 32) A
Load Guard:
    Current:     (0, 0, 0; 0) A  Smoothed: (0, 0, 0) A
    Power:       (0, 0, 0: 0) kW
    Last Update: 01/01/0001 00:00:00  Offline
Connectors:
  22030428/1
    State:           Charging {Charging}
    Target:          16 A  Last: 16 A
    Current:         (15.595, 15.067, 15.002) A  Smoothed: (15.592605, 15.081679, 14.99768) A
    Vehicle Limits:  Min: 6 A  Max: 16 A  Known
    Phase:           L123
    Arrival:         02/24/2026 20:49:51  PlannedDeparture: 02/25/2026 00:01:21
    Required Energy: 70.29999923706053 kWh  Critical
    Exclude after:   
    Ignored till:    
    Schedule:        [16.0,16.0,16.0,0.0,0.0,0.0,0.0,0.0,0.0,0.0,0.0,0.0,0.0,0.0,0.0,0.0,0.0,0.0,0.0,0.0,0.0,0.0,0.0,0.0]
  22030428/2
    State:           Excluded {ChargingPausedByEv}
    Target:          0 A  Last: 0 A
    Current:         (0, 0, 0) A  Smoothed: (0, 0, 0) A
    Vehicle Limits:  Min: 6 A  Max: 16 A  Known
    Phase:           L123
    Arrival:         02/24/2026 19:36:48  PlannedDeparture: 02/25/2026 00:01:21
    Required Energy: 66.79999923706056 kWh  Critical
    Exclude after:   02/24/2026 23:29:45
    Ignored till:    
    Schedule:        [16.0,16.0,16.0,0.0,0.0,0.0,0.0,0.0,0.0,0.0,0.0,0.0,0.0,0.0,0.0,0.0,0.0,0.0,0.0,0.0,0.0,0.0,0.0,0.0]
2026-02-25 00:01:25 Verb  <#51> [Scheduler] - Instant solver finished in 100.1132 ms for 1/2 connectors
2026-02-25 00:01:25 Verb  <#51> [Scheduler] - Instant update result:
Available:   (32, 32, 32) A
Surplus:     (16, 16, 16)
Cluster Max: (32, 32, 32) A
Load Guard:
    Current:     (0, 0, 0; 0) A  Smoothed: (0, 0, 0) A
    Power:       (0, 0, 0: 0) kW
    Last Update: 01/01/0001 00:00:00  Offline
Connectors:
  22030428/1
    State:           Charging {Charging}
    Target:          16 A  Last: 16 A
    Current:         (15.595, 15.067, 15.002) A  Smoothed: (15.594042, 15.072872, 15.000272) A
    Vehicle Limits:  Min: 6 A  Max: 16 A  Known
    Phase:           L123
    Arrival:         02/24/2026 20:49:51  PlannedDeparture: 02/25/2026 00:01:21
    Required Energy: 70.29999923706053 kWh  Critical
    Exclude after:   
    Ignored till:    
    Schedule:        [16.0,16.0,16.0,0.0,0.0,0.0,0.0,0.0,0.0,0.0,0.0,0.0,0.0,0.0,0.0,0.0,0.0,0.0,0.0,0.0,0.0,0.0,0.0,0.0]
  22030428/2
    State:           Excluded {ChargingPausedByEv}
    Target:          0 A  Last: 0 A
    Current:         (0, 0, 0) A  Smoothed: (0, 0, 0) A
    Vehicle Limits:  Min: 6 A  Max: 16 A  Known
    Phase:           L123
    Arrival:         02/24/2026 19:36:48  PlannedDeparture: 02/25/2026 00:01:21
    Required Energy: 66.79999923706056 kWh  Critical
    Exclude after:   02/24/2026 23:29:45
    Ignored till:    
    Schedule:        [16.0,16.0,16.0,0.0,0.0,0.0,0.0,0.0,0.0,0.0,0.0,0.0,0.0,0.0,0.0,0.0,0.0,0.0,0.0,0.0,0.0,0.0,0.0,0.0]
2026-02-25 00:01:27 Verb  <#51> [Scheduler] - Instant solver finished in 104.0036 ms for 1/2 connectors
2026-02-25 00:01:27 Verb  <#51> [Scheduler] - Instant update result:
Available:   (32, 32, 32) A
Surplus:     (16, 16, 16)
Cluster Max: (32, 32, 32) A
Load Guard:
    Current:     (0, 0, 0; 0) A  Smoothed: (0, 0, 0) A
    Power:       (0, 0, 0: 0) kW
    Last Update: 01/01/0001 00:00:00  Offline
Connectors:
  22030428/1
    State:           Charging {Charging}
    Target:          16 A  Last: 16 A
    Current:         (15.595, 15.067, 15.002) A  Smoothed: (15.594617, 15.069349, 15.001308) A
    Vehicle Limits:  Min: 6 A  Max: 16 A  Known
    Phase:           L123
    Arrival:         02/24/2026 20:49:51  PlannedDeparture: 02/25/2026 00:01:21
    Required Energy: 70.29999923706053 kWh  Critical
    Exclude after:   
    Ignored till:    
    Schedule:        [16.0,16.0,16.0,0.0,0.0,0.0,0.0,0.0,0.0,0.0,0.0,0.0,0.0,0.0,0.0,0.0,0.0,0.0,0.0,0.0,0.0,0.0,0.0,0.0]
  22030428/2
    State:           Excluded {ChargingPausedByEv}
    Target:          0 A  Last: 0 A
    Current:         (0, 0, 0) A  Smoothed: (0, 0, 0) A
    Vehicle Limits:  Min: 6 A  Max: 16 A  Known
    Phase:           L123
    Arrival:         02/24/2026 19:36:48  PlannedDeparture: 02/25/2026 00:01:21
    Required Energy: 66.79999923706056 kWh  Critical
    Exclude after:   02/24/2026 23:29:45
    Ignored till:    
    Schedule:        [16.0,16.0,16.0,0.0,0.0,0.0,0.0,0.0,0.0,0.0,0.0,0.0,0.0,0.0,0.0,0.0,0.0,0.0,0.0,0.0,0.0,0.0,0.0,0.0]
2026-02-25 00:01:29 Verb  <#51> [Scheduler] - Instant solver finished in 94.3864 ms for 1/2 connectors
2026-02-25 00:01:29 Verb  <#51> [Scheduler] - Instant update result:
Available:   (32, 32, 32) A
Surplus:     (16, 16, 16)
Cluster Max: (32, 32, 32) A
Load Guard:
    Current:     (0, 0, 0; 0) A  Smoothed: (0, 0, 0) A
    Power:       (0, 0, 0: 0) kW
    Last Update: 01/01/0001 00:00:00  Offline
Connectors:
  22030428/1
    State:           Charging {Charging}
    Target:          16 A  Last: 16 A
    Current:         (15.595, 15.067, 15.002) A  Smoothed: (15.594847, 15.06794, 15.001723) A
    Vehicle Limits:  Min: 6 A  Max: 16 A  Known
    Phase:           L123
    Arrival:         02/24/2026 20:49:51  PlannedDeparture: 02/25/2026 00:01:21
    Required Energy: 70.29999923706053 kWh  Critical
    Exclude after:   
    Ignored till:    
    Schedule:        [16.0,16.0,16.0,0.0,0.0,0.0,0.0,0.0,0.0,0.0,0.0,0.0,0.0,0.0,0.0,0.0,0.0,0.0,0.0,0.0,0.0,0.0,0.0,0.0]
  22030428/2
    State:           Excluded {ChargingPausedByEv}
    Target:          0 A  Last: 0 A
    Current:         (0, 0, 0) A  Smoothed: (0, 0, 0) A
    Vehicle Limits:  Min: 6 A  Max: 16 A  Known
    Phase:           L123
    Arrival:         02/24/2026 19:36:48  PlannedDeparture: 02/25/2026 00:01:21
    Required Energy: 66.79999923706056 kWh  Critical
    Exclude after:   02/24/2026 23:29:45
    Ignored till:    
    Schedule:        [16.0,16.0,16.0,0.0,0.0,0.0,0.0,0.0,0.0,0.0,0.0,0.0,0.0,0.0,0.0,0.0,0.0,0.0,0.0,0.0,0.0,0.0,0.0,0.0]
2026-02-25 00:01:31 Verb  <#51> [Scheduler] - Instant solver finished in 182.1709 ms for 1/2 connectors
2026-02-25 00:01:31 Verb  <#51> [Scheduler] - Instant update result:
Available:   (32, 32, 32) A
Surplus:     (16, 16, 16)
Cluster Max: (32, 32, 32) A
Load Guard:
    Current:     (0, 0, 0; 0) A  Smoothed: (0, 0, 0) A
    Power:       (0, 0, 0: 0) kW
    Last Update: 01/01/0001 00:00:00  Offline
Connectors:
  22030428/1
    State:           Charging {Charging}
    Target:          16 A  Last: 16 A
    Current:         (15.595, 15.067, 15.002) A  Smoothed: (15.594939, 15.067376, 15.001889) A
    Vehicle Limits:  Min: 6 A  Max: 16 A  Known
    Phase:           L123
    Arrival:         02/24/2026 20:49:51  PlannedDeparture: 02/25/2026 00:01:21
    Required Energy: 70.29999923706053 kWh  Critical
    Exclude after:   
    Ignored till:    
    Schedule:        [16.0,16.0,16.0,0.0,0.0,0.0,0.0,0.0,0.0,0.0,0.0,0.0,0.0,0.0,0.0,0.0,0.0,0.0,0.0,0.0,0.0,0.0,0.0,0.0]
  22030428/2
    State:           Excluded {ChargingPausedByEv}
    Target:          0 A  Last: 0 A
    Current:         (0, 0, 0) A  Smoothed: (0, 0, 0) A
    Vehicle Limits:  Min: 6 A  Max: 16 A  Known
    Phase:           L123
    Arrival:         02/24/2026 19:36:48  PlannedDeparture: 02/25/2026 00:01:21
    Required Energy: 66.79999923706056 kWh  Critical
    Exclude after:   02/24/2026 23:29:45
    Ignored till:    
    Schedule:        [16.0,16.0,16.0,0.0,0.0,0.0,0.0,0.0,0.0,0.0,0.0,0.0,0.0,0.0,0.0,0.0,0.0,0.0,0.0,0.0,0.0,0.0,0.0,0.0]
2026-02-25 00:01:33 Verb  <#51> [Scheduler] - Instant solver finished in 148.3333 ms for 1/2 connectors
2026-02-25 00:01:33 Verb  <#51> [Scheduler] - Instant update result:
Available:   (32, 32, 32) A
Surplus:     (16, 16, 16)
Cluster Max: (32, 32, 32) A
Load Guard:
    Current:     (0, 0, 0; 0) A  Smoothed: (0, 0, 0) A
    Power:       (0, 0, 0: 0) kW
    Last Update: 01/01/0001 00:00:00  Offline
Connectors:
  22030428/1
    State:           Charging {Charging}
    Target:          16 A  Last: 16 A
    Current:         (15.595, 15.067, 15.002) A  Smoothed: (15.594975, 15.067151, 15.001956) A
    Vehicle Limits:  Min: 6 A  Max: 16 A  Known
    Phase:           L123
    Arrival:         02/24/2026 20:49:51  PlannedDeparture: 02/25/2026 00:01:21
    Required Energy: 70.29999923706053 kWh  Critical
    Exclude after:   
    Ignored till:    
    Schedule:        [16.0,16.0,16.0,0.0,0.0,0.0,0.0,0.0,0.0,0.0,0.0,0.0,0.0,0.0,0.0,0.0,0.0,0.0,0.0,0.0,0.0,0.0,0.0,0.0]
  22030428/2
    State:           Excluded {ChargingPausedByEv}
    Target:          0 A  Last: 0 A
    Current:         (0, 0, 0) A  Smoothed: (0, 0, 0) A
    Vehicle Limits:  Min: 6 A  Max: 16 A  Known
    Phase:           L123
    Arrival:         02/24/2026 19:36:48  PlannedDeparture: 02/25/2026 00:01:21
    Required Energy: 66.79999923706056 kWh  Critical
    Exclude after:   02/24/2026 23:29:45
    Ignored till:    
    Schedule:        [16.0,16.0,16.0,0.0,0.0,0.0,0.0,0.0,0.0,0.0,0.0,0.0,0.0,0.0,0.0,0.0,0.0,0.0,0.0,0.0,0.0,0.0,0.0,0.0]
2026-02-25 00:01:35 Verb  <#51> [Scheduler] - Instant solver finished in 75.1298 ms for 1/2 connectors
2026-02-25 00:01:35 Verb  <#51> [Scheduler] - Instant update result:
Available:   (32, 32, 32) A
Surplus:     (16, 16, 16)
Cluster Max: (32, 32, 32) A
Load Guard:
    Current:     (0, 0, 0; 0) A  Smoothed: (0, 0, 0) A
    Power:       (0, 0, 0: 0) kW
    Last Update: 01/01/0001 00:00:00  Offline
Connectors:
  22030428/1
    State:           Charging {Charging}
    Target:          16 A  Last: 16 A
    Current:         (15.595, 15.067, 15.002) A  Smoothed: (15.594991, 15.06706, 15.001983) A
    Vehicle Limits:  Min: 6 A  Max: 16 A  Known
    Phase:           L123
    Arrival:         02/24/2026 20:49:51  PlannedDeparture: 02/25/2026 00:01:21
    Required Energy: 70.29999923706053 kWh  Critical
    Exclude after:   
    Ignored till:    
    Schedule:        [16.0,16.0,16.0,0.0,0.0,0.0,0.0,0.0,0.0,0.0,0.0,0.0,0.0,0.0,0.0,0.0,0.0,0.0,0.0,0.0,0.0,0.0,0.0,0.0]
  22030428/2
    State:           Excluded {ChargingPausedByEv}
    Target:          0 A  Last: 0 A
    Current:         (0, 0, 0) A  Smoothed: (0, 0, 0) A
    Vehicle Limits:  Min: 6 A  Max: 16 A  Known
    Phase:           L123
    Arrival:         02/24/2026 19:36:48  PlannedDeparture: 02/25/2026 00:01:21
    Required Energy: 66.79999923706056 kWh  Critical
    Exclude after:   02/24/2026 23:29:45
    Ignored till:    
    Schedule:        [16.0,16.0,16.0,0.0,0.0,0.0,0.0,0.0,0.0,0.0,0.0,0.0,0.0,0.0,0.0,0.0,0.0,0.0,0.0,0.0,0.0,0.0,0.0,0.0]
2026-02-25 00:01:37 Verb  <#51> [Scheduler] - Instant solver finished in 77.3277 ms for 1/2 connectors
2026-02-25 00:01:37 Verb  <#51> [Scheduler] - Instant update result:
Available:   (32, 32, 32) A
Surplus:     (16, 16, 16)
Cluster Max: (32, 32, 32) A
Load Guard:
    Current:     (0, 0, 0; 0) A  Smoothed: (0, 0, 0) A
    Power:       (0, 0, 0: 0) kW
    Last Update: 01/01/0001 00:00:00  Offline
Connectors:
  22030428/1
    State:           Charging {Charging}
    Target:          16 A  Last: 16 A
    Current:         (15.595, 15.067, 15.002) A  Smoothed: (15.594996, 15.067024, 15.001993) A
    Vehicle Limits:  Min: 6 A  Max: 16 A  Known
    Phase:           L123
    Arrival:         02/24/2026 20:49:51  PlannedDeparture: 02/25/2026 00:01:21
    Required Energy: 70.29999923706053 kWh  Critical
    Exclude after:   
    Ignored till:    
    Schedule:        [16.0,16.0,16.0,0.0,0.0,0.0,0.0,0.0,0.0,0.0,0.0,0.0,0.0,0.0,0.0,0.0,0.0,0.0,0.0,0.0,0.0,0.0,0.0,0.0]
  22030428/2
    State:           Excluded {ChargingPausedByEv}
    Target:          0 A  Last: 0 A
    Current:         (0, 0, 0) A  Smoothed: (0, 0, 0) A
    Vehicle Limits:  Min: 6 A  Max: 16 A  Known
    Phase:           L123
    Arrival:         02/24/2026 19:36:48  PlannedDeparture: 02/25/2026 00:01:21
    Required Energy: 66.79999923706056 kWh  Critical
    Exclude after:   02/24/2026 23:29:45
    Ignored till:    
    Schedule:        [16.0,16.0,16.0,0.0,0.0,0.0,0.0,0.0,0.0,0.0,0.0,0.0,0.0,0.0,0.0,0.0,0.0,0.0,0.0,0.0,0.0,0.0,0.0,0.0]
2026-02-25 00:01:40 Verb  <#51> [Scheduler] - Instant solver finished in 75.6113 ms for 1/2 connectors
2026-02-25 00:01:40 Verb  <#51> [Scheduler] - Instant update result:
Available:   (32, 32, 32) A
Surplus:     (16, 16, 16)
Cluster Max: (32, 32, 32) A
Load Guard:
    Current:     (0, 0, 0; 0) A  Smoothed: (0, 0, 0) A
    Power:       (0, 0, 0: 0) kW
    Last Update: 01/01/0001 00:00:00  Offline
Connectors:
  22030428/1
    State:           Charging {Charging}
    Target:          16 A  Last: 16 A
    Current:         (15.595, 15.067, 15.002) A  Smoothed: (15.594998, 15.06701, 15.001997) A
    Vehicle Limits:  Min: 6 A  Max: 16 A  Known
    Phase:           L123
    Arrival:         02/24/2026 20:49:51  PlannedDeparture: 02/25/2026 00:01:21
    Required Energy: 70.29999923706053 kWh  Critical
    Exclude after:   
    Ignored till:    
    Schedule:        [16.0,16.0,16.0,0.0,0.0,0.0,0.0,0.0,0.0,0.0,0.0,0.0,0.0,0.0,0.0,0.0,0.0,0.0,0.0,0.0,0.0,0.0,0.0,0.0]
  22030428/2
    State:           Excluded {ChargingPausedByEv}
    Target:          0 A  Last: 0 A
    Current:         (0, 0, 0) A  Smoothed: (0, 0, 0) A
    Vehicle Limits:  Min: 6 A  Max: 16 A  Known
    Phase:           L123
    Arrival:         02/24/2026 19:36:48  PlannedDeparture: 02/25/2026 00:01:21
    Required Energy: 66.79999923706056 kWh  Critical
    Exclude after:   02/24/2026 23:29:45
    Ignored till:    
    Schedule:        [16.0,16.0,16.0,0.0,0.0,0.0,0.0,0.0,0.0,0.0,0.0,0.0,0.0,0.0,0.0,0.0,0.0,0.0,0.0,0.0,0.0,0.0,0.0,0.0]
2026-02-25 00:01:42 Verb  <#51> [Scheduler] - Instant solver finished in 184.6153 ms for 1/2 connectors
2026-02-25 00:01:42 Verb  <#51> [Scheduler] - Instant update result:
Available:   (32, 32, 32) A
Surplus:     (16, 16, 16)
Cluster Max: (32, 32, 32) A
Load Guard:
    Current:     (0, 0, 0; 0) A  Smoothed: (0, 0, 0) A
    Power:       (0, 0, 0: 0) kW
    Last Update: 01/01/0001 00:00:00  Offline
Connectors:
  22030428/1
    State:           Charging {Charging}
    Target:          16 A  Last: 16 A
    Current:         (15.595, 15.067, 15.002) A  Smoothed: (15.594999, 15.067004, 15.001999) A
    Vehicle Limits:  Min: 6 A  Max: 16 A  Known
    Phase:           L123
    Arrival:         02/24/2026 20:49:51  PlannedDeparture: 02/25/2026 00:01:21
    Required Energy: 70.29999923706053 kWh  Critical
    Exclude after:   
    Ignored till:    
    Schedule:        [16.0,16.0,16.0,0.0,0.0,0.0,0.0,0.0,0.0,0.0,0.0,0.0,0.0,0.0,0.0,0.0,0.0,0.0,0.0,0.0,0.0,0.0,0.0,0.0]
  22030428/2
    State:           Excluded {ChargingPausedByEv}
    Target:          0 A  Last: 0 A
    Current:         (0, 0, 0) A  Smoothed: (0, 0, 0) A
    Vehicle Limits:  Min: 6 A  Max: 16 A  Known
    Phase:           L123
    Arrival:         02/24/2026 19:36:48  PlannedDeparture: 02/25/2026 00:01:21
    Required Energy: 66.79999923706056 kWh  Critical
    Exclude after:   02/24/2026 23:29:45
    Ignored till:    
    Schedule:        [16.0,16.0,16.0,0.0,0.0,0.0,0.0,0.0,0.0,0.0,0.0,0.0,0.0,0.0,0.0,0.0,0.0,0.0,0.0,0.0,0.0,0.0,0.0,0.0]
2026-02-25 00:01:44 Verb  <#51> [Scheduler] - Instant solver finished in 97.655 ms for 1/2 connectors
2026-02-25 00:01:44 Verb  <#51> [Scheduler] - Instant update result:
Available:   (32, 32, 32) A
Surplus:     (16, 16, 16)
Cluster Max: (32, 32, 32) A
Load Guard:
    Current:     (0, 0, 0; 0) A  Smoothed: (0, 0, 0) A
    Power:       (0, 0, 0: 0) kW
    Last Update: 01/01/0001 00:00:00  Offline
Connectors:
  22030428/1
    State:           Charging {Charging}
    Target:          16 A  Last: 16 A
    Current:         (15.595, 15.067, 15.002) A  Smoothed: (15.595, 15.067002, 15.002) A
    Vehicle Limits:  Min: 6 A  Max: 16 A  Known
    Phase:           L123
    Arrival:         02/24/2026 20:49:51  PlannedDeparture: 02/25/2026 00:01:21
    Required Energy: 70.29999923706053 kWh  Critical
    Exclude after:   
    Ignored till:    
    Schedule:        [16.0,16.0,16.0,0.0,0.0,0.0,0.0,0.0,0.0,0.0,0.0,0.0,0.0,0.0,0.0,0.0,0.0,0.0,0.0,0.0,0.0,0.0,0.0,0.0]
  22030428/2
    State:           Excluded {ChargingPausedByEv}
    Target:          0 A  Last: 0 A
    Current:         (0, 0, 0) A  Smoothed: (0, 0, 0) A
    Vehicle Limits:  Min: 6 A  Max: 16 A  Known
    Phase:           L123
    Arrival:         02/24/2026 19:36:48  PlannedDeparture: 02/25/2026 00:01:21
    Required Energy: 66.79999923706056 kWh  Critical
    Exclude after:   02/24/2026 23:29:45
    Ignored till:    
    Schedule:        [16.0,16.0,16.0,0.0,0.0,0.0,0.0,0.0,0.0,0.0,0.0,0.0,0.0,0.0,0.0,0.0,0.0,0.0,0.0,0.0,0.0,0.0,0.0,0.0]
2026-02-25 00:01:46 Verb  <#5> [Scheduler] - Instant solver finished in 93.0454 ms for 1/2 connectors
2026-02-25 00:01:46 Verb  <#5> [Scheduler] - Instant update result:
Available:   (32, 32, 32) A
Surplus:     (16, 16, 16)
Cluster Max: (32, 32, 32) A
Load Guard:
    Current:     (0, 0, 0; 0) A  Smoothed: (0, 0, 0) A
    Power:       (0, 0, 0: 0) kW
    Last Update: 01/01/0001 00:00:00  Offline
Connectors:
  22030428/1
    State:           Charging {Charging}
    Target:          16 A  Last: 16 A
    Current:         (15.593, 15.145, 15.035) A  Smoothed: (15.593321, 15.132521, 15.02972) A
    Vehicle Limits:  Min: 6 A  Max: 16 A  Known
    Phase:           L123
    Arrival:         02/24/2026 20:49:51  PlannedDeparture: 02/25/2026 00:01:21
    Required Energy: 70.29999923706053 kWh  Critical
    Exclude after:   
    Ignored till:    
    Schedule:        [16.0,16.0,16.0,0.0,0.0,0.0,0.0,0.0,0.0,0.0,0.0,0.0,0.0,0.0,0.0,0.0,0.0,0.0,0.0,0.0,0.0,0.0,0.0,0.0]
  22030428/2
    State:           Excluded {ChargingPausedByEv}
    Target:          0 A  Last: 0 A
    Current:         (0, 0, 0) A  Smoothed: (0, 0, 0) A
    Vehicle Limits:  Min: 6 A  Max: 16 A  Known
    Phase:           L123
    Arrival:         02/24/2026 19:36:48  PlannedDeparture: 02/25/2026 00:01:21
    Required Energy: 66.79999923706056 kWh  Critical
    Exclude after:   02/24/2026 23:29:45
    Ignored till:    
    Schedule:        [16.0,16.0,16.0,0.0,0.0,0.0,0.0,0.0,0.0,0.0,0.0,0.0,0.0,0.0,0.0,0.0,0.0,0.0,0.0,0.0,0.0,0.0,0.0,0.0]
2026-02-25 00:01:48 Verb  <#51> [Scheduler] - Instant solver finished in 108.0164 ms for 1/2 connectors
2026-02-25 00:01:48 Verb  <#51> [Scheduler] - Instant update result:
Available:   (32, 32, 32) A
Surplus:     (16, 16, 16)
Cluster Max: (32, 32, 32) A
Load Guard:
    Current:     (0, 0, 0; 0) A  Smoothed: (0, 0, 0) A
    Power:       (0, 0, 0: 0) kW
    Last Update: 01/01/0001 00:00:00  Offline
Connectors:
  22030428/1
    State:           Charging {Charging}
    Target:          16 A  Last: 16 A
    Current:         (15.593, 15.145, 15.035) A  Smoothed: (15.593128, 15.140009, 15.032888) A
    Vehicle Limits:  Min: 6 A  Max: 16 A  Known
    Phase:           L123
    Arrival:         02/24/2026 20:49:51  PlannedDeparture: 02/25/2026 00:01:21
    Required Energy: 70.29999923706053 kWh  Critical
    Exclude after:   
    Ignored till:    
    Schedule:        [16.0,16.0,16.0,0.0,0.0,0.0,0.0,0.0,0.0,0.0,0.0,0.0,0.0,0.0,0.0,0.0,0.0,0.0,0.0,0.0,0.0,0.0,0.0,0.0]
  22030428/2
    State:           Excluded {ChargingPausedByEv}
    Target:          0 A  Last: 0 A
    Current:         (0, 0, 0) A  Smoothed: (0, 0, 0) A
    Vehicle Limits:  Min: 6 A  Max: 16 A  Known
    Phase:           L123
    Arrival:         02/24/2026 19:36:48  PlannedDeparture: 02/25/2026 00:01:21
    Required Energy: 66.79999923706056 kWh  Critical
    Exclude after:   02/24/2026 23:29:45
    Ignored till:    
    Schedule:        [16.0,16.0,16.0,0.0,0.0,0.0,0.0,0.0,0.0,0.0,0.0,0.0,0.0,0.0,0.0,0.0,0.0,0.0,0.0,0.0,0.0,0.0,0.0,0.0]
2026-02-25 00:01:50 Verb  <#51> [Scheduler] - Instant solver finished in 266.6332 ms for 1/2 connectors
2026-02-25 00:01:50 Verb  <#51> [Scheduler] - Instant update result:
Available:   (32, 32, 32) A
Surplus:     (16, 16, 16)
Cluster Max: (32, 32, 32) A
Load Guard:
    Current:     (0, 0, 0; 0) A  Smoothed: (0, 0, 0) A
    Power:       (0, 0, 0: 0) kW
    Last Update: 01/01/0001 00:00:00  Offline
Connectors:
  22030428/1
    State:           Charging {Charging}
    Target:          16 A  Last: 16 A
    Current:         (15.593, 15.145, 15.035) A  Smoothed: (15.593052, 15.143003, 15.034155) A
    Vehicle Limits:  Min: 6 A  Max: 16 A  Known
    Phase:           L123
    Arrival:         02/24/2026 20:49:51  PlannedDeparture: 02/25/2026 00:01:21
    Required Energy: 70.29999923706053 kWh  Critical
    Exclude after:   
    Ignored till:    
    Schedule:        [16.0,16.0,16.0,0.0,0.0,0.0,0.0,0.0,0.0,0.0,0.0,0.0,0.0,0.0,0.0,0.0,0.0,0.0,0.0,0.0,0.0,0.0,0.0,0.0]
  22030428/2
    State:           Excluded {ChargingPausedByEv}
    Target:          0 A  Last: 0 A
    Current:         (0, 0, 0) A  Smoothed: (0, 0, 0) A
    Vehicle Limits:  Min: 6 A  Max: 16 A  Known
    Phase:           L123
    Arrival:         02/24/2026 19:36:48  PlannedDeparture: 02/25/2026 00:01:21
    Required Energy: 66.79999923706056 kWh  Critical
    Exclude after:   02/24/2026 23:29:45
    Ignored till:    
    Schedule:        [16.0,16.0,16.0,0.0,0.0,0.0,0.0,0.0,0.0,0.0,0.0,0.0,0.0,0.0,0.0,0.0,0.0,0.0,0.0,0.0,0.0,0.0,0.0,0.0]
2026-02-25 00:01:53 Verb  <#66> [Scheduler] - Instant solver finished in 139.3828 ms for 1/2 connectors
2026-02-25 00:01:53 Verb  <#66> [Scheduler] - Instant update result:
Available:   (32, 32, 32) A
Surplus:     (16, 16, 16)
Cluster Max: (32, 32, 32) A
Load Guard:
    Current:     (0, 0, 0; 0) A  Smoothed: (0, 0, 0) A
    Power:       (0, 0, 0: 0) kW
    Last Update: 01/01/0001 00:00:00  Offline
Connectors:
  22030428/1
    State:           Charging {Charging}
    Target:          16 A  Last: 16 A
    Current:         (15.623, 15.088, 15) A  Smoothed: (15.618209, 15.096801, 15.005465) A
    Vehicle Limits:  Min: 6 A  Max: 16 A  Known
    Phase:           L123
    Arrival:         02/24/2026 20:49:51  PlannedDeparture: 02/25/2026 00:01:51
    Required Energy: 70.20000076293945 kWh  Critical
    Exclude after:   
    Ignored till:    
    Schedule:        [16.0,16.0,16.0,0.0,0.0,0.0,0.0,0.0,0.0,0.0,0.0,0.0,0.0,0.0,0.0,0.0,0.0,0.0,0.0,0.0,0.0,0.0,0.0,0.0]
  22030428/2
    State:           Excluded {ChargingPausedByEv}
    Target:          0 A  Last: 0 A
    Current:         (0, 0, 0) A  Smoothed: (0, 0, 0) A
    Vehicle Limits:  Min: 6 A  Max: 16 A  Known
    Phase:           L123
    Arrival:         02/24/2026 19:36:48  PlannedDeparture: 02/25/2026 00:01:51
    Required Energy: 66.79999923706056 kWh  Critical
    Exclude after:   02/24/2026 23:29:45
    Ignored till:    
    Schedule:        [16.0,16.0,16.0,0.0,0.0,0.0,0.0,0.0,0.0,0.0,0.0,0.0,0.0,0.0,0.0,0.0,0.0,0.0,0.0,0.0,0.0,0.0,0.0,0.0]
2026-02-25 00:01:55 Verb  <#65> [Scheduler] - Instant solver finished in 68.5653 ms for 1/2 connectors
2026-02-25 00:01:55 Verb  <#65> [Scheduler] - Instant update result:
Available:   (32, 32, 32) A
Surplus:     (16, 16, 16)
Cluster Max: (32, 32, 32) A
Load Guard:
    Current:     (0, 0, 0; 0) A  Smoothed: (0, 0, 0) A
    Power:       (0, 0, 0: 0) kW
    Last Update: 01/01/0001 00:00:00  Offline
Connectors:
  22030428/1
    State:           Charging {Charging}
    Target:          16 A  Last: 16 A
    Current:         (15.623, 15.088, 15) A  Smoothed: (15.621083, 15.09152, 15.002186) A
    Vehicle Limits:  Min: 6 A  Max: 16 A  Known
    Phase:           L123
    Arrival:         02/24/2026 20:49:51  PlannedDeparture: 02/25/2026 00:01:51
    Required Energy: 70.20000076293945 kWh  Critical
    Exclude after:   
    Ignored till:    
    Schedule:        [16.0,16.0,16.0,0.0,0.0,0.0,0.0,0.0,0.0,0.0,0.0,0.0,0.0,0.0,0.0,0.0,0.0,0.0,0.0,0.0,0.0,0.0,0.0,0.0]
  22030428/2
    State:           Excluded {ChargingPausedByEv}
    Target:          0 A  Last: 0 A
    Current:         (0, 0, 0) A  Smoothed: (0, 0, 0) A
    Vehicle Limits:  Min: 6 A  Max: 16 A  Known
    Phase:           L123
    Arrival:         02/24/2026 19:36:48  PlannedDeparture: 02/25/2026 00:01:51
    Required Energy: 66.79999923706056 kWh  Critical
    Exclude after:   02/24/2026 23:29:45
    Ignored till:    
    Schedule:        [16.0,16.0,16.0,0.0,0.0,0.0,0.0,0.0,0.0,0.0,0.0,0.0,0.0,0.0,0.0,0.0,0.0,0.0,0.0,0.0,0.0,0.0,0.0,0.0]
2026-02-25 00:01:57 Verb  <#65> [Scheduler] - Instant solver finished in 76.4508 ms for 1/2 connectors
2026-02-25 00:01:57 Verb  <#65> [Scheduler] - Instant update result:
Available:   (32, 32, 32) A
Surplus:     (16, 16, 16)
Cluster Max: (32, 32, 32) A
Load Guard:
    Current:     (0, 0, 0; 0) A  Smoothed: (0, 0, 0) A
    Power:       (0, 0, 0: 0) kW
    Last Update: 01/01/0001 00:00:00  Offline
Connectors:
  22030428/1
    State:           Charging {Charging}
    Target:          16 A  Last: 16 A
    Current:         (15.623, 15.088, 15) A  Smoothed: (15.622233, 15.089408, 15.0008745) A
    Vehicle Limits:  Min: 6 A  Max: 16 A  Known
    Phase:           L123
    Arrival:         02/24/2026 20:49:51  PlannedDeparture: 02/25/2026 00:01:51
    Required Energy: 70.20000076293945 kWh  Critical
    Exclude after:   
    Ignored till:    
    Schedule:        [16.0,16.0,16.0,0.0,0.0,0.0,0.0,0.0,0.0,0.0,0.0,0.0,0.0,0.0,0.0,0.0,0.0,0.0,0.0,0.0,0.0,0.0,0.0,0.0]
  22030428/2
    State:           Excluded {ChargingPausedByEv}
    Target:          0 A  Last: 0 A
    Current:         (0, 0, 0) A  Smoothed: (0, 0, 0) A
    Vehicle Limits:  Min: 6 A  Max: 16 A  Known
    Phase:           L123
    Arrival:         02/24/2026 19:36:48  PlannedDeparture: 02/25/2026 00:01:51
    Required Energy: 66.79999923706056 kWh  Critical
    Exclude after:   02/24/2026 23:29:45
    Ignored till:    
    Schedule:        [16.0,16.0,16.0,0.0,0.0,0.0,0.0,0.0,0.0,0.0,0.0,0.0,0.0,0.0,0.0,0.0,0.0,0.0,0.0,0.0,0.0,0.0,0.0,0.0]
2026-02-25 00:01:59 Verb  <#65> [Scheduler] - Instant solver finished in 87.805 ms for 1/2 connectors
2026-02-25 00:01:59 Verb  <#65> [Scheduler] - Instant update result:
Available:   (32, 32, 32) A
Surplus:     (16, 16, 16)
Cluster Max: (32, 32, 32) A
Load Guard:
    Current:     (0, 0, 0; 0) A  Smoothed: (0, 0, 0) A
    Power:       (0, 0, 0: 0) kW
    Last Update: 01/01/0001 00:00:00  Offline
Connectors:
  22030428/1
    State:           Charging {Charging}
    Target:          16 A  Last: 16 A
    Current:         (15.623, 15.088, 15) A  Smoothed: (15.622693, 15.088563, 15.00035) A
    Vehicle Limits:  Min: 6 A  Max: 16 A  Known
    Phase:           L123
    Arrival:         02/24/2026 20:49:51  PlannedDeparture: 02/25/2026 00:01:51
    Required Energy: 70.20000076293945 kWh  Critical
    Exclude after:   
    Ignored till:    
    Schedule:        [16.0,16.0,16.0,0.0,0.0,0.0,0.0,0.0,0.0,0.0,0.0,0.0,0.0,0.0,0.0,0.0,0.0,0.0,0.0,0.0,0.0,0.0,0.0,0.0]
  22030428/2
    State:           Excluded {ChargingPausedByEv}
    Target:          0 A  Last: 0 A
    Current:         (0, 0, 0) A  Smoothed: (0, 0, 0) A
    Vehicle Limits:  Min: 6 A  Max: 16 A  Known
    Phase:           L123
    Arrival:         02/24/2026 19:36:48  PlannedDeparture: 02/25/2026 00:01:51
    Required Energy: 66.79999923706056 kWh  Critical
    Exclude after:   02/24/2026 23:29:45
    Ignored till:    
    Schedule:        [16.0,16.0,16.0,0.0,0.0,0.0,0.0,0.0,0.0,0.0,0.0,0.0,0.0,0.0,0.0,0.0,0.0,0.0,0.0,0.0,0.0,0.0,0.0,0.0]
2026-02-25 00:02:01 Verb  <#66> [Scheduler] - Instant solver finished in 159.218 ms for 1/2 connectors
2026-02-25 00:02:01 Verb  <#66> [Scheduler] - Instant update result:
Available:   (32, 32, 32) A
Surplus:     (16, 16, 16)
Cluster Max: (32, 32, 32) A
Load Guard:
    Current:     (0, 0, 0; 0) A  Smoothed: (0, 0, 0) A
    Power:       (0, 0, 0: 0) kW
    Last Update: 01/01/0001 00:00:00  Offline
Connectors:
  22030428/1
    State:           Charging {Charging}
    Target:          16 A  Last: 16 A
    Current:         (15.623, 15.088, 15) A  Smoothed: (15.622877, 15.088225, 15.00014) A
    Vehicle Limits:  Min: 6 A  Max: 16 A  Known
    Phase:           L123
    Arrival:         02/24/2026 20:49:51  PlannedDeparture: 02/25/2026 00:01:51
    Required Energy: 70.20000076293945 kWh  Critical
    Exclude after:   
    Ignored till:    
    Schedule:        [16.0,16.0,16.0,0.0,0.0,0.0,0.0,0.0,0.0,0.0,0.0,0.0,0.0,0.0,0.0,0.0,0.0,0.0,0.0,0.0,0.0,0.0,0.0,0.0]
  22030428/2
    State:           Excluded {ChargingPausedByEv}
    Target:          0 A  Last: 0 A
    Current:         (0, 0, 0) A  Smoothed: (0, 0, 0) A
    Vehicle Limits:  Min: 6 A  Max: 16 A  Known
    Phase:           L123
    Arrival:         02/24/2026 19:36:48  PlannedDeparture: 02/25/2026 00:01:51
    Required Energy: 66.79999923706056 kWh  Critical
    Exclude after:   02/24/2026 23:29:45
    Ignored till:    
    Schedule:        [16.0,16.0,16.0,0.0,0.0,0.0,0.0,0.0,0.0,0.0,0.0,0.0,0.0,0.0,0.0,0.0,0.0,0.0,0.0,0.0,0.0,0.0,0.0,0.0]
2026-02-25 00:02:03 Verb  <#66> [Scheduler] - Instant solver finished in 121.0918 ms for 1/2 connectors
2026-02-25 00:02:03 Verb  <#66> [Scheduler] - Instant update result:
Available:   (32, 32, 32) A
Surplus:     (16, 16, 16)
Cluster Max: (32, 32, 32) A
Load Guard:
    Current:     (0, 0, 0; 0) A  Smoothed: (0, 0, 0) A
    Power:       (0, 0, 0: 0) kW
    Last Update: 01/01/0001 00:00:00  Offline
Connectors:
  22030428/1
    State:           Charging {Charging}
    Target:          16 A  Last: 16 A
    Current:         (15.623, 15.088, 15) A  Smoothed: (15.622951, 15.08809, 15.000056) A
    Vehicle Limits:  Min: 6 A  Max: 16 A  Known
    Phase:           L123
    Arrival:         02/24/2026 20:49:51  PlannedDeparture: 02/25/2026 00:01:51
    Required Energy: 70.20000076293945 kWh  Critical
    Exclude after:   
    Ignored till:    
    Schedule:        [16.0,16.0,16.0,0.0,0.0,0.0,0.0,0.0,0.0,0.0,0.0,0.0,0.0,0.0,0.0,0.0,0.0,0.0,0.0,0.0,0.0,0.0,0.0,0.0]
  22030428/2
    State:           Excluded {ChargingPausedByEv}
    Target:          0 A  Last: 0 A
    Current:         (0, 0, 0) A  Smoothed: (0, 0, 0) A
    Vehicle Limits:  Min: 6 A  Max: 16 A  Known
    Phase:           L123
    Arrival:         02/24/2026 19:36:48  PlannedDeparture: 02/25/2026 00:01:51
    Required Energy: 66.79999923706056 kWh  Critical
    Exclude after:   02/24/2026 23:29:45
    Ignored till:    
    Schedule:        [16.0,16.0,16.0,0.0,0.0,0.0,0.0,0.0,0.0,0.0,0.0,0.0,0.0,0.0,0.0,0.0,0.0,0.0,0.0,0.0,0.0,0.0,0.0,0.0]
2026-02-25 00:02:05 Verb  <#66> [Scheduler] - Instant solver finished in 112.3388 ms for 1/2 connectors
2026-02-25 00:02:05 Verb  <#66> [Scheduler] - Instant update result:
Available:   (32, 32, 32) A
Surplus:     (16, 16, 16)
Cluster Max: (32, 32, 32) A
Load Guard:
    Current:     (0, 0, 0; 0) A  Smoothed: (0, 0, 0) A
    Power:       (0, 0, 0: 0) kW
    Last Update: 01/01/0001 00:00:00  Offline
Connectors:
  22030428/1
    State:           Charging {Charging}
    Target:          16 A  Last: 16 A
    Current:         (15.623, 15.088, 15) A  Smoothed: (15.62298, 15.088037, 15.000023) A
    Vehicle Limits:  Min: 6 A  Max: 16 A  Known
    Phase:           L123
    Arrival:         02/24/2026 20:49:51  PlannedDeparture: 02/25/2026 00:01:51
    Required Energy: 70.20000076293945 kWh  Critical
    Exclude after:   
    Ignored till:    
    Schedule:        [16.0,16.0,16.0,0.0,0.0,0.0,0.0,0.0,0.0,0.0,0.0,0.0,0.0,0.0,0.0,0.0,0.0,0.0,0.0,0.0,0.0,0.0,0.0,0.0]
  22030428/2
    State:           Excluded {ChargingPausedByEv}
    Target:          0 A  Last: 0 A
    Current:         (0, 0, 0) A  Smoothed: (0, 0, 0) A
    Vehicle Limits:  Min: 6 A  Max: 16 A  Known
    Phase:           L123
    Arrival:         02/24/2026 19:36:48  PlannedDeparture: 02/25/2026 00:01:51
    Required Energy: 66.79999923706056 kWh  Critical
    Exclude after:   02/24/2026 23:29:45
    Ignored till:    
    Schedule:        [16.0,16.0,16.0,0.0,0.0,0.0,0.0,0.0,0.0,0.0,0.0,0.0,0.0,0.0,0.0,0.0,0.0,0.0,0.0,0.0,0.0,0.0,0.0,0.0]
2026-02-25 00:02:07 Verb  <#66> [Scheduler] - Instant solver finished in 75.3324 ms for 1/2 connectors
2026-02-25 00:02:07 Verb  <#66> [Scheduler] - Instant update result:
Available:   (32, 32, 32) A
Surplus:     (16, 16, 16)
Cluster Max: (32, 32, 32) A
Load Guard:
    Current:     (0, 0, 0; 0) A  Smoothed: (0, 0, 0) A
    Power:       (0, 0, 0: 0) kW
    Last Update: 01/01/0001 00:00:00  Offline
Connectors:
  22030428/1
    State:           Charging {Charging}
    Target:          16 A  Last: 16 A
    Current:         (15.623, 15.088, 15) A  Smoothed: (15.6229925, 15.088015, 15.00001) A
    Vehicle Limits:  Min: 6 A  Max: 16 A  Known
    Phase:           L123
    Arrival:         02/24/2026 20:49:51  PlannedDeparture: 02/25/2026 00:01:51
    Required Energy: 70.20000076293945 kWh  Critical
    Exclude after:   
    Ignored till:    
    Schedule:        [16.0,16.0,16.0,0.0,0.0,0.0,0.0,0.0,0.0,0.0,0.0,0.0,0.0,0.0,0.0,0.0,0.0,0.0,0.0,0.0,0.0,0.0,0.0,0.0]
  22030428/2
    State:           Excluded {ChargingPausedByEv}
    Target:          0 A  Last: 0 A
    Current:         (0, 0, 0) A  Smoothed: (0, 0, 0) A
    Vehicle Limits:  Min: 6 A  Max: 16 A  Known
    Phase:           L123
    Arrival:         02/24/2026 19:36:48  PlannedDeparture: 02/25/2026 00:01:51
    Required Energy: 66.79999923706056 kWh  Critical
    Exclude after:   02/24/2026 23:29:45
    Ignored till:    
    Schedule:        [16.0,16.0,16.0,0.0,0.0,0.0,0.0,0.0,0.0,0.0,0.0,0.0,0.0,0.0,0.0,0.0,0.0,0.0,0.0,0.0,0.0,0.0,0.0,0.0]
2026-02-25 00:02:09 Verb  <#66> [Scheduler] - Instant solver finished in 77.8231 ms for 1/2 connectors
2026-02-25 00:02:09 Verb  <#66> [Scheduler] - Instant update result:
Available:   (32, 32, 32) A
Surplus:     (16, 16, 16)
Cluster Max: (32, 32, 32) A
Load Guard:
    Current:     (0, 0, 0; 0) A  Smoothed: (0, 0, 0) A
    Power:       (0, 0, 0: 0) kW
    Last Update: 01/01/0001 00:00:00  Offline
Connectors:
  22030428/1
    State:           Charging {Charging}
    Target:          16 A  Last: 16 A
    Current:         (15.623, 15.088, 15) A  Smoothed: (15.622997, 15.088006, 15.000004) A
    Vehicle Limits:  Min: 6 A  Max: 16 A  Known
    Phase:           L123
    Arrival:         02/24/2026 20:49:51  PlannedDeparture: 02/25/2026 00:01:51
    Required Energy: 70.20000076293945 kWh  Critical
    Exclude after:   
    Ignored till:    
    Schedule:        [16.0,16.0,16.0,0.0,0.0,0.0,0.0,0.0,0.0,0.0,0.0,0.0,0.0,0.0,0.0,0.0,0.0,0.0,0.0,0.0,0.0,0.0,0.0,0.0]
  22030428/2
    State:           Excluded {ChargingPausedByEv}
    Target:          0 A  Last: 0 A
    Current:         (0, 0, 0) A  Smoothed: (0, 0, 0) A
    Vehicle Limits:  Min: 6 A  Max: 16 A  Known
    Phase:           L123
    Arrival:         02/24/2026 19:36:48  PlannedDeparture: 02/25/2026 00:01:51
    Required Energy: 66.79999923706056 kWh  Critical
    Exclude after:   02/24/2026 23:29:45
    Ignored till:    
    Schedule:        [16.0,16.0,16.0,0.0,0.0,0.0,0.0,0.0,0.0,0.0,0.0,0.0,0.0,0.0,0.0,0.0,0.0,0.0,0.0,0.0,0.0,0.0,0.0,0.0]
2026-02-25 00:02:12 Verb  <#66> [Scheduler] - Instant solver finished in 219.3898 ms for 1/2 connectors
2026-02-25 00:02:12 Verb  <#66> [Scheduler] - Instant update result:
Available:   (32, 32, 32) A
Surplus:     (16, 16, 16)
Cluster Max: (32, 32, 32) A
Load Guard:
    Current:     (0, 0, 0; 0) A  Smoothed: (0, 0, 0) A
    Power:       (0, 0, 0: 0) kW
    Last Update: 01/01/0001 00:00:00  Offline
Connectors:
  22030428/1
    State:           Charging {Charging}
    Target:          16 A  Last: 16 A
    Current:         (15.623, 15.088, 15) A  Smoothed: (15.622999, 15.088002, 15.000002) A
    Vehicle Limits:  Min: 6 A  Max: 16 A  Known
    Phase:           L123
    Arrival:         02/24/2026 20:49:51  PlannedDeparture: 02/25/2026 00:01:51
    Required Energy: 70.20000076293945 kWh  Critical
    Exclude after:   
    Ignored till:    
    Schedule:        [16.0,16.0,16.0,0.0,0.0,0.0,0.0,0.0,0.0,0.0,0.0,0.0,0.0,0.0,0.0,0.0,0.0,0.0,0.0,0.0,0.0,0.0,0.0,0.0]
  22030428/2
    State:           Excluded {ChargingPausedByEv}
    Target:          0 A  Last: 0 A
    Current:         (0, 0, 0) A  Smoothed: (0, 0, 0) A
    Vehicle Limits:  Min: 6 A  Max: 16 A  Known
    Phase:           L123
    Arrival:         02/24/2026 19:36:48  PlannedDeparture: 02/25/2026 00:01:51
    Required Energy: 66.79999923706056 kWh  Critical
    Exclude after:   02/24/2026 23:29:45
    Ignored till:    
    Schedule:        [16.0,16.0,16.0,0.0,0.0,0.0,0.0,0.0,0.0,0.0,0.0,0.0,0.0,0.0,0.0,0.0,0.0,0.0,0.0,0.0,0.0,0.0,0.0,0.0]
2026-02-25 00:02:14 Verb  <#29> [Scheduler] - Instant solver finished in 116.9773 ms for 1/2 connectors
2026-02-25 00:02:14 Verb  <#29> [Scheduler] - Instant update result:
Available:   (32, 32, 32) A
Surplus:     (16, 16, 16)
Cluster Max: (32, 32, 32) A
Load Guard:
    Current:     (0, 0, 0; 0) A  Smoothed: (0, 0, 0) A
    Power:       (0, 0, 0: 0) kW
    Last Update: 01/01/0001 00:00:00  Offline
Connectors:
  22030428/1
    State:           Charging {Charging}
    Target:          16 A  Last: 16 A
    Current:         (15.623, 15.088, 15) A  Smoothed: (15.623, 15.088001, 15.000001) A
    Vehicle Limits:  Min: 6 A  Max: 16 A  Known
    Phase:           L123
    Arrival:         02/24/2026 20:49:51  PlannedDeparture: 02/25/2026 00:01:51
    Required Energy: 70.20000076293945 kWh  Critical
    Exclude after:   
    Ignored till:    
    Schedule:        [16.0,16.0,16.0,0.0,0.0,0.0,0.0,0.0,0.0,0.0,0.0,0.0,0.0,0.0,0.0,0.0,0.0,0.0,0.0,0.0,0.0,0.0,0.0,0.0]
  22030428/2
    State:           Excluded {ChargingPausedByEv}
    Target:          0 A  Last: 0 A
    Current:         (0, 0, 0) A  Smoothed: (0, 0, 0) A
    Vehicle Limits:  Min: 6 A  Max: 16 A  Known
    Phase:           L123
    Arrival:         02/24/2026 19:36:48  PlannedDeparture: 02/25/2026 00:01:51
    Required Energy: 66.79999923706056 kWh  Critical
    Exclude after:   02/24/2026 23:29:45
    Ignored till:    
    Schedule:        [16.0,16.0,16.0,0.0,0.0,0.0,0.0,0.0,0.0,0.0,0.0,0.0,0.0,0.0,0.0,0.0,0.0,0.0,0.0,0.0,0.0,0.0,0.0,0.0]
2026-02-25 00:02:16 Verb  <#29> [Scheduler] - Instant solver finished in 165.7562 ms for 1/2 connectors
2026-02-25 00:02:16 Verb  <#29> [Scheduler] - Instant update result:
Available:   (32, 32, 32) A
Surplus:     (16, 16, 16)
Cluster Max: (32, 32, 32) A
Load Guard:
    Current:     (0, 0, 0; 0) A  Smoothed: (0, 0, 0) A
    Power:       (0, 0, 0: 0) kW
    Last Update: 01/01/0001 00:00:00  Offline
Connectors:
  22030428/1
    State:           Charging {Charging}
    Target:          16 A  Last: 16 A
    Current:         (15.623, 15.088, 15) A  Smoothed: (15.623, 15.088, 15) A
    Vehicle Limits:  Min: 6 A  Max: 16 A  Known
    Phase:           L123
    Arrival:         02/24/2026 20:49:51  PlannedDeparture: 02/25/2026 00:01:51
    Required Energy: 70.20000076293945 kWh  Critical
    Exclude after:   
    Ignored till:    
    Schedule:        [16.0,16.0,16.0,0.0,0.0,0.0,0.0,0.0,0.0,0.0,0.0,0.0,0.0,0.0,0.0,0.0,0.0,0.0,0.0,0.0,0.0,0.0,0.0,0.0]
  22030428/2
    State:           Excluded {ChargingPausedByEv}
    Target:          0 A  Last: 0 A
    Current:         (0, 0, 0) A  Smoothed: (0, 0, 0) A
    Vehicle Limits:  Min: 6 A  Max: 16 A  Known
    Phase:           L123
    Arrival:         02/24/2026 19:36:48  PlannedDeparture: 02/25/2026 00:01:51
    Required Energy: 66.79999923706056 kWh  Critical
    Exclude after:   02/24/2026 23:29:45
    Ignored till:    
    Schedule:        [16.0,16.0,16.0,0.0,0.0,0.0,0.0,0.0,0.0,0.0,0.0,0.0,0.0,0.0,0.0,0.0,0.0,0.0,0.0,0.0,0.0,0.0,0.0,0.0]
2026-02-25 00:02:18 Verb  <#65> [Scheduler] - Instant solver finished in 279.2971 ms for 1/2 connectors
2026-02-25 00:02:18 Verb  <#65> [Scheduler] - Instant update result:
Available:   (32, 32, 32) A
Surplus:     (16, 16, 16)
Cluster Max: (32, 32, 32) A
Load Guard:
    Current:     (0, 0, 0; 0) A  Smoothed: (0, 0, 0) A
    Power:       (0, 0, 0: 0) kW
    Last Update: 01/01/0001 00:00:00  Offline
Connectors:
  22030428/1
    State:           Charging {Charging}
    Target:          16 A  Last: 16 A
    Current:         (15.623, 15.088, 15) A  Smoothed: (15.623, 15.088, 15) A
    Vehicle Limits:  Min: 6 A  Max: 16 A  Known
    Phase:           L123
    Arrival:         02/24/2026 20:49:51  PlannedDeparture: 02/25/2026 00:01:51
    Required Energy: 70.20000076293945 kWh  Critical
    Exclude after:   
    Ignored till:    
    Schedule:        [16.0,16.0,16.0,0.0,0.0,0.0,0.0,0.0,0.0,0.0,0.0,0.0,0.0,0.0,0.0,0.0,0.0,0.0,0.0,0.0,0.0,0.0,0.0,0.0]
  22030428/2
    State:           Excluded {ChargingPausedByEv}
    Target:          0 A  Last: 0 A
    Current:         (0, 0, 0) A  Smoothed: (0, 0, 0) A
    Vehicle Limits:  Min: 6 A  Max: 16 A  Known
    Phase:           L123
    Arrival:         02/24/2026 19:36:48  PlannedDeparture: 02/25/2026 00:01:51
    Required Energy: 66.79999923706056 kWh  Critical
    Exclude after:   02/24/2026 23:29:45
    Ignored till:    
    Schedule:        [16.0,16.0,16.0,0.0,0.0,0.0,0.0,0.0,0.0,0.0,0.0,0.0,0.0,0.0,0.0,0.0,0.0,0.0,0.0,0.0,0.0,0.0,0.0,0.0]
2026-02-25 00:02:21 Verb  <#29> [Scheduler] - Instant solver finished in 130.5478 ms for 1/2 connectors
2026-02-25 00:02:21 Verb  <#29> [Scheduler] - Instant update result:
Available:   (32, 32, 32) A
Surplus:     (16, 16, 16)
Cluster Max: (32, 32, 32) A
Load Guard:
    Current:     (0, 0, 0; 0) A  Smoothed: (0, 0, 0) A
    Power:       (0, 0, 0: 0) kW
    Last Update: 01/01/0001 00:00:00  Offline
Connectors:
  22030428/1
    State:           Charging {Charging}
    Target:          16 A  Last: 16 A
    Current:         (15.648, 15.073, 15.044) A  Smoothed: (15.644, 15.0754, 15.03696) A
    Vehicle Limits:  Min: 6 A  Max: 16 A  Known
    Phase:           L123
    Arrival:         02/24/2026 20:49:51  PlannedDeparture: 02/25/2026 00:01:51
    Required Energy: 70.20000076293945 kWh  Critical
    Exclude after:   
    Ignored till:    
    Schedule:        [16.0,16.0,16.0,0.0,0.0,0.0,0.0,0.0,0.0,0.0,0.0,0.0,0.0,0.0,0.0,0.0,0.0,0.0,0.0,0.0,0.0,0.0,0.0,0.0]
  22030428/2
    State:           Excluded {ChargingPausedByEv}
    Target:          0 A  Last: 0 A
    Current:         (0, 0, 0) A  Smoothed: (0, 0, 0) A
    Vehicle Limits:  Min: 6 A  Max: 16 A  Known
    Phase:           L123
    Arrival:         02/24/2026 19:36:48  PlannedDeparture: 02/25/2026 00:01:51
    Required Energy: 66.79999923706056 kWh  Critical
    Exclude after:   02/24/2026 23:29:45
    Ignored till:    
    Schedule:        [16.0,16.0,16.0,0.0,0.0,0.0,0.0,0.0,0.0,0.0,0.0,0.0,0.0,0.0,0.0,0.0,0.0,0.0,0.0,0.0,0.0,0.0,0.0,0.0]
2026-02-25 00:02:23 Verb  <#65> [Scheduler] - Instant solver finished in 87.5194 ms for 1/2 connectors
2026-02-25 00:02:23 Verb  <#65> [Scheduler] - Instant update result:
Available:   (32, 32, 32) A
Surplus:     (16, 16, 16)
Cluster Max: (32, 32, 32) A
Load Guard:
    Current:     (0, 0, 0; 0) A  Smoothed: (0, 0, 0) A
    Power:       (0, 0, 0: 0) kW
    Last Update: 01/01/0001 00:00:00  Offline
Connectors:
  22030428/1
    State:           Charging {Charging}
    Target:          16 A  Last: 16 A
    Current:         (15.638, 15.068, 15.044) A  Smoothed: (15.63896, 15.069184, 15.042873) A
    Vehicle Limits:  Min: 6 A  Max: 16 A  Known
    Phase:           L123
    Arrival:         02/24/2026 20:49:51  PlannedDeparture: 02/25/2026 00:02:21
    Required Energy: 70.10000038146974 kWh  Critical
    Exclude after:   
    Ignored till:    
    Schedule:        [16.0,16.0,16.0,0.0,0.0,0.0,0.0,0.0,0.0,0.0,0.0,0.0,0.0,0.0,0.0,0.0,0.0,0.0,0.0,0.0,0.0,0.0,0.0,0.0]
  22030428/2
    State:           Excluded {ChargingPausedByEv}
    Target:          0 A  Last: 0 A
    Current:         (0, 0, 0) A  Smoothed: (0, 0, 0) A
    Vehicle Limits:  Min: 6 A  Max: 16 A  Known
    Phase:           L123
    Arrival:         02/24/2026 19:36:48  PlannedDeparture: 02/25/2026 00:02:21
    Required Energy: 66.79999923706056 kWh  Critical
    Exclude after:   02/24/2026 23:29:45
    Ignored till:    
    Schedule:        [16.0,16.0,16.0,0.0,0.0,0.0,0.0,0.0,0.0,0.0,0.0,0.0,0.0,0.0,0.0,0.0,0.0,0.0,0.0,0.0,0.0,0.0,0.0,0.0]
2026-02-25 00:02:25 Verb  <#51> [Scheduler] - Instant solver finished in 75.8309 ms for 1/2 connectors
2026-02-25 00:02:25 Verb  <#51> [Scheduler] - Instant update result:
Available:   (32, 32, 32) A
Surplus:     (16, 16, 16)
Cluster Max: (32, 32, 32) A
Load Guard:
    Current:     (0, 0, 0; 0) A  Smoothed: (0, 0, 0) A
    Power:       (0, 0, 0: 0) kW
    Last Update: 01/01/0001 00:00:00  Offline
Connectors:
  22030428/1
    State:           Charging {Charging}
    Target:          16 A  Last: 16 A
    Current:         (15.638, 15.068, 15.044) A  Smoothed: (15.638384, 15.068474, 15.04355) A
    Vehicle Limits:  Min: 6 A  Max: 16 A  Known
    Phase:           L123
    Arrival:         02/24/2026 20:49:51  PlannedDeparture: 02/25/2026 00:02:21
    Required Energy: 70.10000038146974 kWh  Critical
    Exclude after:   
    Ignored till:    
    Schedule:        [16.0,16.0,16.0,0.0,0.0,0.0,0.0,0.0,0.0,0.0,0.0,0.0,0.0,0.0,0.0,0.0,0.0,0.0,0.0,0.0,0.0,0.0,0.0,0.0]
  22030428/2
    State:           Excluded {ChargingPausedByEv}
    Target:          0 A  Last: 0 A
    Current:         (0, 0, 0) A  Smoothed: (0, 0, 0) A
    Vehicle Limits:  Min: 6 A  Max: 16 A  Known
    Phase:           L123
    Arrival:         02/24/2026 19:36:48  PlannedDeparture: 02/25/2026 00:02:21
    Required Energy: 66.79999923706056 kWh  Critical
    Exclude after:   02/24/2026 23:29:45
    Ignored till:    
    Schedule:        [16.0,16.0,16.0,0.0,0.0,0.0,0.0,0.0,0.0,0.0,0.0,0.0,0.0,0.0,0.0,0.0,0.0,0.0,0.0,0.0,0.0,0.0,0.0,0.0]
2026-02-25 00:02:27 Verb  <#51> [Scheduler] - Instant solver finished in 77.1721 ms for 1/2 connectors
2026-02-25 00:02:27 Verb  <#51> [Scheduler] - Instant update result:
Available:   (32, 32, 32) A
Surplus:     (16, 16, 16)
Cluster Max: (32, 32, 32) A
Load Guard:
    Current:     (0, 0, 0; 0) A  Smoothed: (0, 0, 0) A
    Power:       (0, 0, 0: 0) kW
    Last Update: 01/01/0001 00:00:00  Offline
Connectors:
  22030428/1
    State:           Charging {Charging}
    Target:          16 A  Last: 16 A
    Current:         (15.638, 15.068, 15.044) A  Smoothed: (15.638153, 15.06819, 15.043819) A
    Vehicle Limits:  Min: 6 A  Max: 16 A  Known
    Phase:           L123
    Arrival:         02/24/2026 20:49:51  PlannedDeparture: 02/25/2026 00:02:21
    Required Energy: 70.10000038146974 kWh  Critical
    Exclude after:   
    Ignored till:    
    Schedule:        [16.0,16.0,16.0,0.0,0.0,0.0,0.0,0.0,0.0,0.0,0.0,0.0,0.0,0.0,0.0,0.0,0.0,0.0,0.0,0.0,0.0,0.0,0.0,0.0]
  22030428/2
    State:           Excluded {ChargingPausedByEv}
    Target:          0 A  Last: 0 A
    Current:         (0, 0, 0) A  Smoothed: (0, 0, 0) A
    Vehicle Limits:  Min: 6 A  Max: 16 A  Known
    Phase:           L123
    Arrival:         02/24/2026 19:36:48  PlannedDeparture: 02/25/2026 00:02:21
    Required Energy: 66.79999923706056 kWh  Critical
    Exclude after:   02/24/2026 23:29:45
    Ignored till:    
    Schedule:        [16.0,16.0,16.0,0.0,0.0,0.0,0.0,0.0,0.0,0.0,0.0,0.0,0.0,0.0,0.0,0.0,0.0,0.0,0.0,0.0,0.0,0.0,0.0,0.0]
2026-02-25 00:02:29 Verb  <#29> [Scheduler] - Instant solver finished in 89.97 ms for 1/2 connectors
2026-02-25 00:02:29 Verb  <#29> [Scheduler] - Instant update result:
Available:   (32, 32, 32) A
Surplus:     (16, 16, 16)
Cluster Max: (32, 32, 32) A
Load Guard:
    Current:     (0, 0, 0; 0) A  Smoothed: (0, 0, 0) A
    Power:       (0, 0, 0: 0) kW
    Last Update: 01/01/0001 00:00:00  Offline
Connectors:
  22030428/1
    State:           Charging {Charging}
    Target:          16 A  Last: 16 A
    Current:         (15.638, 15.068, 15.044) A  Smoothed: (15.638061, 15.068076, 15.043927) A
    Vehicle Limits:  Min: 6 A  Max: 16 A  Known
    Phase:           L123
    Arrival:         02/24/2026 20:49:51  PlannedDeparture: 02/25/2026 00:02:21
    Required Energy: 70.10000038146974 kWh  Critical
    Exclude after:   
    Ignored till:    
    Schedule:        [16.0,16.0,16.0,0.0,0.0,0.0,0.0,0.0,0.0,0.0,0.0,0.0,0.0,0.0,0.0,0.0,0.0,0.0,0.0,0.0,0.0,0.0,0.0,0.0]
  22030428/2
    State:           Excluded {ChargingPausedByEv}
    Target:          0 A  Last: 0 A
    Current:         (0, 0, 0) A  Smoothed: (0, 0, 0) A
    Vehicle Limits:  Min: 6 A  Max: 16 A  Known
    Phase:           L123
    Arrival:         02/24/2026 19:36:48  PlannedDeparture: 02/25/2026 00:02:21
    Required Energy: 66.79999923706056 kWh  Critical
    Exclude after:   02/24/2026 23:29:45
    Ignored till:    
    Schedule:        [16.0,16.0,16.0,0.0,0.0,0.0,0.0,0.0,0.0,0.0,0.0,0.0,0.0,0.0,0.0,0.0,0.0,0.0,0.0,0.0,0.0,0.0,0.0,0.0]
2026-02-25 00:02:31 Verb  <#65> [Scheduler] - Instant solver finished in 107.6277 ms for 1/2 connectors
2026-02-25 00:02:31 Verb  <#65> [Scheduler] - Instant update result:
Available:   (32, 32, 32) A
Surplus:     (16, 16, 16)
Cluster Max: (32, 32, 32) A
Load Guard:
    Current:     (0, 0, 0; 0) A  Smoothed: (0, 0, 0) A
    Power:       (0, 0, 0: 0) kW
    Last Update: 01/01/0001 00:00:00  Offline
Connectors:
  22030428/1
    State:           Charging {Charging}
    Target:          16 A  Last: 16 A
    Current:         (15.638, 15.068, 15.044) A  Smoothed: (15.638024, 15.06803, 15.043971) A
    Vehicle Limits:  Min: 6 A  Max: 16 A  Known
    Phase:           L123
    Arrival:         02/24/2026 20:49:51  PlannedDeparture: 02/25/2026 00:02:21
    Required Energy: 70.10000038146974 kWh  Critical
    Exclude after:   
    Ignored till:    
    Schedule:        [16.0,16.0,16.0,0.0,0.0,0.0,0.0,0.0,0.0,0.0,0.0,0.0,0.0,0.0,0.0,0.0,0.0,0.0,0.0,0.0,0.0,0.0,0.0,0.0]
  22030428/2
    State:           Excluded {ChargingPausedByEv}
    Target:          0 A  Last: 0 A
    Current:         (0, 0, 0) A  Smoothed: (0, 0, 0) A
    Vehicle Limits:  Min: 6 A  Max: 16 A  Known
    Phase:           L123
    Arrival:         02/24/2026 19:36:48  PlannedDeparture: 02/25/2026 00:02:21
    Required Energy: 66.79999923706056 kWh  Critical
    Exclude after:   02/24/2026 23:29:45
    Ignored till:    
    Schedule:        [16.0,16.0,16.0,0.0,0.0,0.0,0.0,0.0,0.0,0.0,0.0,0.0,0.0,0.0,0.0,0.0,0.0,0.0,0.0,0.0,0.0,0.0,0.0,0.0]
2026-02-25 00:02:33 Verb  <#29> [Scheduler] - Instant solver finished in 320.8071 ms for 1/2 connectors
2026-02-25 00:02:33 Verb  <#29> [Scheduler] - Instant update result:
Available:   (32, 32, 32) A
Surplus:     (16, 16, 16)
Cluster Max: (32, 32, 32) A
Load Guard:
    Current:     (0, 0, 0; 0) A  Smoothed: (0, 0, 0) A
    Power:       (0, 0, 0: 0) kW
    Last Update: 01/01/0001 00:00:00  Offline
Connectors:
  22030428/1
    State:           Charging {Charging}
    Target:          16 A  Last: 16 A
    Current:         (15.638, 15.068, 15.044) A  Smoothed: (15.638009, 15.068012, 15.043988) A
    Vehicle Limits:  Min: 6 A  Max: 16 A  Known
    Phase:           L123
    Arrival:         02/24/2026 20:49:51  PlannedDeparture: 02/25/2026 00:02:21
    Required Energy: 70.10000038146974 kWh  Critical
    Exclude after:   
    Ignored till:    
    Schedule:        [16.0,16.0,16.0,0.0,0.0,0.0,0.0,0.0,0.0,0.0,0.0,0.0,0.0,0.0,0.0,0.0,0.0,0.0,0.0,0.0,0.0,0.0,0.0,0.0]
  22030428/2
    State:           Excluded {ChargingPausedByEv}
    Target:          0 A  Last: 0 A
    Current:         (0, 0, 0) A  Smoothed: (0, 0, 0) A
    Vehicle Limits:  Min: 6 A  Max: 16 A  Known
    Phase:           L123
    Arrival:         02/24/2026 19:36:48  PlannedDeparture: 02/25/2026 00:02:21
    Required Energy: 66.79999923706056 kWh  Critical
    Exclude after:   02/24/2026 23:29:45
    Ignored till:    
    Schedule:        [16.0,16.0,16.0,0.0,0.0,0.0,0.0,0.0,0.0,0.0,0.0,0.0,0.0,0.0,0.0,0.0,0.0,0.0,0.0,0.0,0.0,0.0,0.0,0.0]
2026-02-25 00:02:35 Verb  <#29> [Scheduler] - Instant solver finished in 76.7868 ms for 1/2 connectors
2026-02-25 00:02:35 Verb  <#29> [Scheduler] - Instant update result:
Available:   (32, 32, 32) A
Surplus:     (16, 16, 16)
Cluster Max: (32, 32, 32) A
Load Guard:
    Current:     (0, 0, 0; 0) A  Smoothed: (0, 0, 0) A
    Power:       (0, 0, 0: 0) kW
    Last Update: 01/01/0001 00:00:00  Offline
Connectors:
  22030428/1
    State:           Charging {Charging}
    Target:          16 A  Last: 16 A
    Current:         (15.638, 15.068, 15.044) A  Smoothed: (15.638003, 15.068005, 15.043995) A
    Vehicle Limits:  Min: 6 A  Max: 16 A  Known
    Phase:           L123
    Arrival:         02/24/2026 20:49:51  PlannedDeparture: 02/25/2026 00:02:21
    Required Energy: 70.10000038146974 kWh  Critical
    Exclude after:   
    Ignored till:    
    Schedule:        [16.0,16.0,16.0,0.0,0.0,0.0,0.0,0.0,0.0,0.0,0.0,0.0,0.0,0.0,0.0,0.0,0.0,0.0,0.0,0.0,0.0,0.0,0.0,0.0]
  22030428/2
    State:           Excluded {ChargingPausedByEv}
    Target:          0 A  Last: 0 A
    Current:         (0, 0, 0) A  Smoothed: (0, 0, 0) A
    Vehicle Limits:  Min: 6 A  Max: 16 A  Known
    Phase:           L123
    Arrival:         02/24/2026 19:36:48  PlannedDeparture: 02/25/2026 00:02:21
    Required Energy: 66.79999923706056 kWh  Critical
    Exclude after:   02/24/2026 23:29:45
    Ignored till:    
    Schedule:        [16.0,16.0,16.0,0.0,0.0,0.0,0.0,0.0,0.0,0.0,0.0,0.0,0.0,0.0,0.0,0.0,0.0,0.0,0.0,0.0,0.0,0.0,0.0,0.0]
2026-02-25 00:02:38 Verb  <#65> [Scheduler] - Instant solver finished in 75.4379 ms for 1/2 connectors
2026-02-25 00:02:38 Verb  <#65> [Scheduler] - Instant update result:
Available:   (32, 32, 32) A
Surplus:     (16, 16, 16)
Cluster Max: (32, 32, 32) A
Load Guard:
    Current:     (0, 0, 0; 0) A  Smoothed: (0, 0, 0) A
    Power:       (0, 0, 0: 0) kW
    Last Update: 01/01/0001 00:00:00  Offline
Connectors:
  22030428/1
    State:           Charging {Charging}
    Target:          16 A  Last: 16 A
    Current:         (15.638, 15.068, 15.044) A  Smoothed: (15.638001, 15.068002, 15.043998) A
    Vehicle Limits:  Min: 6 A  Max: 16 A  Known
    Phase:           L123
    Arrival:         02/24/2026 20:49:51  PlannedDeparture: 02/25/2026 00:02:21
    Required Energy: 70.10000038146974 kWh  Critical
    Exclude after:   
    Ignored till:    
    Schedule:        [16.0,16.0,16.0,0.0,0.0,0.0,0.0,0.0,0.0,0.0,0.0,0.0,0.0,0.0,0.0,0.0,0.0,0.0,0.0,0.0,0.0,0.0,0.0,0.0]
  22030428/2
    State:           Excluded {ChargingPausedByEv}
    Target:          0 A  Last: 0 A
    Current:         (0, 0, 0) A  Smoothed: (0, 0, 0) A
    Vehicle Limits:  Min: 6 A  Max: 16 A  Known
    Phase:           L123
    Arrival:         02/24/2026 19:36:48  PlannedDeparture: 02/25/2026 00:02:21
    Required Energy: 66.79999923706056 kWh  Critical
    Exclude after:   02/24/2026 23:29:45
    Ignored till:    
    Schedule:        [16.0,16.0,16.0,0.0,0.0,0.0,0.0,0.0,0.0,0.0,0.0,0.0,0.0,0.0,0.0,0.0,0.0,0.0,0.0,0.0,0.0,0.0,0.0,0.0]
2026-02-25 00:02:40 Verb  <#29> [Scheduler] - Instant solver finished in 112.5645 ms for 1/2 connectors
2026-02-25 00:02:40 Verb  <#29> [Scheduler] - Instant update result:
Available:   (32, 32, 32) A
Surplus:     (16, 16, 16)
Cluster Max: (32, 32, 32) A
Load Guard:
    Current:     (0, 0, 0; 0) A  Smoothed: (0, 0, 0) A
    Power:       (0, 0, 0: 0) kW
    Last Update: 01/01/0001 00:00:00  Offline
Connectors:
  22030428/1
    State:           Charging {Charging}
    Target:          16 A  Last: 16 A
    Current:         (15.638, 15.068, 15.044) A  Smoothed: (15.6380005, 15.068001, 15.043999) A
    Vehicle Limits:  Min: 6 A  Max: 16 A  Known
    Phase:           L123
    Arrival:         02/24/2026 20:49:51  PlannedDeparture: 02/25/2026 00:02:21
    Required Energy: 70.10000038146974 kWh  Critical
    Exclude after:   
    Ignored till:    
    Schedule:        [16.0,16.0,16.0,0.0,0.0,0.0,0.0,0.0,0.0,0.0,0.0,0.0,0.0,0.0,0.0,0.0,0.0,0.0,0.0,0.0,0.0,0.0,0.0,0.0]
  22030428/2
    State:           Excluded {ChargingPausedByEv}
    Target:          0 A  Last: 0 A
    Current:         (0, 0, 0) A  Smoothed: (0, 0, 0) A
    Vehicle Limits:  Min: 6 A  Max: 16 A  Known
    Phase:           L123
    Arrival:         02/24/2026 19:36:48  PlannedDeparture: 02/25/2026 00:02:21
    Required Energy: 66.79999923706056 kWh  Critical
    Exclude after:   02/24/2026 23:29:45
    Ignored till:    
    Schedule:        [16.0,16.0,16.0,0.0,0.0,0.0,0.0,0.0,0.0,0.0,0.0,0.0,0.0,0.0,0.0,0.0,0.0,0.0,0.0,0.0,0.0,0.0,0.0,0.0]
2026-02-25 00:02:42 Verb  <#29> [Scheduler] - Instant solver finished in 112.8172 ms for 1/2 connectors
2026-02-25 00:02:42 Verb  <#29> [Scheduler] - Instant update result:
Available:   (32, 32, 32) A
Surplus:     (16, 16, 16)
Cluster Max: (32, 32, 32) A
Load Guard:
    Current:     (0, 0, 0; 0) A  Smoothed: (0, 0, 0) A
    Power:       (0, 0, 0: 0) kW
    Last Update: 01/01/0001 00:00:00  Offline
Connectors:
  22030428/1
    State:           Charging {Charging}
    Target:          16 A  Last: 16 A
    Current:         (15.638, 15.068, 15.044) A  Smoothed: (15.638, 15.068, 15.044) A
    Vehicle Limits:  Min: 6 A  Max: 16 A  Known
    Phase:           L123
    Arrival:         02/24/2026 20:49:51  PlannedDeparture: 02/25/2026 00:02:21
    Required Energy: 70.10000038146974 kWh  Critical
    Exclude after:   
    Ignored till:    
    Schedule:        [16.0,16.0,16.0,0.0,0.0,0.0,0.0,0.0,0.0,0.0,0.0,0.0,0.0,0.0,0.0,0.0,0.0,0.0,0.0,0.0,0.0,0.0,0.0,0.0]
  22030428/2
    State:           Excluded {ChargingPausedByEv}
    Target:          0 A  Last: 0 A
    Current:         (0, 0, 0) A  Smoothed: (0, 0, 0) A
    Vehicle Limits:  Min: 6 A  Max: 16 A  Known
    Phase:           L123
    Arrival:         02/24/2026 19:36:48  PlannedDeparture: 02/25/2026 00:02:21
    Required Energy: 66.79999923706056 kWh  Critical
    Exclude after:   02/24/2026 23:29:45
    Ignored till:    
    Schedule:        [16.0,16.0,16.0,0.0,0.0,0.0,0.0,0.0,0.0,0.0,0.0,0.0,0.0,0.0,0.0,0.0,0.0,0.0,0.0,0.0,0.0,0.0,0.0,0.0]
2026-02-25 00:02:44 Verb  <#29> [Scheduler] - Instant solver finished in 80.6716 ms for 1/2 connectors
2026-02-25 00:02:44 Verb  <#29> [Scheduler] - Instant update result:
Available:   (32, 32, 32) A
Surplus:     (16, 16, 16)
Cluster Max: (32, 32, 32) A
Load Guard:
    Current:     (0, 0, 0; 0) A  Smoothed: (0, 0, 0) A
    Power:       (0, 0, 0: 0) kW
    Last Update: 01/01/0001 00:00:00  Offline
Connectors:
  22030428/1
    State:           Charging {Charging}
    Target:          16 A  Last: 16 A
    Current:         (15.638, 15.068, 15.044) A  Smoothed: (15.638, 15.068, 15.044) A
    Vehicle Limits:  Min: 6 A  Max: 16 A  Known
    Phase:           L123
    Arrival:         02/24/2026 20:49:51  PlannedDeparture: 02/25/2026 00:02:21
    Required Energy: 70.10000038146974 kWh  Critical
    Exclude after:   
    Ignored till:    
    Schedule:        [16.0,16.0,16.0,0.0,0.0,0.0,0.0,0.0,0.0,0.0,0.0,0.0,0.0,0.0,0.0,0.0,0.0,0.0,0.0,0.0,0.0,0.0,0.0,0.0]
  22030428/2
    State:           Excluded {ChargingPausedByEv}
    Target:          0 A  Last: 0 A
    Current:         (0, 0, 0) A  Smoothed: (0, 0, 0) A
    Vehicle Limits:  Min: 6 A  Max: 16 A  Known
    Phase:           L123
    Arrival:         02/24/2026 19:36:48  PlannedDeparture: 02/25/2026 00:02:21
    Required Energy: 66.79999923706056 kWh  Critical
    Exclude after:   02/24/2026 23:29:45
    Ignored till:    
    Schedule:        [16.0,16.0,16.0,0.0,0.0,0.0,0.0,0.0,0.0,0.0,0.0,0.0,0.0,0.0,0.0,0.0,0.0,0.0,0.0,0.0,0.0,0.0,0.0,0.0]
2026-02-25 00:02:46 Verb  <#65> [Scheduler] - Instant solver finished in 77.5422 ms for 1/2 connectors
2026-02-25 00:02:46 Verb  <#65> [Scheduler] - Instant update result:
Available:   (32, 32, 32) A
Surplus:     (16, 16, 16)
Cluster Max: (32, 32, 32) A
Load Guard:
    Current:     (0, 0, 0; 0) A  Smoothed: (0, 0, 0) A
    Power:       (0, 0, 0: 0) kW
    Last Update: 01/01/0001 00:00:00  Offline
Connectors:
  22030428/1
    State:           Charging {Charging}
    Target:          16 A  Last: 16 A
    Current:         (15.638, 15.068, 15.044) A  Smoothed: (15.638, 15.068, 15.044) A
    Vehicle Limits:  Min: 6 A  Max: 16 A  Known
    Phase:           L123
    Arrival:         02/24/2026 20:49:51  PlannedDeparture: 02/25/2026 00:02:21
    Required Energy: 70.10000038146974 kWh  Critical
    Exclude after:   
    Ignored till:    
    Schedule:        [16.0,16.0,16.0,0.0,0.0,0.0,0.0,0.0,0.0,0.0,0.0,0.0,0.0,0.0,0.0,0.0,0.0,0.0,0.0,0.0,0.0,0.0,0.0,0.0]
  22030428/2
    State:           Excluded {ChargingPausedByEv}
    Target:          0 A  Last: 0 A
    Current:         (0, 0, 0) A  Smoothed: (0, 0, 0) A
    Vehicle Limits:  Min: 6 A  Max: 16 A  Known
    Phase:           L123
    Arrival:         02/24/2026 19:36:48  PlannedDeparture: 02/25/2026 00:02:21
    Required Energy: 66.79999923706056 kWh  Critical
    Exclude after:   02/24/2026 23:29:45
    Ignored till:    
    Schedule:        [16.0,16.0,16.0,0.0,0.0,0.0,0.0,0.0,0.0,0.0,0.0,0.0,0.0,0.0,0.0,0.0,0.0,0.0,0.0,0.0,0.0,0.0,0.0,0.0]
2026-02-25 00:02:48 Verb  <#29> [Scheduler] - Instant solver finished in 106.5059 ms for 1/2 connectors
2026-02-25 00:02:48 Verb  <#29> [Scheduler] - Instant update result:
Available:   (32, 32, 32) A
Surplus:     (16, 16, 16)
Cluster Max: (32, 32, 32) A
Load Guard:
    Current:     (0, 0, 0; 0) A  Smoothed: (0, 0, 0) A
    Power:       (0, 0, 0: 0) kW
    Last Update: 01/01/0001 00:00:00  Offline
Connectors:
  22030428/1
    State:           Charging {Charging}
    Target:          16 A  Last: 16 A
    Current:         (15.638, 15.068, 15.044) A  Smoothed: (15.638, 15.068, 15.044) A
    Vehicle Limits:  Min: 6 A  Max: 16 A  Known
    Phase:           L123
    Arrival:         02/24/2026 20:49:51  PlannedDeparture: 02/25/2026 00:02:21
    Required Energy: 70.10000038146974 kWh  Critical
    Exclude after:   
    Ignored till:    
    Schedule:        [16.0,16.0,16.0,0.0,0.0,0.0,0.0,0.0,0.0,0.0,0.0,0.0,0.0,0.0,0.0,0.0,0.0,0.0,0.0,0.0,0.0,0.0,0.0,0.0]
  22030428/2
    State:           Excluded {ChargingPausedByEv}
    Target:          0 A  Last: 0 A
    Current:         (0, 0, 0) A  Smoothed: (0, 0, 0) A
    Vehicle Limits:  Min: 6 A  Max: 16 A  Known
    Phase:           L123
    Arrival:         02/24/2026 19:36:48  PlannedDeparture: 02/25/2026 00:02:21
    Required Energy: 66.79999923706056 kWh  Critical
    Exclude after:   02/24/2026 23:29:45
    Ignored till:    
    Schedule:        [16.0,16.0,16.0,0.0,0.0,0.0,0.0,0.0,0.0,0.0,0.0,0.0,0.0,0.0,0.0,0.0,0.0,0.0,0.0,0.0,0.0,0.0,0.0,0.0]
2026-02-25 00:02:50 Verb  <#29> [Scheduler] - Instant solver finished in 181.4116 ms for 1/2 connectors
2026-02-25 00:02:50 Verb  <#29> [Scheduler] - Instant update result:
Available:   (32, 32, 32) A
Surplus:     (16, 16, 16)
Cluster Max: (32, 32, 32) A
Load Guard:
    Current:     (0, 0, 0; 0) A  Smoothed: (0, 0, 0) A
    Power:       (0, 0, 0: 0) kW
    Last Update: 01/01/0001 00:00:00  Offline
Connectors:
  22030428/1
    State:           Charging {Charging}
    Target:          16 A  Last: 16 A
    Current:         (15.638, 15.068, 15.044) A  Smoothed: (15.638, 15.068, 15.044) A
    Vehicle Limits:  Min: 6 A  Max: 16 A  Known
    Phase:           L123
    Arrival:         02/24/2026 20:49:51  PlannedDeparture: 02/25/2026 00:02:21
    Required Energy: 70.10000038146974 kWh  Critical
    Exclude after:   
    Ignored till:    
    Schedule:        [16.0,16.0,16.0,0.0,0.0,0.0,0.0,0.0,0.0,0.0,0.0,0.0,0.0,0.0,0.0,0.0,0.0,0.0,0.0,0.0,0.0,0.0,0.0,0.0]
  22030428/2
    State:           Excluded {ChargingPausedByEv}
    Target:          0 A  Last: 0 A
    Current:         (0, 0, 0) A  Smoothed: (0, 0, 0) A
    Vehicle Limits:  Min: 6 A  Max: 16 A  Known
    Phase:           L123
    Arrival:         02/24/2026 19:36:48  PlannedDeparture: 02/25/2026 00:02:21
    Required Energy: 66.79999923706056 kWh  Critical
    Exclude after:   02/24/2026 23:29:45
    Ignored till:    
    Schedule:        [16.0,16.0,16.0,0.0,0.0,0.0,0.0,0.0,0.0,0.0,0.0,0.0,0.0,0.0,0.0,0.0,0.0,0.0,0.0,0.0,0.0,0.0,0.0,0.0]
2026-02-25 00:02:53 Verb  <#51> [Scheduler] - Instant solver finished in 177.0014 ms for 1/2 connectors
2026-02-25 00:02:53 Verb  <#51> [Scheduler] - Instant update result:
Available:   (32, 32, 32) A
Surplus:     (16, 16, 16)
Cluster Max: (32, 32, 32) A
Load Guard:
    Current:     (0, 0, 0; 0) A  Smoothed: (0, 0, 0) A
    Power:       (0, 0, 0: 0) kW
    Last Update: 01/01/0001 00:00:00  Offline
Connectors:
  22030428/1
    State:           Charging {Charging}
    Target:          16 A  Last: 16 A
    Current:         (15.613, 15.134, 14.999) A  Smoothed: (15.6146, 15.129776, 15.00188) A
    Vehicle Limits:  Min: 6 A  Max: 16 A  Known
    Phase:           L123
    Arrival:         02/24/2026 20:49:51  PlannedDeparture: 02/25/2026 00:02:51
    Required Energy: 70 kWh  Critical
    Exclude after:   
    Ignored till:    
    Schedule:        [16.0,16.0,16.0,0.0,0.0,0.0,0.0,0.0,0.0,0.0,0.0,0.0,0.0,0.0,0.0,0.0,0.0,0.0,0.0,0.0,0.0,0.0,0.0,0.0]
  22030428/2
    State:           Excluded {ChargingPausedByEv}
    Target:          0 A  Last: 0 A
    Current:         (0, 0, 0) A  Smoothed: (0, 0, 0) A
    Vehicle Limits:  Min: 6 A  Max: 16 A  Known
    Phase:           L123
    Arrival:         02/24/2026 19:36:48  PlannedDeparture: 02/25/2026 00:02:51
    Required Energy: 66.79999923706056 kWh  Critical
    Exclude after:   02/24/2026 23:29:45
    Ignored till:    
    Schedule:        [16.0,16.0,16.0,0.0,0.0,0.0,0.0,0.0,0.0,0.0,0.0,0.0,0.0,0.0,0.0,0.0,0.0,0.0,0.0,0.0,0.0,0.0,0.0,0.0]
2026-02-25 00:02:55 Verb  <#65> [Scheduler] - Instant solver finished in 118.866 ms for 1/2 connectors
2026-02-25 00:02:55 Verb  <#65> [Scheduler] - Instant update result:
Available:   (32, 32, 32) A
Surplus:     (16, 16, 16)
Cluster Max: (32, 32, 32) A
Load Guard:
    Current:     (0, 0, 0; 0) A  Smoothed: (0, 0, 0) A
    Power:       (0, 0, 0: 0) kW
    Last Update: 01/01/0001 00:00:00  Offline
Connectors:
  22030428/1
    State:           Charging {Charging}
    Target:          16 A  Last: 16 A
    Current:         (15.613, 15.134, 14.999) A  Smoothed: (15.61364, 15.13231, 15.000152) A
    Vehicle Limits:  Min: 6 A  Max: 16 A  Known
    Phase:           L123
    Arrival:         02/24/2026 20:49:51  PlannedDeparture: 02/25/2026 00:02:51
    Required Energy: 70 kWh  Critical
    Exclude after:   
    Ignored till:    
    Schedule:        [16.0,16.0,16.0,0.0,0.0,0.0,0.0,0.0,0.0,0.0,0.0,0.0,0.0,0.0,0.0,0.0,0.0,0.0,0.0,0.0,0.0,0.0,0.0,0.0]
  22030428/2
    State:           Excluded {ChargingPausedByEv}
    Target:          0 A  Last: 0 A
    Current:         (0, 0, 0) A  Smoothed: (0, 0, 0) A
    Vehicle Limits:  Min: 6 A  Max: 16 A  Known
    Phase:           L123
    Arrival:         02/24/2026 19:36:48  PlannedDeparture: 02/25/2026 00:02:51
    Required Energy: 66.79999923706056 kWh  Critical
    Exclude after:   02/24/2026 23:29:45
    Ignored till:    
    Schedule:        [16.0,16.0,16.0,0.0,0.0,0.0,0.0,0.0,0.0,0.0,0.0,0.0,0.0,0.0,0.0,0.0,0.0,0.0,0.0,0.0,0.0,0.0,0.0,0.0]
2026-02-25 00:02:57 Verb  <#29> [Scheduler] - Instant solver finished in 144.1167 ms for 1/2 connectors
2026-02-25 00:02:57 Verb  <#29> [Scheduler] - Instant update result:
Available:   (32, 32, 32) A
Surplus:     (16, 16, 16)
Cluster Max: (32, 32, 32) A
Load Guard:
    Current:     (0, 0, 0; 0) A  Smoothed: (0, 0, 0) A
    Power:       (0, 0, 0: 0) kW
    Last Update: 01/01/0001 00:00:00  Offline
Connectors:
  22030428/1
    State:           Charging {Charging}
    Target:          16 A  Last: 16 A
    Current:         (15.824, 15.277, 15.182) A  Smoothed: (15.790342, 15.25385, 15.1529045) A
    Vehicle Limits:  Min: 6 A  Max: 16 A  Known
    Phase:           L123
    Arrival:         02/24/2026 20:49:51  PlannedDeparture: 02/25/2026 00:02:51
    Required Energy: 70 kWh  Critical
    Exclude after:   
    Ignored till:    
    Schedule:        [16.0,16.0,16.0,0.0,0.0,0.0,0.0,0.0,0.0,0.0,0.0,0.0,0.0,0.0,0.0,0.0,0.0,0.0,0.0,0.0,0.0,0.0,0.0,0.0]
  22030428/2
    State:           Excluded {ChargingPausedByEv}
    Target:          0 A  Last: 0 A
    Current:         (0, 0, 0) A  Smoothed: (0, 0, 0) A
    Vehicle Limits:  Min: 6 A  Max: 16 A  Known
    Phase:           L123
    Arrival:         02/24/2026 19:36:48  PlannedDeparture: 02/25/2026 00:02:51
    Required Energy: 66.79999923706056 kWh  Critical
    Exclude after:   02/24/2026 23:29:45
    Ignored till:    
    Schedule:        [16.0,16.0,16.0,0.0,0.0,0.0,0.0,0.0,0.0,0.0,0.0,0.0,0.0,0.0,0.0,0.0,0.0,0.0,0.0,0.0,0.0,0.0,0.0,0.0]
2026-02-25 00:02:59 Verb  <#65> [Scheduler] - Instant solver finished in 141.2349 ms for 1/2 connectors
2026-02-25 00:02:59 Verb  <#65> [Scheduler] - Instant update result:
Available:   (32, 32, 32) A
Surplus:     (16, 16, 16)
Cluster Max: (32, 32, 32) A
Load Guard:
    Current:     (0, 0, 0; 0) A  Smoothed: (0, 0, 0) A
    Power:       (0, 0, 0: 0) kW
    Last Update: 01/01/0001 00:00:00  Offline
Connectors:
  22030428/1
    State:           Charging {Charging}
    Target:          16 A  Last: 16 A
    Current:         (15.824, 15.277, 15.182) A  Smoothed: (15.810537, 15.26774, 15.1703615) A
    Vehicle Limits:  Min: 6 A  Max: 16 A  Known
    Phase:           L123
    Arrival:         02/24/2026 20:49:51  PlannedDeparture: 02/25/2026 00:02:51
    Required Energy: 70 kWh  Critical
    Exclude after:   
    Ignored till:    
    Schedule:        [16.0,16.0,16.0,0.0,0.0,0.0,0.0,0.0,0.0,0.0,0.0,0.0,0.0,0.0,0.0,0.0,0.0,0.0,0.0,0.0,0.0,0.0,0.0,0.0]
  22030428/2
    State:           Excluded {ChargingPausedByEv}
    Target:          0 A  Last: 0 A
    Current:         (0, 0, 0) A  Smoothed: (0, 0, 0) A
    Vehicle Limits:  Min: 6 A  Max: 16 A  Known
    Phase:           L123
    Arrival:         02/24/2026 19:36:48  PlannedDeparture: 02/25/2026 00:02:51
    Required Energy: 66.79999923706056 kWh  Critical
    Exclude after:   02/24/2026 23:29:45
    Ignored till:    
    Schedule:        [16.0,16.0,16.0,0.0,0.0,0.0,0.0,0.0,0.0,0.0,0.0,0.0,0.0,0.0,0.0,0.0,0.0,0.0,0.0,0.0,0.0,0.0,0.0,0.0]
2026-02-25 00:03:01 Verb  <#29> [Scheduler] - Instant solver finished in 85.7834 ms for 1/2 connectors
2026-02-25 00:03:01 Verb  <#29> [Scheduler] - Instant update result:
Available:   (32, 32, 32) A
Surplus:     (16, 16, 16)
Cluster Max: (32, 32, 32) A
Load Guard:
    Current:     (0, 0, 0; 0) A  Smoothed: (0, 0, 0) A
    Power:       (0, 0, 0: 0) kW
    Last Update: 01/01/0001 00:00:00  Offline
Connectors:
  22030428/1
    State:           Charging {Charging}
    Target:          16 A  Last: 16 A
    Current:         (15.824, 15.277, 15.182) A  Smoothed: (15.818615, 15.273296, 15.177344) A
    Vehicle Limits:  Min: 6 A  Max: 16 A  Known
    Phase:           L123
    Arrival:         02/24/2026 20:49:51  PlannedDeparture: 02/25/2026 00:02:51
    Required Energy: 70 kWh  Critical
    Exclude after:   
    Ignored till:    
    Schedule:        [16.0,16.0,16.0,0.0,0.0,0.0,0.0,0.0,0.0,0.0,0.0,0.0,0.0,0.0,0.0,0.0,0.0,0.0,0.0,0.0,0.0,0.0,0.0,0.0]
  22030428/2
    State:           Excluded {ChargingPausedByEv}
    Target:          0 A  Last: 0 A
    Current:         (0, 0, 0) A  Smoothed: (0, 0, 0) A
    Vehicle Limits:  Min: 6 A  Max: 16 A  Known
    Phase:           L123
    Arrival:         02/24/2026 19:36:48  PlannedDeparture: 02/25/2026 00:02:51
    Required Energy: 66.79999923706056 kWh  Critical
    Exclude after:   02/24/2026 23:29:45
    Ignored till:    
    Schedule:        [16.0,16.0,16.0,0.0,0.0,0.0,0.0,0.0,0.0,0.0,0.0,0.0,0.0,0.0,0.0,0.0,0.0,0.0,0.0,0.0,0.0,0.0,0.0,0.0]
2026-02-25 00:03:03 Verb  <#65> [Scheduler] - Instant solver finished in 256.1869 ms for 1/2 connectors
2026-02-25 00:03:03 Verb  <#65> [Scheduler] - Instant update result:
Available:   (32, 32, 32) A
Surplus:     (16, 16, 16)
Cluster Max: (32, 32, 32) A
Load Guard:
    Current:     (0, 0, 0; 0) A  Smoothed: (0, 0, 0) A
    Power:       (0, 0, 0: 0) kW
    Last Update: 01/01/0001 00:00:00  Offline
Connectors:
  22030428/1
    State:           Charging {Charging}
    Target:          16 A  Last: 16 A
    Current:         (15.824, 15.277, 15.182) A  Smoothed: (15.821846, 15.275518, 15.180138) A
    Vehicle Limits:  Min: 6 A  Max: 16 A  Known
    Phase:           L123
    Arrival:         02/24/2026 20:49:51  PlannedDeparture: 02/25/2026 00:02:51
    Required Energy: 70 kWh  Critical
    Exclude after:   
    Ignored till:    
    Schedule:        [16.0,16.0,16.0,0.0,0.0,0.0,0.0,0.0,0.0,0.0,0.0,0.0,0.0,0.0,0.0,0.0,0.0,0.0,0.0,0.0,0.0,0.0,0.0,0.0]
  22030428/2
    State:           Excluded {ChargingPausedByEv}
    Target:          0 A  Last: 0 A
    Current:         (0, 0, 0) A  Smoothed: (0, 0, 0) A
    Vehicle Limits:  Min: 6 A  Max: 16 A  Known
    Phase:           L123
    Arrival:         02/24/2026 19:36:48  PlannedDeparture: 02/25/2026 00:02:51
    Required Energy: 66.79999923706056 kWh  Critical
    Exclude after:   02/24/2026 23:29:45
    Ignored till:    
    Schedule:        [16.0,16.0,16.0,0.0,0.0,0.0,0.0,0.0,0.0,0.0,0.0,0.0,0.0,0.0,0.0,0.0,0.0,0.0,0.0,0.0,0.0,0.0,0.0,0.0]
2026-02-25 00:03:06 Verb  <#65> [Scheduler] - Instant solver finished in 92.202 ms for 1/2 connectors
2026-02-25 00:03:06 Verb  <#65> [Scheduler] - Instant update result:
Available:   (32, 32, 32) A
Surplus:     (16, 16, 16)
Cluster Max: (32, 32, 32) A
Load Guard:
    Current:     (0, 0, 0; 0) A  Smoothed: (0, 0, 0) A
    Power:       (0, 0, 0: 0) kW
    Last Update: 01/01/0001 00:00:00  Offline
Connectors:
  22030428/1
    State:           Charging {Charging}
    Target:          16 A  Last: 16 A
    Current:         (15.824, 15.277, 15.182) A  Smoothed: (15.823138, 15.276407, 15.181255) A
    Vehicle Limits:  Min: 6 A  Max: 16 A  Known
    Phase:           L123
    Arrival:         02/24/2026 20:49:51  PlannedDeparture: 02/25/2026 00:02:51
    Required Energy: 70 kWh  Critical
    Exclude after:   
    Ignored till:    
    Schedule:        [16.0,16.0,16.0,0.0,0.0,0.0,0.0,0.0,0.0,0.0,0.0,0.0,0.0,0.0,0.0,0.0,0.0,0.0,0.0,0.0,0.0,0.0,0.0,0.0]
  22030428/2
    State:           Excluded {ChargingPausedByEv}
    Target:          0 A  Last: 0 A
    Current:         (0, 0, 0) A  Smoothed: (0, 0, 0) A
    Vehicle Limits:  Min: 6 A  Max: 16 A  Known
    Phase:           L123
    Arrival:         02/24/2026 19:36:48  PlannedDeparture: 02/25/2026 00:02:51
    Required Energy: 66.79999923706056 kWh  Critical
    Exclude after:   02/24/2026 23:29:45
    Ignored till:    
    Schedule:        [16.0,16.0,16.0,0.0,0.0,0.0,0.0,0.0,0.0,0.0,0.0,0.0,0.0,0.0,0.0,0.0,0.0,0.0,0.0,0.0,0.0,0.0,0.0,0.0]
2026-02-25 00:03:08 Verb  <#29> [Scheduler] - Instant solver finished in 77.6345 ms for 1/2 connectors
2026-02-25 00:03:08 Verb  <#29> [Scheduler] - Instant update result:
Available:   (32, 32, 32) A
Surplus:     (16, 16, 16)
Cluster Max: (32, 32, 32) A
Load Guard:
    Current:     (0, 0, 0; 0) A  Smoothed: (0, 0, 0) A
    Power:       (0, 0, 0: 0) kW
    Last Update: 01/01/0001 00:00:00  Offline
Connectors:
  22030428/1
    State:           Charging {Charging}
    Target:          16 A  Last: 16 A
    Current:         (15.824, 15.277, 15.182) A  Smoothed: (15.823655, 15.276763, 15.181703) A
    Vehicle Limits:  Min: 6 A  Max: 16 A  Known
    Phase:           L123
    Arrival:         02/24/2026 20:49:51  PlannedDeparture: 02/25/2026 00:02:51
    Required Energy: 70 kWh  Critical
    Exclude after:   
    Ignored till:    
    Schedule:        [16.0,16.0,16.0,0.0,0.0,0.0,0.0,0.0,0.0,0.0,0.0,0.0,0.0,0.0,0.0,0.0,0.0,0.0,0.0,0.0,0.0,0.0,0.0,0.0]
  22030428/2
    State:           Excluded {ChargingPausedByEv}
    Target:          0 A  Last: 0 A
    Current:         (0, 0, 0) A  Smoothed: (0, 0, 0) A
    Vehicle Limits:  Min: 6 A  Max: 16 A  Known
    Phase:           L123
    Arrival:         02/24/2026 19:36:48  PlannedDeparture: 02/25/2026 00:02:51
    Required Energy: 66.79999923706056 kWh  Critical
    Exclude after:   02/24/2026 23:29:45
    Ignored till:    
    Schedule:        [16.0,16.0,16.0,0.0,0.0,0.0,0.0,0.0,0.0,0.0,0.0,0.0,0.0,0.0,0.0,0.0,0.0,0.0,0.0,0.0,0.0,0.0,0.0,0.0]
2026-02-25 00:03:10 Verb  <#29> [Scheduler] - Instant solver finished in 76.4448 ms for 1/2 connectors
2026-02-25 00:03:10 Verb  <#29> [Scheduler] - Instant update result:
Available:   (32, 32, 32) A
Surplus:     (16, 16, 16)
Cluster Max: (32, 32, 32) A
Load Guard:
    Current:     (0, 0, 0; 0) A  Smoothed: (0, 0, 0) A
    Power:       (0, 0, 0: 0) kW
    Last Update: 01/01/0001 00:00:00  Offline
Connectors:
  22030428/1
    State:           Charging {Charging}
    Target:          16 A  Last: 16 A
    Current:         (15.824, 15.277, 15.182) A  Smoothed: (15.823862, 15.276905, 15.181881) A
    Vehicle Limits:  Min: 6 A  Max: 16 A  Known
    Phase:           L123
    Arrival:         02/24/2026 20:49:51  PlannedDeparture: 02/25/2026 00:02:51
    Required Energy: 70 kWh  Critical
    Exclude after:   
    Ignored till:    
    Schedule:        [16.0,16.0,16.0,0.0,0.0,0.0,0.0,0.0,0.0,0.0,0.0,0.0,0.0,0.0,0.0,0.0,0.0,0.0,0.0,0.0,0.0,0.0,0.0,0.0]
  22030428/2
    State:           Excluded {ChargingPausedByEv}
    Target:          0 A  Last: 0 A
    Current:         (0, 0, 0) A  Smoothed: (0, 0, 0) A
    Vehicle Limits:  Min: 6 A  Max: 16 A  Known
    Phase:           L123
    Arrival:         02/24/2026 19:36:48  PlannedDeparture: 02/25/2026 00:02:51
    Required Energy: 66.79999923706056 kWh  Critical
    Exclude after:   02/24/2026 23:29:45
    Ignored till:    
    Schedule:        [16.0,16.0,16.0,0.0,0.0,0.0,0.0,0.0,0.0,0.0,0.0,0.0,0.0,0.0,0.0,0.0,0.0,0.0,0.0,0.0,0.0,0.0,0.0,0.0]
2026-02-25 00:03:12 Verb  <#29> [Scheduler] - Instant solver finished in 125.4089 ms for 1/2 connectors
2026-02-25 00:03:12 Verb  <#29> [Scheduler] - Instant update result:
Available:   (32, 32, 32) A
Surplus:     (16, 16, 16)
Cluster Max: (32, 32, 32) A
Load Guard:
    Current:     (0, 0, 0; 0) A  Smoothed: (0, 0, 0) A
    Power:       (0, 0, 0: 0) kW
    Last Update: 01/01/0001 00:00:00  Offline
Connectors:
  22030428/1
    State:           Charging {Charging}
    Target:          16 A  Last: 16 A
    Current:         (15.824, 15.277, 15.182) A  Smoothed: (15.823945, 15.276962, 15.181952) A
    Vehicle Limits:  Min: 6 A  Max: 16 A  Known
    Phase:           L123
    Arrival:         02/24/2026 20:49:51  PlannedDeparture: 02/25/2026 00:02:51
    Required Energy: 70 kWh  Critical
    Exclude after:   
    Ignored till:    
    Schedule:        [16.0,16.0,16.0,0.0,0.0,0.0,0.0,0.0,0.0,0.0,0.0,0.0,0.0,0.0,0.0,0.0,0.0,0.0,0.0,0.0,0.0,0.0,0.0,0.0]
  22030428/2
    State:           Excluded {ChargingPausedByEv}
    Target:          0 A  Last: 0 A
    Current:         (0, 0, 0) A  Smoothed: (0, 0, 0) A
    Vehicle Limits:  Min: 6 A  Max: 16 A  Known
    Phase:           L123
    Arrival:         02/24/2026 19:36:48  PlannedDeparture: 02/25/2026 00:02:51
    Required Energy: 66.79999923706056 kWh  Critical
    Exclude after:   02/24/2026 23:29:45
    Ignored till:    
    Schedule:        [16.0,16.0,16.0,0.0,0.0,0.0,0.0,0.0,0.0,0.0,0.0,0.0,0.0,0.0,0.0,0.0,0.0,0.0,0.0,0.0,0.0,0.0,0.0,0.0]
2026-02-25 00:03:14 Verb  <#65> [Scheduler] - Instant solver finished in 125.3496 ms for 1/2 connectors
2026-02-25 00:03:14 Verb  <#65> [Scheduler] - Instant update result:
Available:   (32, 32, 32) A
Surplus:     (16, 16, 16)
Cluster Max: (32, 32, 32) A
Load Guard:
    Current:     (0, 0, 0; 0) A  Smoothed: (0, 0, 0) A
    Power:       (0, 0, 0: 0) kW
    Last Update: 01/01/0001 00:00:00  Offline
Connectors:
  22030428/1
    State:           Charging {Charging}
    Target:          16 A  Last: 16 A
    Current:         (15.824, 15.277, 15.182) A  Smoothed: (15.823978, 15.276985, 15.181981) A
    Vehicle Limits:  Min: 6 A  Max: 16 A  Known
    Phase:           L123
    Arrival:         02/24/2026 20:49:51  PlannedDeparture: 02/25/2026 00:02:51
    Required Energy: 70 kWh  Critical
    Exclude after:   
    Ignored till:    
    Schedule:        [16.0,16.0,16.0,0.0,0.0,0.0,0.0,0.0,0.0,0.0,0.0,0.0,0.0,0.0,0.0,0.0,0.0,0.0,0.0,0.0,0.0,0.0,0.0,0.0]
  22030428/2
    State:           Excluded {ChargingPausedByEv}
    Target:          0 A  Last: 0 A
    Current:         (0, 0, 0) A  Smoothed: (0, 0, 0) A
    Vehicle Limits:  Min: 6 A  Max: 16 A  Known
    Phase:           L123
    Arrival:         02/24/2026 19:36:48  PlannedDeparture: 02/25/2026 00:02:51
    Required Energy: 66.79999923706056 kWh  Critical
    Exclude after:   02/24/2026 23:29:45
    Ignored till:    
    Schedule:        [16.0,16.0,16.0,0.0,0.0,0.0,0.0,0.0,0.0,0.0,0.0,0.0,0.0,0.0,0.0,0.0,0.0,0.0,0.0,0.0,0.0,0.0,0.0,0.0]
2026-02-25 00:03:16 Verb  <#51> [Scheduler] - Instant solver finished in 95.9338 ms for 1/2 connectors
2026-02-25 00:03:16 Verb  <#51> [Scheduler] - Instant update result:
Available:   (32, 32, 32) A
Surplus:     (16, 16, 16)
Cluster Max: (32, 32, 32) A
Load Guard:
    Current:     (0, 0, 0; 0) A  Smoothed: (0, 0, 0) A
    Power:       (0, 0, 0: 0) kW
    Last Update: 01/01/0001 00:00:00  Offline
Connectors:
  22030428/1
    State:           Charging {Charging}
    Target:          16 A  Last: 16 A
    Current:         (15.824, 15.277, 15.182) A  Smoothed: (15.823992, 15.276995, 15.181993) A
    Vehicle Limits:  Min: 6 A  Max: 16 A  Known
    Phase:           L123
    Arrival:         02/24/2026 20:49:51  PlannedDeparture: 02/25/2026 00:02:51
    Required Energy: 70 kWh  Critical
    Exclude after:   
    Ignored till:    
    Schedule:        [16.0,16.0,16.0,0.0,0.0,0.0,0.0,0.0,0.0,0.0,0.0,0.0,0.0,0.0,0.0,0.0,0.0,0.0,0.0,0.0,0.0,0.0,0.0,0.0]
  22030428/2
    State:           Excluded {ChargingPausedByEv}
    Target:          0 A  Last: 0 A
    Current:         (0, 0, 0) A  Smoothed: (0, 0, 0) A
    Vehicle Limits:  Min: 6 A  Max: 16 A  Known
    Phase:           L123
    Arrival:         02/24/2026 19:36:48  PlannedDeparture: 02/25/2026 00:02:51
    Required Energy: 66.79999923706056 kWh  Critical
    Exclude after:   02/24/2026 23:29:45
    Ignored till:    
    Schedule:        [16.0,16.0,16.0,0.0,0.0,0.0,0.0,0.0,0.0,0.0,0.0,0.0,0.0,0.0,0.0,0.0,0.0,0.0,0.0,0.0,0.0,0.0,0.0,0.0]
2026-02-25 00:03:18 Verb  <#51> [Scheduler] - Instant solver finished in 82.5541 ms for 1/2 connectors
2026-02-25 00:03:18 Verb  <#51> [Scheduler] - Instant update result:
Available:   (32, 32, 32) A
Surplus:     (16, 16, 16)
Cluster Max: (32, 32, 32) A
Load Guard:
    Current:     (0, 0, 0; 0) A  Smoothed: (0, 0, 0) A
    Power:       (0, 0, 0: 0) kW
    Last Update: 01/01/0001 00:00:00  Offline
Connectors:
  22030428/1
    State:           Charging {Charging}
    Target:          16 A  Last: 16 A
    Current:         (15.824, 15.277, 15.182) A  Smoothed: (15.823997, 15.2769985, 15.181997) A
    Vehicle Limits:  Min: 6 A  Max: 16 A  Known
    Phase:           L123
    Arrival:         02/24/2026 20:49:51  PlannedDeparture: 02/25/2026 00:02:51
    Required Energy: 70 kWh  Critical
    Exclude after:   
    Ignored till:    
    Schedule:        [16.0,16.0,16.0,0.0,0.0,0.0,0.0,0.0,0.0,0.0,0.0,0.0,0.0,0.0,0.0,0.0,0.0,0.0,0.0,0.0,0.0,0.0,0.0,0.0]
  22030428/2
    State:           Excluded {ChargingPausedByEv}
    Target:          0 A  Last: 0 A
    Current:         (0, 0, 0) A  Smoothed: (0, 0, 0) A
    Vehicle Limits:  Min: 6 A  Max: 16 A  Known
    Phase:           L123
    Arrival:         02/24/2026 19:36:48  PlannedDeparture: 02/25/2026 00:02:51
    Required Energy: 66.79999923706056 kWh  Critical
    Exclude after:   02/24/2026 23:29:45
    Ignored till:    
    Schedule:        [16.0,16.0,16.0,0.0,0.0,0.0,0.0,0.0,0.0,0.0,0.0,0.0,0.0,0.0,0.0,0.0,0.0,0.0,0.0,0.0,0.0,0.0,0.0,0.0]
2026-02-25 00:03:20 Verb  <#65> [Scheduler] - Instant solver finished in 286.3212 ms for 1/2 connectors
2026-02-25 00:03:21 Verb  <#65> [Scheduler] - Instant update result:
Available:   (32, 32, 32) A
Surplus:     (16, 16, 16)
Cluster Max: (32, 32, 32) A
Load Guard:
    Current:     (0, 0, 0; 0) A  Smoothed: (0, 0, 0) A
    Power:       (0, 0, 0: 0) kW
    Last Update: 01/01/0001 00:00:00  Offline
Connectors:
  22030428/1
    State:           Charging {Charging}
    Target:          16 A  Last: 16 A
    Current:         (15.824, 15.277, 15.182) A  Smoothed: (15.823998, 15.276999, 15.181999) A
    Vehicle Limits:  Min: 6 A  Max: 16 A  Known
    Phase:           L123
    Arrival:         02/24/2026 20:49:51  PlannedDeparture: 02/25/2026 00:02:51
    Required Energy: 70 kWh  Critical
    Exclude after:   
    Ignored till:    
    Schedule:        [16.0,16.0,16.0,0.0,0.0,0.0,0.0,0.0,0.0,0.0,0.0,0.0,0.0,0.0,0.0,0.0,0.0,0.0,0.0,0.0,0.0,0.0,0.0,0.0]
  22030428/2
    State:           Excluded {ChargingPausedByEv}
    Target:          0 A  Last: 0 A
    Current:         (0, 0, 0) A  Smoothed: (0, 0, 0) A
    Vehicle Limits:  Min: 6 A  Max: 16 A  Known
    Phase:           L123
    Arrival:         02/24/2026 19:36:48  PlannedDeparture: 02/25/2026 00:02:51
    Required Energy: 66.79999923706056 kWh  Critical
    Exclude after:   02/24/2026 23:29:45
    Ignored till:    
    Schedule:        [16.0,16.0,16.0,0.0,0.0,0.0,0.0,0.0,0.0,0.0,0.0,0.0,0.0,0.0,0.0,0.0,0.0,0.0,0.0,0.0,0.0,0.0,0.0,0.0]
2026-02-25 00:03:23 Verb  <#51> [Scheduler] - Instant solver finished in 90.2741 ms for 1/2 connectors
2026-02-25 00:03:23 Verb  <#51> [Scheduler] - Instant update result:
Available:   (32, 32, 32) A
Surplus:     (16, 16, 16)
Cluster Max: (32, 32, 32) A
Load Guard:
    Current:     (0, 0, 0; 0) A  Smoothed: (0, 0, 0) A
    Power:       (0, 0, 0: 0) kW
    Last Update: 01/01/0001 00:00:00  Offline
Connectors:
  22030428/1
    State:           Charging {Charging}
    Target:          16 A  Last: 16 A
    Current:         (15.717, 15.31, 15.195) A  Smoothed: (15.734119, 15.30472, 15.19292) A
    Vehicle Limits:  Min: 6 A  Max: 16 A  Known
    Phase:           L123
    Arrival:         02/24/2026 20:49:51  PlannedDeparture: 02/25/2026 00:03:21
    Required Energy: 70 kWh  Critical
    Exclude after:   
    Ignored till:    
    Schedule:        [16.0,16.0,16.0,0.0,0.0,0.0,0.0,0.0,0.0,0.0,0.0,0.0,0.0,0.0,0.0,0.0,0.0,0.0,0.0,0.0,0.0,0.0,0.0,0.0]
  22030428/2
    State:           Excluded {ChargingPausedByEv}
    Target:          0 A  Last: 0 A
    Current:         (0, 0, 0) A  Smoothed: (0, 0, 0) A
    Vehicle Limits:  Min: 6 A  Max: 16 A  Known
    Phase:           L123
    Arrival:         02/24/2026 19:36:48  PlannedDeparture: 02/25/2026 00:03:21
    Required Energy: 66.79999923706056 kWh  Critical
    Exclude after:   02/24/2026 23:29:45
    Ignored till:    
    Schedule:        [16.0,16.0,16.0,0.0,0.0,0.0,0.0,0.0,0.0,0.0,0.0,0.0,0.0,0.0,0.0,0.0,0.0,0.0,0.0,0.0,0.0,0.0,0.0,0.0]
2026-02-25 00:03:25 Verb  <#51> [Scheduler] - Instant solver finished in 76.141 ms for 1/2 connectors
2026-02-25 00:03:25 Verb  <#51> [Scheduler] - Instant update result:
Available:   (32, 32, 32) A
Surplus:     (16, 16, 16)
Cluster Max: (32, 32, 32) A
Load Guard:
    Current:     (0, 0, 0; 0) A  Smoothed: (0, 0, 0) A
    Power:       (0, 0, 0: 0) kW
    Last Update: 01/01/0001 00:00:00  Offline
Connectors:
  22030428/1
    State:           Charging {Charging}
    Target:          16 A  Last: 16 A
    Current:         (15.717, 15.31, 15.195) A  Smoothed: (15.723847, 15.307888, 15.194168) A
    Vehicle Limits:  Min: 6 A  Max: 16 A  Known
    Phase:           L123
    Arrival:         02/24/2026 20:49:51  PlannedDeparture: 02/25/2026 00:03:21
    Required Energy: 70 kWh  Critical
    Exclude after:   
    Ignored till:    
    Schedule:        [16.0,16.0,16.0,0.0,0.0,0.0,0.0,0.0,0.0,0.0,0.0,0.0,0.0,0.0,0.0,0.0,0.0,0.0,0.0,0.0,0.0,0.0,0.0,0.0]
  22030428/2
    State:           Excluded {ChargingPausedByEv}
    Target:          0 A  Last: 0 A
    Current:         (0, 0, 0) A  Smoothed: (0, 0, 0) A
    Vehicle Limits:  Min: 6 A  Max: 16 A  Known
    Phase:           L123
    Arrival:         02/24/2026 19:36:48  PlannedDeparture: 02/25/2026 00:03:21
    Required Energy: 66.79999923706056 kWh  Critical
    Exclude after:   02/24/2026 23:29:45
    Ignored till:    
    Schedule:        [16.0,16.0,16.0,0.0,0.0,0.0,0.0,0.0,0.0,0.0,0.0,0.0,0.0,0.0,0.0,0.0,0.0,0.0,0.0,0.0,0.0,0.0,0.0,0.0]
2026-02-25 00:03:27 Verb  <#65> [Scheduler] - Instant solver finished in 72.2244 ms for 1/2 connectors
2026-02-25 00:03:27 Verb  <#65> [Scheduler] - Instant update result:
Available:   (32, 32, 32) A
Surplus:     (16, 16, 16)
Cluster Max: (32, 32, 32) A
Load Guard:
    Current:     (0, 0, 0; 0) A  Smoothed: (0, 0, 0) A
    Power:       (0, 0, 0: 0) kW
    Last Update: 01/01/0001 00:00:00  Offline
Connectors:
  22030428/1
    State:           Charging {Charging}
    Target:          16 A  Last: 16 A
    Current:         (15.707, 15.314, 15.197) A  Smoothed: (15.709695, 15.313022, 15.196547) A
    Vehicle Limits:  Min: 6 A  Max: 16 A  Known
    Phase:           L123
    Arrival:         02/24/2026 20:49:51  PlannedDeparture: 02/25/2026 00:03:21
    Required Energy: 70 kWh  Critical
    Exclude after:   
    Ignored till:    
    Schedule:        [16.0,16.0,16.0,0.0,0.0,0.0,0.0,0.0,0.0,0.0,0.0,0.0,0.0,0.0,0.0,0.0,0.0,0.0,0.0,0.0,0.0,0.0,0.0,0.0]
  22030428/2
    State:           Excluded {ChargingPausedByEv}
    Target:          0 A  Last: 0 A
    Current:         (0, 0, 0) A  Smoothed: (0, 0, 0) A
    Vehicle Limits:  Min: 6 A  Max: 16 A  Known
    Phase:           L123
    Arrival:         02/24/2026 19:36:48  PlannedDeparture: 02/25/2026 00:03:21
    Required Energy: 66.79999923706056 kWh  Critical
    Exclude after:   02/24/2026 23:29:45
    Ignored till:    
    Schedule:        [16.0,16.0,16.0,0.0,0.0,0.0,0.0,0.0,0.0,0.0,0.0,0.0,0.0,0.0,0.0,0.0,0.0,0.0,0.0,0.0,0.0,0.0,0.0,0.0]
2026-02-25 00:03:29 Verb  <#65> [Scheduler] - Instant solver finished in 77.524 ms for 1/2 connectors
2026-02-25 00:03:29 Verb  <#65> [Scheduler] - Instant update result:
Available:   (32, 32, 32) A
Surplus:     (16, 16, 16)
Cluster Max: (32, 32, 32) A
Load Guard:
    Current:     (0, 0, 0; 0) A  Smoothed: (0, 0, 0) A
    Power:       (0, 0, 0: 0) kW
    Last Update: 01/01/0001 00:00:00  Offline
Connectors:
  22030428/1
    State:           Charging {Charging}
    Target:          16 A  Last: 16 A
    Current:         (15.707, 15.314, 15.197) A  Smoothed: (15.708077, 15.313609, 15.196818) A
    Vehicle Limits:  Min: 6 A  Max: 16 A  Known
    Phase:           L123
    Arrival:         02/24/2026 20:49:51  PlannedDeparture: 02/25/2026 00:03:21
    Required Energy: 70 kWh  Critical
    Exclude after:   
    Ignored till:    
    Schedule:        [16.0,16.0,16.0,0.0,0.0,0.0,0.0,0.0,0.0,0.0,0.0,0.0,0.0,0.0,0.0,0.0,0.0,0.0,0.0,0.0,0.0,0.0,0.0,0.0]
  22030428/2
    State:           Excluded {ChargingPausedByEv}
    Target:          0 A  Last: 0 A
    Current:         (0, 0, 0) A  Smoothed: (0, 0, 0) A
    Vehicle Limits:  Min: 6 A  Max: 16 A  Known
    Phase:           L123
    Arrival:         02/24/2026 19:36:48  PlannedDeparture: 02/25/2026 00:03:21
    Required Energy: 66.79999923706056 kWh  Critical
    Exclude after:   02/24/2026 23:29:45
    Ignored till:    
    Schedule:        [16.0,16.0,16.0,0.0,0.0,0.0,0.0,0.0,0.0,0.0,0.0,0.0,0.0,0.0,0.0,0.0,0.0,0.0,0.0,0.0,0.0,0.0,0.0,0.0]
2026-02-25 00:03:31 Verb  <#51> [Scheduler] - Instant solver finished in 83.4694 ms for 1/2 connectors
2026-02-25 00:03:31 Verb  <#51> [Scheduler] - Instant update result:
Available:   (32, 32, 32) A
Surplus:     (16, 16, 16)
Cluster Max: (32, 32, 32) A
Load Guard:
    Current:     (0, 0, 0; 0) A  Smoothed: (0, 0, 0) A
    Power:       (0, 0, 0: 0) kW
    Last Update: 01/01/0001 00:00:00  Offline
Connectors:
  22030428/1
    State:           Charging {Charging}
    Target:          16 A  Last: 16 A
    Current:         (15.707, 15.314, 15.197) A  Smoothed: (15.707431, 15.313844, 15.196927) A
    Vehicle Limits:  Min: 6 A  Max: 16 A  Known
    Phase:           L123
    Arrival:         02/24/2026 20:49:51  PlannedDeparture: 02/25/2026 00:03:21
    Required Energy: 70 kWh  Critical
    Exclude after:   
    Ignored till:    
    Schedule:        [16.0,16.0,16.0,0.0,0.0,0.0,0.0,0.0,0.0,0.0,0.0,0.0,0.0,0.0,0.0,0.0,0.0,0.0,0.0,0.0,0.0,0.0,0.0,0.0]
  22030428/2
    State:           Excluded {ChargingPausedByEv}
    Target:          0 A  Last: 0 A
    Current:         (0, 0, 0) A  Smoothed: (0, 0, 0) A
    Vehicle Limits:  Min: 6 A  Max: 16 A  Known
    Phase:           L123
    Arrival:         02/24/2026 19:36:48  PlannedDeparture: 02/25/2026 00:03:21
    Required Energy: 66.79999923706056 kWh  Critical
    Exclude after:   02/24/2026 23:29:45
    Ignored till:    
    Schedule:        [16.0,16.0,16.0,0.0,0.0,0.0,0.0,0.0,0.0,0.0,0.0,0.0,0.0,0.0,0.0,0.0,0.0,0.0,0.0,0.0,0.0,0.0,0.0,0.0]
2026-02-25 00:03:33 Verb  <#51> [Scheduler] - Instant solver finished in 96.0295 ms for 1/2 connectors
2026-02-25 00:03:33 Verb  <#51> [Scheduler] - Instant update result:
Available:   (32, 32, 32) A
Surplus:     (16, 16, 16)
Cluster Max: (32, 32, 32) A
Load Guard:
    Current:     (0, 0, 0; 0) A  Smoothed: (0, 0, 0) A
    Power:       (0, 0, 0: 0) kW
    Last Update: 01/01/0001 00:00:00  Offline
Connectors:
  22030428/1
    State:           Charging {Charging}
    Target:          16 A  Last: 16 A
    Current:         (15.707, 15.314, 15.197) A  Smoothed: (15.707172, 15.313937, 15.196971) A
    Vehicle Limits:  Min: 6 A  Max: 16 A  Known
    Phase:           L123
    Arrival:         02/24/2026 20:49:51  PlannedDeparture: 02/25/2026 00:03:21
    Required Energy: 70 kWh  Critical
    Exclude after:   
    Ignored till:    
    Schedule:        [16.0,16.0,16.0,0.0,0.0,0.0,0.0,0.0,0.0,0.0,0.0,0.0,0.0,0.0,0.0,0.0,0.0,0.0,0.0,0.0,0.0,0.0,0.0,0.0]
  22030428/2
    State:           Excluded {ChargingPausedByEv}
    Target:          0 A  Last: 0 A
    Current:         (0, 0, 0) A  Smoothed: (0, 0, 0) A
    Vehicle Limits:  Min: 6 A  Max: 16 A  Known
    Phase:           L123
    Arrival:         02/24/2026 19:36:48  PlannedDeparture: 02/25/2026 00:03:21
    Required Energy: 66.79999923706056 kWh  Critical
    Exclude after:   02/24/2026 23:29:45
    Ignored till:    
    Schedule:        [16.0,16.0,16.0,0.0,0.0,0.0,0.0,0.0,0.0,0.0,0.0,0.0,0.0,0.0,0.0,0.0,0.0,0.0,0.0,0.0,0.0,0.0,0.0,0.0]
2026-02-25 00:03:35 Verb  <#29> [Scheduler] - Instant solver finished in 162.0772 ms for 1/2 connectors
2026-02-25 00:03:35 Verb  <#29> [Scheduler] - Instant update result:
Available:   (32, 32, 32) A
Surplus:     (16, 16, 16)
Cluster Max: (32, 32, 32) A
Load Guard:
    Current:     (0, 0, 0; 0) A  Smoothed: (0, 0, 0) A
    Power:       (0, 0, 0: 0) kW
    Last Update: 01/01/0001 00:00:00  Offline
Connectors:
  22030428/1
    State:           Charging {Charging}
    Target:          16 A  Last: 16 A
    Current:         (15.707, 15.314, 15.197) A  Smoothed: (15.707068, 15.313975, 15.196988) A
    Vehicle Limits:  Min: 6 A  Max: 16 A  Known
    Phase:           L123
    Arrival:         02/24/2026 20:49:51  PlannedDeparture: 02/25/2026 00:03:21
    Required Energy: 70 kWh  Critical
    Exclude after:   
    Ignored till:    
    Schedule:        [16.0,16.0,16.0,0.0,0.0,0.0,0.0,0.0,0.0,0.0,0.0,0.0,0.0,0.0,0.0,0.0,0.0,0.0,0.0,0.0,0.0,0.0,0.0,0.0]
  22030428/2
    State:           Excluded {ChargingPausedByEv}
    Target:          0 A  Last: 0 A
    Current:         (0, 0, 0) A  Smoothed: (0, 0, 0) A
    Vehicle Limits:  Min: 6 A  Max: 16 A  Known
    Phase:           L123
    Arrival:         02/24/2026 19:36:48  PlannedDeparture: 02/25/2026 00:03:21
    Required Energy: 66.79999923706056 kWh  Critical
    Exclude after:   02/24/2026 23:29:45
    Ignored till:    
    Schedule:        [16.0,16.0,16.0,0.0,0.0,0.0,0.0,0.0,0.0,0.0,0.0,0.0,0.0,0.0,0.0,0.0,0.0,0.0,0.0,0.0,0.0,0.0,0.0,0.0]
2026-02-25 00:03:37 Verb  <#29> [Scheduler] - Instant solver finished in 91.0715 ms for 1/2 connectors
2026-02-25 00:03:37 Verb  <#29> [Scheduler] - Instant update result:
Available:   (32, 32, 32) A
Surplus:     (16, 16, 16)
Cluster Max: (32, 32, 32) A
Load Guard:
    Current:     (0, 0, 0; 0) A  Smoothed: (0, 0, 0) A
    Power:       (0, 0, 0: 0) kW
    Last Update: 01/01/0001 00:00:00  Offline
Connectors:
  22030428/1
    State:           Charging {Charging}
    Target:          16 A  Last: 16 A
    Current:         (15.707, 15.314, 15.197) A  Smoothed: (15.707027, 15.313991, 15.196995) A
    Vehicle Limits:  Min: 6 A  Max: 16 A  Known
    Phase:           L123
    Arrival:         02/24/2026 20:49:51  PlannedDeparture: 02/25/2026 00:03:21
    Required Energy: 70 kWh  Critical
    Exclude after:   
    Ignored till:    
    Schedule:        [16.0,16.0,16.0,0.0,0.0,0.0,0.0,0.0,0.0,0.0,0.0,0.0,0.0,0.0,0.0,0.0,0.0,0.0,0.0,0.0,0.0,0.0,0.0,0.0]
  22030428/2
    State:           Excluded {ChargingPausedByEv}
    Target:          0 A  Last: 0 A
    Current:         (0, 0, 0) A  Smoothed: (0, 0, 0) A
    Vehicle Limits:  Min: 6 A  Max: 16 A  Known
    Phase:           L123
    Arrival:         02/24/2026 19:36:48  PlannedDeparture: 02/25/2026 00:03:21
    Required Energy: 66.79999923706056 kWh  Critical
    Exclude after:   02/24/2026 23:29:45
    Ignored till:    
    Schedule:        [16.0,16.0,16.0,0.0,0.0,0.0,0.0,0.0,0.0,0.0,0.0,0.0,0.0,0.0,0.0,0.0,0.0,0.0,0.0,0.0,0.0,0.0,0.0,0.0]
2026-02-25 00:03:39 Verb  <#65> [Scheduler] - Instant solver finished in 76.0845 ms for 1/2 connectors
2026-02-25 00:03:39 Verb  <#65> [Scheduler] - Instant update result:
Available:   (32, 32, 32) A
Surplus:     (16, 16, 16)
Cluster Max: (32, 32, 32) A
Load Guard:
    Current:     (0, 0, 0; 0) A  Smoothed: (0, 0, 0) A
    Power:       (0, 0, 0: 0) kW
    Last Update: 01/01/0001 00:00:00  Offline
Connectors:
  22030428/1
    State:           Charging {Charging}
    Target:          16 A  Last: 16 A
    Current:         (15.707, 15.314, 15.197) A  Smoothed: (15.707011, 15.313996, 15.196998) A
    Vehicle Limits:  Min: 6 A  Max: 16 A  Known
    Phase:           L123
    Arrival:         02/24/2026 20:49:51  PlannedDeparture: 02/25/2026 00:03:21
    Required Energy: 70 kWh  Critical
    Exclude after:   
    Ignored till:    
    Schedule:        [16.0,16.0,16.0,0.0,0.0,0.0,0.0,0.0,0.0,0.0,0.0,0.0,0.0,0.0,0.0,0.0,0.0,0.0,0.0,0.0,0.0,0.0,0.0,0.0]
  22030428/2
    State:           Excluded {ChargingPausedByEv}
    Target:          0 A  Last: 0 A
    Current:         (0, 0, 0) A  Smoothed: (0, 0, 0) A
    Vehicle Limits:  Min: 6 A  Max: 16 A  Known
    Phase:           L123
    Arrival:         02/24/2026 19:36:48  PlannedDeparture: 02/25/2026 00:03:21
    Required Energy: 66.79999923706056 kWh  Critical
    Exclude after:   02/24/2026 23:29:45
    Ignored till:    
    Schedule:        [16.0,16.0,16.0,0.0,0.0,0.0,0.0,0.0,0.0,0.0,0.0,0.0,0.0,0.0,0.0,0.0,0.0,0.0,0.0,0.0,0.0,0.0,0.0,0.0]
2026-02-25 00:03:42 Verb  <#29> [Scheduler] - Instant solver finished in 95.3993 ms for 1/2 connectors
2026-02-25 00:03:42 Verb  <#29> [Scheduler] - Instant update result:
Available:   (32, 32, 32) A
Surplus:     (16, 16, 16)
Cluster Max: (32, 32, 32) A
Load Guard:
    Current:     (0, 0, 0; 0) A  Smoothed: (0, 0, 0) A
    Power:       (0, 0, 0: 0) kW
    Last Update: 01/01/0001 00:00:00  Offline
Connectors:
  22030428/1
    State:           Charging {Charging}
    Target:          16 A  Last: 16 A
    Current:         (15.707, 15.314, 15.197) A  Smoothed: (15.707005, 15.313998, 15.196999) A
    Vehicle Limits:  Min: 6 A  Max: 16 A  Known
    Phase:           L123
    Arrival:         02/24/2026 20:49:51  PlannedDeparture: 02/25/2026 00:03:21
    Required Energy: 70 kWh  Critical
    Exclude after:   
    Ignored till:    
    Schedule:        [16.0,16.0,16.0,0.0,0.0,0.0,0.0,0.0,0.0,0.0,0.0,0.0,0.0,0.0,0.0,0.0,0.0,0.0,0.0,0.0,0.0,0.0,0.0,0.0]
  22030428/2
    State:           Excluded {ChargingPausedByEv}
    Target:          0 A  Last: 0 A
    Current:         (0, 0, 0) A  Smoothed: (0, 0, 0) A
    Vehicle Limits:  Min: 6 A  Max: 16 A  Known
    Phase:           L123
    Arrival:         02/24/2026 19:36:48  PlannedDeparture: 02/25/2026 00:03:21
    Required Energy: 66.79999923706056 kWh  Critical
    Exclude after:   02/24/2026 23:29:45
    Ignored till:    
    Schedule:        [16.0,16.0,16.0,0.0,0.0,0.0,0.0,0.0,0.0,0.0,0.0,0.0,0.0,0.0,0.0,0.0,0.0,0.0,0.0,0.0,0.0,0.0,0.0,0.0]
2026-02-25 00:03:44 Verb  <#29> [Scheduler] - Instant solver finished in 75.7292 ms for 1/2 connectors
2026-02-25 00:03:44 Verb  <#29> [Scheduler] - Instant update result:
Available:   (32, 32, 32) A
Surplus:     (16, 16, 16)
Cluster Max: (32, 32, 32) A
Load Guard:
    Current:     (0, 0, 0; 0) A  Smoothed: (0, 0, 0) A
    Power:       (0, 0, 0: 0) kW
    Last Update: 01/01/0001 00:00:00  Offline
Connectors:
  22030428/1
    State:           Charging {Charging}
    Target:          16 A  Last: 16 A
    Current:         (15.707, 15.314, 15.197) A  Smoothed: (15.707002, 15.313999, 15.197) A
    Vehicle Limits:  Min: 6 A  Max: 16 A  Known
    Phase:           L123
    Arrival:         02/24/2026 20:49:51  PlannedDeparture: 02/25/2026 00:03:21
    Required Energy: 70 kWh  Critical
    Exclude after:   
    Ignored till:    
    Schedule:        [16.0,16.0,16.0,0.0,0.0,0.0,0.0,0.0,0.0,0.0,0.0,0.0,0.0,0.0,0.0,0.0,0.0,0.0,0.0,0.0,0.0,0.0,0.0,0.0]
  22030428/2
    State:           Excluded {ChargingPausedByEv}
    Target:          0 A  Last: 0 A
    Current:         (0, 0, 0) A  Smoothed: (0, 0, 0) A
    Vehicle Limits:  Min: 6 A  Max: 16 A  Known
    Phase:           L123
    Arrival:         02/24/2026 19:36:48  PlannedDeparture: 02/25/2026 00:03:21
    Required Energy: 66.79999923706056 kWh  Critical
    Exclude after:   02/24/2026 23:29:45
    Ignored till:    
    Schedule:        [16.0,16.0,16.0,0.0,0.0,0.0,0.0,0.0,0.0,0.0,0.0,0.0,0.0,0.0,0.0,0.0,0.0,0.0,0.0,0.0,0.0,0.0,0.0,0.0]
2026-02-25 00:03:46 Verb  <#29> [Scheduler] - Instant solver finished in 103.9602 ms for 1/2 connectors
2026-02-25 00:03:46 Verb  <#29> [Scheduler] - Instant update result:
Available:   (32, 32, 32) A
Surplus:     (16, 16, 16)
Cluster Max: (32, 32, 32) A
Load Guard:
    Current:     (0, 0, 0; 0) A  Smoothed: (0, 0, 0) A
    Power:       (0, 0, 0: 0) kW
    Last Update: 01/01/0001 00:00:00  Offline
Connectors:
  22030428/1
    State:           Charging {Charging}
    Target:          16 A  Last: 16 A
    Current:         (15.707, 15.314, 15.197) A  Smoothed: (15.707001, 15.314, 15.197) A
    Vehicle Limits:  Min: 6 A  Max: 16 A  Known
    Phase:           L123
    Arrival:         02/24/2026 20:49:51  PlannedDeparture: 02/25/2026 00:03:21
    Required Energy: 70 kWh  Critical
    Exclude after:   
    Ignored till:    
    Schedule:        [16.0,16.0,16.0,0.0,0.0,0.0,0.0,0.0,0.0,0.0,0.0,0.0,0.0,0.0,0.0,0.0,0.0,0.0,0.0,0.0,0.0,0.0,0.0,0.0]
  22030428/2
    State:           Excluded {ChargingPausedByEv}
    Target:          0 A  Last: 0 A
    Current:         (0, 0, 0) A  Smoothed: (0, 0, 0) A
    Vehicle Limits:  Min: 6 A  Max: 16 A  Known
    Phase:           L123
    Arrival:         02/24/2026 19:36:48  PlannedDeparture: 02/25/2026 00:03:21
    Required Energy: 66.79999923706056 kWh  Critical
    Exclude after:   02/24/2026 23:29:45
    Ignored till:    
    Schedule:        [16.0,16.0,16.0,0.0,0.0,0.0,0.0,0.0,0.0,0.0,0.0,0.0,0.0,0.0,0.0,0.0,0.0,0.0,0.0,0.0,0.0,0.0,0.0,0.0]
2026-02-25 00:03:48 Verb  <#51> [Scheduler] - Instant solver finished in 95.7294 ms for 1/2 connectors
2026-02-25 00:03:48 Verb  <#51> [Scheduler] - Instant update result:
Available:   (32, 32, 32) A
Surplus:     (16, 16, 16)
Cluster Max: (32, 32, 32) A
Load Guard:
    Current:     (0, 0, 0; 0) A  Smoothed: (0, 0, 0) A
    Power:       (0, 0, 0: 0) kW
    Last Update: 01/01/0001 00:00:00  Offline
Connectors:
  22030428/1
    State:           Charging {Charging}
    Target:          16 A  Last: 16 A
    Current:         (15.707, 15.314, 15.197) A  Smoothed: (15.707, 15.314, 15.197) A
    Vehicle Limits:  Min: 6 A  Max: 16 A  Known
    Phase:           L123
    Arrival:         02/24/2026 20:49:51  PlannedDeparture: 02/25/2026 00:03:21
    Required Energy: 70 kWh  Critical
    Exclude after:   
    Ignored till:    
    Schedule:        [16.0,16.0,16.0,0.0,0.0,0.0,0.0,0.0,0.0,0.0,0.0,0.0,0.0,0.0,0.0,0.0,0.0,0.0,0.0,0.0,0.0,0.0,0.0,0.0]
  22030428/2
    State:           Excluded {ChargingPausedByEv}
    Target:          0 A  Last: 0 A
    Current:         (0, 0, 0) A  Smoothed: (0, 0, 0) A
    Vehicle Limits:  Min: 6 A  Max: 16 A  Known
    Phase:           L123
    Arrival:         02/24/2026 19:36:48  PlannedDeparture: 02/25/2026 00:03:21
    Required Energy: 66.79999923706056 kWh  Critical
    Exclude after:   02/24/2026 23:29:45
    Ignored till:    
    Schedule:        [16.0,16.0,16.0,0.0,0.0,0.0,0.0,0.0,0.0,0.0,0.0,0.0,0.0,0.0,0.0,0.0,0.0,0.0,0.0,0.0,0.0,0.0,0.0,0.0]
2026-02-25 00:03:50 Verb  <#51> [Scheduler] - Instant solver finished in 181.7951 ms for 1/2 connectors
2026-02-25 00:03:50 Verb  <#51> [Scheduler] - Instant update result:
Available:   (32, 32, 32) A
Surplus:     (16, 16, 16)
Cluster Max: (32, 32, 32) A
Load Guard:
    Current:     (0, 0, 0; 0) A  Smoothed: (0, 0, 0) A
    Power:       (0, 0, 0: 0) kW
    Last Update: 01/01/0001 00:00:00  Offline
Connectors:
  22030428/1
    State:           Charging {Charging}
    Target:          16 A  Last: 16 A
    Current:         (15.707, 15.314, 15.197) A  Smoothed: (15.707, 15.314, 15.197) A
    Vehicle Limits:  Min: 6 A  Max: 16 A  Known
    Phase:           L123
    Arrival:         02/24/2026 20:49:51  PlannedDeparture: 02/25/2026 00:03:21
    Required Energy: 70 kWh  Critical
    Exclude after:   
    Ignored till:    
    Schedule:        [16.0,16.0,16.0,0.0,0.0,0.0,0.0,0.0,0.0,0.0,0.0,0.0,0.0,0.0,0.0,0.0,0.0,0.0,0.0,0.0,0.0,0.0,0.0,0.0]
  22030428/2
    State:           Excluded {ChargingPausedByEv}
    Target:          0 A  Last: 0 A
    Current:         (0, 0, 0) A  Smoothed: (0, 0, 0) A
    Vehicle Limits:  Min: 6 A  Max: 16 A  Known
    Phase:           L123
    Arrival:         02/24/2026 19:36:48  PlannedDeparture: 02/25/2026 00:03:21
    Required Energy: 66.79999923706056 kWh  Critical
    Exclude after:   02/24/2026 23:29:45
    Ignored till:    
    Schedule:        [16.0,16.0,16.0,0.0,0.0,0.0,0.0,0.0,0.0,0.0,0.0,0.0,0.0,0.0,0.0,0.0,0.0,0.0,0.0,0.0,0.0,0.0,0.0,0.0]
2026-02-25 00:03:52 Verb  <#29> [Scheduler] - Instant solver finished in 280.5298 ms for 1/2 connectors
2026-02-25 00:03:52 Verb  <#29> [Scheduler] - Instant update result:
Available:   (32, 32, 32) A
Surplus:     (16, 16, 16)
Cluster Max: (32, 32, 32) A
Load Guard:
    Current:     (0, 0, 0; 0) A  Smoothed: (0, 0, 0) A
    Power:       (0, 0, 0: 0) kW
    Last Update: 01/01/0001 00:00:00  Offline
Connectors:
  22030428/1
    State:           Charging {Charging}
    Target:          16 A  Last: 16 A
    Current:         (15.724, 15.313, 15.204) A  Smoothed: (15.72128, 15.31316, 15.202881) A
    Vehicle Limits:  Min: 6 A  Max: 16 A  Known
    Phase:           L123
    Arrival:         02/24/2026 20:49:51  PlannedDeparture: 02/25/2026 00:03:51
    Required Energy: 69.89999961853027 kWh  Critical
    Exclude after:   
    Ignored till:    
    Schedule:        [16.0,16.0,16.0,0.0,0.0,0.0,0.0,0.0,0.0,0.0,0.0,0.0,0.0,0.0,0.0,0.0,0.0,0.0,0.0,0.0,0.0,0.0,0.0,0.0]
  22030428/2
    State:           Excluded {ChargingPausedByEv}
    Target:          0 A  Last: 0 A
    Current:         (0, 0, 0) A  Smoothed: (0, 0, 0) A
    Vehicle Limits:  Min: 6 A  Max: 16 A  Known
    Phase:           L123
    Arrival:         02/24/2026 19:36:48  PlannedDeparture: 02/25/2026 00:03:51
    Required Energy: 66.79999923706056 kWh  Critical
    Exclude after:   02/24/2026 23:29:45
    Ignored till:    
    Schedule:        [16.0,16.0,16.0,0.0,0.0,0.0,0.0,0.0,0.0,0.0,0.0,0.0,0.0,0.0,0.0,0.0,0.0,0.0,0.0,0.0,0.0,0.0,0.0,0.0]
2026-02-25 00:03:55 Verb  <#29> [Scheduler] - Instant solver finished in 118.5374 ms for 1/2 connectors
2026-02-25 00:03:55 Verb  <#29> [Scheduler] - Instant update result:
Available:   (32, 32, 32) A
Surplus:     (16, 16, 16)
Cluster Max: (32, 32, 32) A
Load Guard:
    Current:     (0, 0, 0; 0) A  Smoothed: (0, 0, 0) A
    Power:       (0, 0, 0: 0) kW
    Last Update: 01/01/0001 00:00:00  Offline
Connectors:
  22030428/1
    State:           Charging {Charging}
    Target:          16 A  Last: 16 A
    Current:         (15.724, 15.313, 15.204) A  Smoothed: (15.722912, 15.313064, 15.203552) A
    Vehicle Limits:  Min: 6 A  Max: 16 A  Known
    Phase:           L123
    Arrival:         02/24/2026 20:49:51  PlannedDeparture: 02/25/2026 00:03:51
    Required Energy: 69.89999961853027 kWh  Critical
    Exclude after:   
    Ignored till:    
    Schedule:        [16.0,16.0,16.0,0.0,0.0,0.0,0.0,0.0,0.0,0.0,0.0,0.0,0.0,0.0,0.0,0.0,0.0,0.0,0.0,0.0,0.0,0.0,0.0,0.0]
  22030428/2
    State:           Excluded {ChargingPausedByEv}
    Target:          0 A  Last: 0 A
    Current:         (0, 0, 0) A  Smoothed: (0, 0, 0) A
    Vehicle Limits:  Min: 6 A  Max: 16 A  Known
    Phase:           L123
    Arrival:         02/24/2026 19:36:48  PlannedDeparture: 02/25/2026 00:03:51
    Required Energy: 66.79999923706056 kWh  Critical
    Exclude after:   02/24/2026 23:29:45
    Ignored till:    
    Schedule:        [16.0,16.0,16.0,0.0,0.0,0.0,0.0,0.0,0.0,0.0,0.0,0.0,0.0,0.0,0.0,0.0,0.0,0.0,0.0,0.0,0.0,0.0,0.0,0.0]
2026-02-25 00:03:57 Verb  <#29> [Scheduler] - Instant solver finished in 96.1159 ms for 1/2 connectors
2026-02-25 00:03:57 Verb  <#29> [Scheduler] - Instant update result:
Available:   (32, 32, 32) A
Surplus:     (16, 16, 16)
Cluster Max: (32, 32, 32) A
Load Guard:
    Current:     (0, 0, 0; 0) A  Smoothed: (0, 0, 0) A
    Power:       (0, 0, 0: 0) kW
    Last Update: 01/01/0001 00:00:00  Offline
Connectors:
  22030428/1
    State:           Charging {Charging}
    Target:          16 A  Last: 16 A
    Current:         (15.724, 15.313, 15.204) A  Smoothed: (15.723565, 15.313025, 15.203821) A
    Vehicle Limits:  Min: 6 A  Max: 16 A  Known
    Phase:           L123
    Arrival:         02/24/2026 20:49:51  PlannedDeparture: 02/25/2026 00:03:51
    Required Energy: 69.89999961853027 kWh  Critical
    Exclude after:   
    Ignored till:    
    Schedule:        [16.0,16.0,16.0,0.0,0.0,0.0,0.0,0.0,0.0,0.0,0.0,0.0,0.0,0.0,0.0,0.0,0.0,0.0,0.0,0.0,0.0,0.0,0.0,0.0]
  22030428/2
    State:           Excluded {ChargingPausedByEv}
    Target:          0 A  Last: 0 A
    Current:         (0, 0, 0) A  Smoothed: (0, 0, 0) A
    Vehicle Limits:  Min: 6 A  Max: 16 A  Known
    Phase:           L123
    Arrival:         02/24/2026 19:36:48  PlannedDeparture: 02/25/2026 00:03:51
    Required Energy: 66.79999923706056 kWh  Critical
    Exclude after:   02/24/2026 23:29:45
    Ignored till:    
    Schedule:        [16.0,16.0,16.0,0.0,0.0,0.0,0.0,0.0,0.0,0.0,0.0,0.0,0.0,0.0,0.0,0.0,0.0,0.0,0.0,0.0,0.0,0.0,0.0,0.0]
2026-02-25 00:03:59 Verb  <#65> [Scheduler] - Instant solver finished in 289.2116 ms for 1/2 connectors
2026-02-25 00:03:59 Verb  <#65> [Scheduler] - Instant update result:
Available:   (32, 32, 32) A
Surplus:     (16, 16, 16)
Cluster Max: (32, 32, 32) A
Load Guard:
    Current:     (0, 0, 0; 0) A  Smoothed: (0, 0, 0) A
    Power:       (0, 0, 0: 0) kW
    Last Update: 01/01/0001 00:00:00  Offline
Connectors:
  22030428/1
    State:           Charging {Charging}
    Target:          16 A  Last: 16 A
    Current:         (15.742, 15.213, 15.212) A  Smoothed: (15.73905, 15.229005, 15.210691) A
    Vehicle Limits:  Min: 6 A  Max: 16 A  Known
    Phase:           L123
    Arrival:         02/24/2026 20:49:51  PlannedDeparture: 02/25/2026 00:03:51
    Required Energy: 69.89999961853027 kWh  Critical
    Exclude after:   
    Ignored till:    
    Schedule:        [16.0,16.0,16.0,0.0,0.0,0.0,0.0,0.0,0.0,0.0,0.0,0.0,0.0,0.0,0.0,0.0,0.0,0.0,0.0,0.0,0.0,0.0,0.0,0.0]
  22030428/2
    State:           Excluded {ChargingPausedByEv}
    Target:          0 A  Last: 0 A
    Current:         (0, 0, 0) A  Smoothed: (0, 0, 0) A
    Vehicle Limits:  Min: 6 A  Max: 16 A  Known
    Phase:           L123
    Arrival:         02/24/2026 19:36:48  PlannedDeparture: 02/25/2026 00:03:51
    Required Energy: 66.79999923706056 kWh  Critical
    Exclude after:   02/24/2026 23:29:45
    Ignored till:    
    Schedule:        [16.0,16.0,16.0,0.0,0.0,0.0,0.0,0.0,0.0,0.0,0.0,0.0,0.0,0.0,0.0,0.0,0.0,0.0,0.0,0.0,0.0,0.0,0.0,0.0]
2026-02-25 00:04:01 Verb  <#29> [Scheduler] - Instant solver finished in 157.1529 ms for 1/2 connectors
2026-02-25 00:04:01 Verb  <#29> [Scheduler] - Instant update result:
Available:   (32, 32, 32) A
Surplus:     (16, 16, 16)
Cluster Max: (32, 32, 32) A
Load Guard:
    Current:     (0, 0, 0; 0) A  Smoothed: (0, 0, 0) A
    Power:       (0, 0, 0: 0) kW
    Last Update: 01/01/0001 00:00:00  Offline
Connectors:
  22030428/1
    State:           Charging {Charging}
    Target:          16 A  Last: 16 A
    Current:         (15.742, 15.213, 15.212) A  Smoothed: (15.74082, 15.219402, 15.211476) A
    Vehicle Limits:  Min: 6 A  Max: 16 A  Known
    Phase:           L123
    Arrival:         02/24/2026 20:49:51  PlannedDeparture: 02/25/2026 00:03:51
    Required Energy: 69.89999961853027 kWh  Critical
    Exclude after:   
    Ignored till:    
    Schedule:        [16.0,16.0,16.0,0.0,0.0,0.0,0.0,0.0,0.0,0.0,0.0,0.0,0.0,0.0,0.0,0.0,0.0,0.0,0.0,0.0,0.0,0.0,0.0,0.0]
  22030428/2
    State:           Excluded {ChargingPausedByEv}
    Target:          0 A  Last: 0 A
    Current:         (0, 0, 0) A  Smoothed: (0, 0, 0) A
    Vehicle Limits:  Min: 6 A  Max: 16 A  Known
    Phase:           L123
    Arrival:         02/24/2026 19:36:48  PlannedDeparture: 02/25/2026 00:03:51
    Required Energy: 66.79999923706056 kWh  Critical
    Exclude after:   02/24/2026 23:29:45
    Ignored till:    
    Schedule:        [16.0,16.0,16.0,0.0,0.0,0.0,0.0,0.0,0.0,0.0,0.0,0.0,0.0,0.0,0.0,0.0,0.0,0.0,0.0,0.0,0.0,0.0,0.0,0.0]
2026-02-25 00:04:03 Verb  <#29> [Scheduler] - Instant solver finished in 106.5697 ms for 1/2 connectors
2026-02-25 00:04:03 Verb  <#29> [Scheduler] - Instant update result:
Available:   (32, 32, 32) A
Surplus:     (16, 16, 16)
Cluster Max: (32, 32, 32) A
Load Guard:
    Current:     (0, 0, 0; 0) A  Smoothed: (0, 0, 0) A
    Power:       (0, 0, 0: 0) kW
    Last Update: 01/01/0001 00:00:00  Offline
Connectors:
  22030428/1
    State:           Charging {Charging}
    Target:          16 A  Last: 16 A
    Current:         (15.742, 15.213, 15.212) A  Smoothed: (15.741528, 15.215561, 15.21179) A
    Vehicle Limits:  Min: 6 A  Max: 16 A  Known
    Phase:           L123
    Arrival:         02/24/2026 20:49:51  PlannedDeparture: 02/25/2026 00:03:51
    Required Energy: 69.89999961853027 kWh  Critical
    Exclude after:   
    Ignored till:    
    Schedule:        [16.0,16.0,16.0,0.0,0.0,0.0,0.0,0.0,0.0,0.0,0.0,0.0,0.0,0.0,0.0,0.0,0.0,0.0,0.0,0.0,0.0,0.0,0.0,0.0]
  22030428/2
    State:           Excluded {ChargingPausedByEv}
    Target:          0 A  Last: 0 A
    Current:         (0, 0, 0) A  Smoothed: (0, 0, 0) A
    Vehicle Limits:  Min: 6 A  Max: 16 A  Known
    Phase:           L123
    Arrival:         02/24/2026 19:36:48  PlannedDeparture: 02/25/2026 00:03:51
    Required Energy: 66.79999923706056 kWh  Critical
    Exclude after:   02/24/2026 23:29:45
    Ignored till:    
    Schedule:        [16.0,16.0,16.0,0.0,0.0,0.0,0.0,0.0,0.0,0.0,0.0,0.0,0.0,0.0,0.0,0.0,0.0,0.0,0.0,0.0,0.0,0.0,0.0,0.0]
2026-02-25 00:04:05 Verb  <#51> [Scheduler] - Instant solver finished in 93.1834 ms for 1/2 connectors
2026-02-25 00:04:05 Verb  <#51> [Scheduler] - Instant update result:
Available:   (32, 32, 32) A
Surplus:     (16, 16, 16)
Cluster Max: (32, 32, 32) A
Load Guard:
    Current:     (0, 0, 0; 0) A  Smoothed: (0, 0, 0) A
    Power:       (0, 0, 0: 0) kW
    Last Update: 01/01/0001 00:00:00  Offline
Connectors:
  22030428/1
    State:           Charging {Charging}
    Target:          16 A  Last: 16 A
    Current:         (15.742, 15.213, 15.212) A  Smoothed: (15.741811, 15.214025, 15.211916) A
    Vehicle Limits:  Min: 6 A  Max: 16 A  Known
    Phase:           L123
    Arrival:         02/24/2026 20:49:51  PlannedDeparture: 02/25/2026 00:03:51
    Required Energy: 69.89999961853027 kWh  Critical
    Exclude after:   
    Ignored till:    
    Schedule:        [16.0,16.0,16.0,0.0,0.0,0.0,0.0,0.0,0.0,0.0,0.0,0.0,0.0,0.0,0.0,0.0,0.0,0.0,0.0,0.0,0.0,0.0,0.0,0.0]
  22030428/2
    State:           Excluded {ChargingPausedByEv}
    Target:          0 A  Last: 0 A
    Current:         (0, 0, 0) A  Smoothed: (0, 0, 0) A
    Vehicle Limits:  Min: 6 A  Max: 16 A  Known
    Phase:           L123
    Arrival:         02/24/2026 19:36:48  PlannedDeparture: 02/25/2026 00:03:51
    Required Energy: 66.79999923706056 kWh  Critical
    Exclude after:   02/24/2026 23:29:45
    Ignored till:    
    Schedule:        [16.0,16.0,16.0,0.0,0.0,0.0,0.0,0.0,0.0,0.0,0.0,0.0,0.0,0.0,0.0,0.0,0.0,0.0,0.0,0.0,0.0,0.0,0.0,0.0]
2026-02-25 00:04:08 Verb  <#51> [Scheduler] - Instant solver finished in 216.6871 ms for 1/2 connectors
2026-02-25 00:04:08 Verb  <#51> [Scheduler] - Instant update result:
Available:   (32, 32, 32) A
Surplus:     (16, 16, 16)
Cluster Max: (32, 32, 32) A
Load Guard:
    Current:     (0, 0, 0; 0) A  Smoothed: (0, 0, 0) A
    Power:       (0, 0, 0: 0) kW
    Last Update: 01/01/0001 00:00:00  Offline
Connectors:
  22030428/1
    State:           Charging {Charging}
    Target:          16 A  Last: 16 A
    Current:         (15.742, 15.213, 15.212) A  Smoothed: (15.741924, 15.21341, 15.2119665) A
    Vehicle Limits:  Min: 6 A  Max: 16 A  Known
    Phase:           L123
    Arrival:         02/24/2026 20:49:51  PlannedDeparture: 02/25/2026 00:03:51
    Required Energy: 69.89999961853027 kWh  Critical
    Exclude after:   
    Ignored till:    
    Schedule:        [16.0,16.0,16.0,0.0,0.0,0.0,0.0,0.0,0.0,0.0,0.0,0.0,0.0,0.0,0.0,0.0,0.0,0.0,0.0,0.0,0.0,0.0,0.0,0.0]
  22030428/2
    State:           Excluded {ChargingPausedByEv}
    Target:          0 A  Last: 0 A
    Current:         (0, 0, 0) A  Smoothed: (0, 0, 0) A
    Vehicle Limits:  Min: 6 A  Max: 16 A  Known
    Phase:           L123
    Arrival:         02/24/2026 19:36:48  PlannedDeparture: 02/25/2026 00:03:51
    Required Energy: 66.79999923706056 kWh  Critical
    Exclude after:   02/24/2026 23:29:45
    Ignored till:    
    Schedule:        [16.0,16.0,16.0,0.0,0.0,0.0,0.0,0.0,0.0,0.0,0.0,0.0,0.0,0.0,0.0,0.0,0.0,0.0,0.0,0.0,0.0,0.0,0.0,0.0]
2026-02-25 00:04:10 Verb  <#58> [Scheduler] - Instant solver finished in 81.5644 ms for 1/2 connectors
2026-02-25 00:04:10 Verb  <#58> [Scheduler] - Instant update result:
Available:   (32, 32, 32) A
Surplus:     (16, 16, 16)
Cluster Max: (32, 32, 32) A
Load Guard:
    Current:     (0, 0, 0; 0) A  Smoothed: (0, 0, 0) A
    Power:       (0, 0, 0: 0) kW
    Last Update: 01/01/0001 00:00:00  Offline
Connectors:
  22030428/1
    State:           Charging {Charging}
    Target:          16 A  Last: 16 A
    Current:         (15.742, 15.213, 15.212) A  Smoothed: (15.741969, 15.213164, 15.211987) A
    Vehicle Limits:  Min: 6 A  Max: 16 A  Known
    Phase:           L123
    Arrival:         02/24/2026 20:49:51  PlannedDeparture: 02/25/2026 00:03:51
    Required Energy: 69.89999961853027 kWh  Critical
    Exclude after:   
    Ignored till:    
    Schedule:        [16.0,16.0,16.0,0.0,0.0,0.0,0.0,0.0,0.0,0.0,0.0,0.0,0.0,0.0,0.0,0.0,0.0,0.0,0.0,0.0,0.0,0.0,0.0,0.0]
  22030428/2
    State:           Excluded {ChargingPausedByEv}
    Target:          0 A  Last: 0 A
    Current:         (0, 0, 0) A  Smoothed: (0, 0, 0) A
    Vehicle Limits:  Min: 6 A  Max: 16 A  Known
    Phase:           L123
    Arrival:         02/24/2026 19:36:48  PlannedDeparture: 02/25/2026 00:03:51
    Required Energy: 66.79999923706056 kWh  Critical
    Exclude after:   02/24/2026 23:29:45
    Ignored till:    
    Schedule:        [16.0,16.0,16.0,0.0,0.0,0.0,0.0,0.0,0.0,0.0,0.0,0.0,0.0,0.0,0.0,0.0,0.0,0.0,0.0,0.0,0.0,0.0,0.0,0.0]
2026-02-25 00:04:12 Verb  <#65> [Scheduler] - Instant solver finished in 140.09 ms for 1/2 connectors
2026-02-25 00:04:12 Verb  <#65> [Scheduler] - Instant update result:
Available:   (32, 32, 32) A
Surplus:     (16, 16, 16)
Cluster Max: (32, 32, 32) A
Load Guard:
    Current:     (0, 0, 0; 0) A  Smoothed: (0, 0, 0) A
    Power:       (0, 0, 0: 0) kW
    Last Update: 01/01/0001 00:00:00  Offline
Connectors:
  22030428/1
    State:           Charging {Charging}
    Target:          16 A  Last: 16 A
    Current:         (15.742, 15.213, 15.212) A  Smoothed: (15.741987, 15.213066, 15.211994) A
    Vehicle Limits:  Min: 6 A  Max: 16 A  Known
    Phase:           L123
    Arrival:         02/24/2026 20:49:51  PlannedDeparture: 02/25/2026 00:03:51
    Required Energy: 69.89999961853027 kWh  Critical
    Exclude after:   
    Ignored till:    
    Schedule:        [16.0,16.0,16.0,0.0,0.0,0.0,0.0,0.0,0.0,0.0,0.0,0.0,0.0,0.0,0.0,0.0,0.0,0.0,0.0,0.0,0.0,0.0,0.0,0.0]
  22030428/2
    State:           Excluded {ChargingPausedByEv}
    Target:          0 A  Last: 0 A
    Current:         (0, 0, 0) A  Smoothed: (0, 0, 0) A
    Vehicle Limits:  Min: 6 A  Max: 16 A  Known
    Phase:           L123
    Arrival:         02/24/2026 19:36:48  PlannedDeparture: 02/25/2026 00:03:51
    Required Energy: 66.79999923706056 kWh  Critical
    Exclude after:   02/24/2026 23:29:45
    Ignored till:    
    Schedule:        [16.0,16.0,16.0,0.0,0.0,0.0,0.0,0.0,0.0,0.0,0.0,0.0,0.0,0.0,0.0,0.0,0.0,0.0,0.0,0.0,0.0,0.0,0.0,0.0]
2026-02-25 00:04:14 Verb  <#65> [Scheduler] - Instant solver finished in 131.2208 ms for 1/2 connectors
2026-02-25 00:04:14 Verb  <#65> [Scheduler] - Instant update result:
Available:   (32, 32, 32) A
Surplus:     (16, 16, 16)
Cluster Max: (32, 32, 32) A
Load Guard:
    Current:     (0, 0, 0; 0) A  Smoothed: (0, 0, 0) A
    Power:       (0, 0, 0: 0) kW
    Last Update: 01/01/0001 00:00:00  Offline
Connectors:
  22030428/1
    State:           Charging {Charging}
    Target:          16 A  Last: 16 A
    Current:         (15.742, 15.213, 15.212) A  Smoothed: (15.741995, 15.213027, 15.211998) A
    Vehicle Limits:  Min: 6 A  Max: 16 A  Known
    Phase:           L123
    Arrival:         02/24/2026 20:49:51  PlannedDeparture: 02/25/2026 00:03:51
    Required Energy: 69.89999961853027 kWh  Critical
    Exclude after:   
    Ignored till:    
    Schedule:        [16.0,16.0,16.0,0.0,0.0,0.0,0.0,0.0,0.0,0.0,0.0,0.0,0.0,0.0,0.0,0.0,0.0,0.0,0.0,0.0,0.0,0.0,0.0,0.0]
  22030428/2
    State:           Excluded {ChargingPausedByEv}
    Target:          0 A  Last: 0 A
    Current:         (0, 0, 0) A  Smoothed: (0, 0, 0) A
    Vehicle Limits:  Min: 6 A  Max: 16 A  Known
    Phase:           L123
    Arrival:         02/24/2026 19:36:48  PlannedDeparture: 02/25/2026 00:03:51
    Required Energy: 66.79999923706056 kWh  Critical
    Exclude after:   02/24/2026 23:29:45
    Ignored till:    
    Schedule:        [16.0,16.0,16.0,0.0,0.0,0.0,0.0,0.0,0.0,0.0,0.0,0.0,0.0,0.0,0.0,0.0,0.0,0.0,0.0,0.0,0.0,0.0,0.0,0.0]
2026-02-25 00:04:16 Verb  <#65> [Scheduler] - Instant solver finished in 147.6011 ms for 1/2 connectors
2026-02-25 00:04:16 Verb  <#65> [Scheduler] - Instant update result:
Available:   (32, 32, 32) A
Surplus:     (16, 16, 16)
Cluster Max: (32, 32, 32) A
Load Guard:
    Current:     (0, 0, 0; 0) A  Smoothed: (0, 0, 0) A
    Power:       (0, 0, 0: 0) kW
    Last Update: 01/01/0001 00:00:00  Offline
Connectors:
  22030428/1
    State:           Charging {Charging}
    Target:          16 A  Last: 16 A
    Current:         (15.742, 15.213, 15.212) A  Smoothed: (15.741998, 15.213011, 15.211999) A
    Vehicle Limits:  Min: 6 A  Max: 16 A  Known
    Phase:           L123
    Arrival:         02/24/2026 20:49:51  PlannedDeparture: 02/25/2026 00:03:51
    Required Energy: 69.89999961853027 kWh  Critical
    Exclude after:   
    Ignored till:    
    Schedule:        [16.0,16.0,16.0,0.0,0.0,0.0,0.0,0.0,0.0,0.0,0.0,0.0,0.0,0.0,0.0,0.0,0.0,0.0,0.0,0.0,0.0,0.0,0.0,0.0]
  22030428/2
    State:           Excluded {ChargingPausedByEv}
    Target:          0 A  Last: 0 A
    Current:         (0, 0, 0) A  Smoothed: (0, 0, 0) A
    Vehicle Limits:  Min: 6 A  Max: 16 A  Known
    Phase:           L123
    Arrival:         02/24/2026 19:36:48  PlannedDeparture: 02/25/2026 00:03:51
    Required Energy: 66.79999923706056 kWh  Critical
    Exclude after:   02/24/2026 23:29:45
    Ignored till:    
    Schedule:        [16.0,16.0,16.0,0.0,0.0,0.0,0.0,0.0,0.0,0.0,0.0,0.0,0.0,0.0,0.0,0.0,0.0,0.0,0.0,0.0,0.0,0.0,0.0,0.0]
2026-02-25 00:04:19 Verb  <#58> [Scheduler] - Instant solver finished in 255.1039 ms for 1/2 connectors
2026-02-25 00:04:19 Verb  <#58> [Scheduler] - Instant update result:
Available:   (32, 32, 32) A
Surplus:     (16, 16, 16)
Cluster Max: (32, 32, 32) A
Load Guard:
    Current:     (0, 0, 0; 0) A  Smoothed: (0, 0, 0) A
    Power:       (0, 0, 0: 0) kW
    Last Update: 01/01/0001 00:00:00  Offline
Connectors:
  22030428/1
    State:           Charging {Charging}
    Target:          16 A  Last: 16 A
    Current:         (15.742, 15.213, 15.212) A  Smoothed: (15.741999, 15.213004, 15.212) A
    Vehicle Limits:  Min: 6 A  Max: 16 A  Known
    Phase:           L123
    Arrival:         02/24/2026 20:49:51  PlannedDeparture: 02/25/2026 00:03:51
    Required Energy: 69.89999961853027 kWh  Critical
    Exclude after:   
    Ignored till:    
    Schedule:        [16.0,16.0,16.0,0.0,0.0,0.0,0.0,0.0,0.0,0.0,0.0,0.0,0.0,0.0,0.0,0.0,0.0,0.0,0.0,0.0,0.0,0.0,0.0,0.0]
  22030428/2
    State:           Excluded {ChargingPausedByEv}
    Target:          0 A  Last: 0 A
    Current:         (0, 0, 0) A  Smoothed: (0, 0, 0) A
    Vehicle Limits:  Min: 6 A  Max: 16 A  Known
    Phase:           L123
    Arrival:         02/24/2026 19:36:48  PlannedDeparture: 02/25/2026 00:03:51
    Required Energy: 66.79999923706056 kWh  Critical
    Exclude after:   02/24/2026 23:29:45
    Ignored till:    
    Schedule:        [16.0,16.0,16.0,0.0,0.0,0.0,0.0,0.0,0.0,0.0,0.0,0.0,0.0,0.0,0.0,0.0,0.0,0.0,0.0,0.0,0.0,0.0,0.0,0.0]
2026-02-25 00:04:21 Verb  <#58> [Scheduler] - Instant solver finished in 77.9831 ms for 1/2 connectors
2026-02-25 00:04:21 Verb  <#58> [Scheduler] - Instant update result:
Available:   (32, 32, 32) A
Surplus:     (16, 16, 16)
Cluster Max: (32, 32, 32) A
Load Guard:
    Current:     (0, 0, 0; 0) A  Smoothed: (0, 0, 0) A
    Power:       (0, 0, 0: 0) kW
    Last Update: 01/01/0001 00:00:00  Offline
Connectors:
  22030428/1
    State:           Charging {Charging}
    Target:          16 A  Last: 16 A
    Current:         (15.742, 15.213, 15.212) A  Smoothed: (15.742, 15.213002, 15.212) A
    Vehicle Limits:  Min: 6 A  Max: 16 A  Known
    Phase:           L123
    Arrival:         02/24/2026 20:49:51  PlannedDeparture: 02/25/2026 00:03:51
    Required Energy: 69.89999961853027 kWh  Critical
    Exclude after:   
    Ignored till:    
    Schedule:        [16.0,16.0,16.0,0.0,0.0,0.0,0.0,0.0,0.0,0.0,0.0,0.0,0.0,0.0,0.0,0.0,0.0,0.0,0.0,0.0,0.0,0.0,0.0,0.0]
  22030428/2
    State:           Excluded {ChargingPausedByEv}
    Target:          0 A  Last: 0 A
    Current:         (0, 0, 0) A  Smoothed: (0, 0, 0) A
    Vehicle Limits:  Min: 6 A  Max: 16 A  Known
    Phase:           L123
    Arrival:         02/24/2026 19:36:48  PlannedDeparture: 02/25/2026 00:03:51
    Required Energy: 66.79999923706056 kWh  Critical
    Exclude after:   02/24/2026 23:29:45
    Ignored till:    
    Schedule:        [16.0,16.0,16.0,0.0,0.0,0.0,0.0,0.0,0.0,0.0,0.0,0.0,0.0,0.0,0.0,0.0,0.0,0.0,0.0,0.0,0.0,0.0,0.0,0.0]
2026-02-25 00:04:23 Verb  <#58> [Scheduler] - Instant solver finished in 117.8372 ms for 1/2 connectors
2026-02-25 00:04:23 Verb  <#58> [Scheduler] - Instant update result:
Available:   (32, 32, 32) A
Surplus:     (16, 16, 16)
Cluster Max: (32, 32, 32) A
Load Guard:
    Current:     (0, 0, 0; 0) A  Smoothed: (0, 0, 0) A
    Power:       (0, 0, 0: 0) kW
    Last Update: 01/01/0001 00:00:00  Offline
Connectors:
  22030428/1
    State:           Charging {Charging}
    Target:          16 A  Last: 16 A
    Current:         (15.717, 15.315, 15.2) A  Smoothed: (15.721, 15.29868, 15.20192) A
    Vehicle Limits:  Min: 6 A  Max: 16 A  Known
    Phase:           L123
    Arrival:         02/24/2026 20:49:51  PlannedDeparture: 02/25/2026 00:04:21
    Required Energy: 69.79999923706056 kWh  Critical
    Exclude after:   
    Ignored till:    
    Schedule:        [16.0,16.0,16.0,0.0,0.0,0.0,0.0,0.0,0.0,0.0,0.0,0.0,0.0,0.0,0.0,0.0,0.0,0.0,0.0,0.0,0.0,0.0,0.0,0.0]
  22030428/2
    State:           Excluded {ChargingPausedByEv}
    Target:          0 A  Last: 0 A
    Current:         (0, 0, 0) A  Smoothed: (0, 0, 0) A
    Vehicle Limits:  Min: 6 A  Max: 16 A  Known
    Phase:           L123
    Arrival:         02/24/2026 19:36:48  PlannedDeparture: 02/25/2026 00:04:21
    Required Energy: 66.79999923706056 kWh  Critical
    Exclude after:   02/24/2026 23:29:45
    Ignored till:    
    Schedule:        [16.0,16.0,16.0,0.0,0.0,0.0,0.0,0.0,0.0,0.0,0.0,0.0,0.0,0.0,0.0,0.0,0.0,0.0,0.0,0.0,0.0,0.0,0.0,0.0]
2026-02-25 00:04:25 Verb  <#58> [Scheduler] - Instant solver finished in 287.8938 ms for 1/2 connectors
2026-02-25 00:04:25 Verb  <#58> [Scheduler] - Instant update result:
Available:   (32, 32, 32) A
Surplus:     (16, 16, 16)
Cluster Max: (32, 32, 32) A
Load Guard:
    Current:     (0, 0, 0; 0) A  Smoothed: (0, 0, 0) A
    Power:       (0, 0, 0: 0) kW
    Last Update: 01/01/0001 00:00:00  Offline
Connectors:
  22030428/1
    State:           Charging {Charging}
    Target:          16 A  Last: 16 A
    Current:         (15.717, 15.315, 15.2) A  Smoothed: (15.7186, 15.308472, 15.2007675) A
    Vehicle Limits:  Min: 6 A  Max: 16 A  Known
    Phase:           L123
    Arrival:         02/24/2026 20:49:51  PlannedDeparture: 02/25/2026 00:04:21
    Required Energy: 69.79999923706056 kWh  Critical
    Exclude after:   
    Ignored till:    
    Schedule:        [16.0,16.0,16.0,0.0,0.0,0.0,0.0,0.0,0.0,0.0,0.0,0.0,0.0,0.0,0.0,0.0,0.0,0.0,0.0,0.0,0.0,0.0,0.0,0.0]
  22030428/2
    State:           Excluded {ChargingPausedByEv}
    Target:          0 A  Last: 0 A
    Current:         (0, 0, 0) A  Smoothed: (0, 0, 0) A
    Vehicle Limits:  Min: 6 A  Max: 16 A  Known
    Phase:           L123
    Arrival:         02/24/2026 19:36:48  PlannedDeparture: 02/25/2026 00:04:21
    Required Energy: 66.79999923706056 kWh  Critical
    Exclude after:   02/24/2026 23:29:45
    Ignored till:    
    Schedule:        [16.0,16.0,16.0,0.0,0.0,0.0,0.0,0.0,0.0,0.0,0.0,0.0,0.0,0.0,0.0,0.0,0.0,0.0,0.0,0.0,0.0,0.0,0.0,0.0]
2026-02-25 00:04:27 Verb  <#58> [Scheduler] - Instant solver finished in 99.3702 ms for 1/2 connectors
2026-02-25 00:04:27 Verb  <#58> [Scheduler] - Instant update result:
Available:   (32, 32, 32) A
Surplus:     (16, 16, 16)
Cluster Max: (32, 32, 32) A
Load Guard:
    Current:     (0, 0, 0; 0) A  Smoothed: (0, 0, 0) A
    Power:       (0, 0, 0: 0) kW
    Last Update: 01/01/0001 00:00:00  Offline
Connectors:
  22030428/1
    State:           Charging {Charging}
    Target:          16 A  Last: 16 A
    Current:         (15.717, 15.315, 15.2) A  Smoothed: (15.71764, 15.312388, 15.200307) A
    Vehicle Limits:  Min: 6 A  Max: 16 A  Known
    Phase:           L123
    Arrival:         02/24/2026 20:49:51  PlannedDeparture: 02/25/2026 00:04:21
    Required Energy: 69.79999923706056 kWh  Critical
    Exclude after:   
    Ignored till:    
    Schedule:        [16.0,16.0,16.0,0.0,0.0,0.0,0.0,0.0,0.0,0.0,0.0,0.0,0.0,0.0,0.0,0.0,0.0,0.0,0.0,0.0,0.0,0.0,0.0,0.0]
  22030428/2
    State:           Excluded {ChargingPausedByEv}
    Target:          0 A  Last: 0 A
    Current:         (0, 0, 0) A  Smoothed: (0, 0, 0) A
    Vehicle Limits:  Min: 6 A  Max: 16 A  Known
    Phase:           L123
    Arrival:         02/24/2026 19:36:48  PlannedDeparture: 02/25/2026 00:04:21
    Required Energy: 66.79999923706056 kWh  Critical
    Exclude after:   02/24/2026 23:29:45
    Ignored till:    
    Schedule:        [16.0,16.0,16.0,0.0,0.0,0.0,0.0,0.0,0.0,0.0,0.0,0.0,0.0,0.0,0.0,0.0,0.0,0.0,0.0,0.0,0.0,0.0,0.0,0.0]
2026-02-25 00:04:29 Verb  <#58> [Scheduler] - Instant solver finished in 94.354 ms for 1/2 connectors
2026-02-25 00:04:29 Verb  <#58> [Scheduler] - Instant update result:
Available:   (32, 32, 32) A
Surplus:     (16, 16, 16)
Cluster Max: (32, 32, 32) A
Load Guard:
    Current:     (0, 0, 0; 0) A  Smoothed: (0, 0, 0) A
    Power:       (0, 0, 0: 0) kW
    Last Update: 01/01/0001 00:00:00  Offline
Connectors:
  22030428/1
    State:           Charging {Charging}
    Target:          16 A  Last: 16 A
    Current:         (15.717, 15.315, 15.2) A  Smoothed: (15.717256, 15.313955, 15.200123) A
    Vehicle Limits:  Min: 6 A  Max: 16 A  Known
    Phase:           L123
    Arrival:         02/24/2026 20:49:51  PlannedDeparture: 02/25/2026 00:04:21
    Required Energy: 69.79999923706056 kWh  Critical
    Exclude after:   
    Ignored till:    
    Schedule:        [16.0,16.0,16.0,0.0,0.0,0.0,0.0,0.0,0.0,0.0,0.0,0.0,0.0,0.0,0.0,0.0,0.0,0.0,0.0,0.0,0.0,0.0,0.0,0.0]
  22030428/2
    State:           Excluded {ChargingPausedByEv}
    Target:          0 A  Last: 0 A
    Current:         (0, 0, 0) A  Smoothed: (0, 0, 0) A
    Vehicle Limits:  Min: 6 A  Max: 16 A  Known
    Phase:           L123
    Arrival:         02/24/2026 19:36:48  PlannedDeparture: 02/25/2026 00:04:21
    Required Energy: 66.79999923706056 kWh  Critical
    Exclude after:   02/24/2026 23:29:45
    Ignored till:    
    Schedule:        [16.0,16.0,16.0,0.0,0.0,0.0,0.0,0.0,0.0,0.0,0.0,0.0,0.0,0.0,0.0,0.0,0.0,0.0,0.0,0.0,0.0,0.0,0.0,0.0]
2026-02-25 00:04:31 Verb  <#29> [Scheduler] - Instant solver finished in 161.8499 ms for 1/2 connectors
2026-02-25 00:04:31 Verb  <#29> [Scheduler] - Instant update result:
Available:   (32, 32, 32) A
Surplus:     (16, 16, 16)
Cluster Max: (32, 32, 32) A
Load Guard:
    Current:     (0, 0, 0; 0) A  Smoothed: (0, 0, 0) A
    Power:       (0, 0, 0: 0) kW
    Last Update: 01/01/0001 00:00:00  Offline
Connectors:
  22030428/1
    State:           Charging {Charging}
    Target:          16 A  Last: 16 A
    Current:         (15.744, 15.328, 15.12) A  Smoothed: (15.739721, 15.325753, 15.132819) A
    Vehicle Limits:  Min: 6 A  Max: 16 A  Known
    Phase:           L123
    Arrival:         02/24/2026 20:49:51  PlannedDeparture: 02/25/2026 00:04:21
    Required Energy: 69.79999923706056 kWh  Critical
    Exclude after:   
    Ignored till:    
    Schedule:        [16.0,16.0,16.0,0.0,0.0,0.0,0.0,0.0,0.0,0.0,0.0,0.0,0.0,0.0,0.0,0.0,0.0,0.0,0.0,0.0,0.0,0.0,0.0,0.0]
  22030428/2
    State:           Excluded {ChargingPausedByEv}
    Target:          0 A  Last: 0 A
    Current:         (0, 0, 0) A  Smoothed: (0, 0, 0) A
    Vehicle Limits:  Min: 6 A  Max: 16 A  Known
    Phase:           L123
    Arrival:         02/24/2026 19:36:48  PlannedDeparture: 02/25/2026 00:04:21
    Required Energy: 66.79999923706056 kWh  Critical
    Exclude after:   02/24/2026 23:29:45
    Ignored till:    
    Schedule:        [16.0,16.0,16.0,0.0,0.0,0.0,0.0,0.0,0.0,0.0,0.0,0.0,0.0,0.0,0.0,0.0,0.0,0.0,0.0,0.0,0.0,0.0,0.0,0.0]
2026-02-25 00:04:34 Verb  <#29> [Scheduler] - Instant solver finished in 119.3883 ms for 1/2 connectors
2026-02-25 00:04:34 Verb  <#29> [Scheduler] - Instant update result:
Available:   (32, 32, 32) A
Surplus:     (16, 16, 16)
Cluster Max: (32, 32, 32) A
Load Guard:
    Current:     (0, 0, 0; 0) A  Smoothed: (0, 0, 0) A
    Power:       (0, 0, 0: 0) kW
    Last Update: 01/01/0001 00:00:00  Offline
Connectors:
  22030428/1
    State:           Charging {Charging}
    Target:          16 A  Last: 16 A
    Current:         (15.744, 15.328, 15.12) A  Smoothed: (15.742289, 15.327102, 15.125128) A
    Vehicle Limits:  Min: 6 A  Max: 16 A  Known
    Phase:           L123
    Arrival:         02/24/2026 20:49:51  PlannedDeparture: 02/25/2026 00:04:21
    Required Energy: 69.79999923706056 kWh  Critical
    Exclude after:   
    Ignored till:    
    Schedule:        [16.0,16.0,16.0,0.0,0.0,0.0,0.0,0.0,0.0,0.0,0.0,0.0,0.0,0.0,0.0,0.0,0.0,0.0,0.0,0.0,0.0,0.0,0.0,0.0]
  22030428/2
    State:           Excluded {ChargingPausedByEv}
    Target:          0 A  Last: 0 A
    Current:         (0, 0, 0) A  Smoothed: (0, 0, 0) A
    Vehicle Limits:  Min: 6 A  Max: 16 A  Known
    Phase:           L123
    Arrival:         02/24/2026 19:36:48  PlannedDeparture: 02/25/2026 00:04:21
    Required Energy: 66.79999923706056 kWh  Critical
    Exclude after:   02/24/2026 23:29:45
    Ignored till:    
    Schedule:        [16.0,16.0,16.0,0.0,0.0,0.0,0.0,0.0,0.0,0.0,0.0,0.0,0.0,0.0,0.0,0.0,0.0,0.0,0.0,0.0,0.0,0.0,0.0,0.0]
2026-02-25 00:04:36 Verb  <#58> [Scheduler] - Instant solver finished in 83.0073 ms for 1/2 connectors
2026-02-25 00:04:36 Verb  <#58> [Scheduler] - Instant update result:
Available:   (32, 32, 32) A
Surplus:     (16, 16, 16)
Cluster Max: (32, 32, 32) A
Load Guard:
    Current:     (0, 0, 0; 0) A  Smoothed: (0, 0, 0) A
    Power:       (0, 0, 0: 0) kW
    Last Update: 01/01/0001 00:00:00  Offline
Connectors:
  22030428/1
    State:           Charging {Charging}
    Target:          16 A  Last: 16 A
    Current:         (15.744, 15.328, 15.12) A  Smoothed: (15.743316, 15.327641, 15.122051) A
    Vehicle Limits:  Min: 6 A  Max: 16 A  Known
    Phase:           L123
    Arrival:         02/24/2026 20:49:51  PlannedDeparture: 02/25/2026 00:04:21
    Required Energy: 69.79999923706056 kWh  Critical
    Exclude after:   
    Ignored till:    
    Schedule:        [16.0,16.0,16.0,0.0,0.0,0.0,0.0,0.0,0.0,0.0,0.0,0.0,0.0,0.0,0.0,0.0,0.0,0.0,0.0,0.0,0.0,0.0,0.0,0.0]
  22030428/2
    State:           Excluded {ChargingPausedByEv}
    Target:          0 A  Last: 0 A
    Current:         (0, 0, 0) A  Smoothed: (0, 0, 0) A
    Vehicle Limits:  Min: 6 A  Max: 16 A  Known
    Phase:           L123
    Arrival:         02/24/2026 19:36:48  PlannedDeparture: 02/25/2026 00:04:21
    Required Energy: 66.79999923706056 kWh  Critical
    Exclude after:   02/24/2026 23:29:45
    Ignored till:    
    Schedule:        [16.0,16.0,16.0,0.0,0.0,0.0,0.0,0.0,0.0,0.0,0.0,0.0,0.0,0.0,0.0,0.0,0.0,0.0,0.0,0.0,0.0,0.0,0.0,0.0]
2026-02-25 00:04:38 Verb  <#58> [Scheduler] - Instant solver finished in 94.7339 ms for 1/2 connectors
2026-02-25 00:04:38 Verb  <#58> [Scheduler] - Instant update result:
Available:   (32, 32, 32) A
Surplus:     (16, 16, 16)
Cluster Max: (32, 32, 32) A
Load Guard:
    Current:     (0, 0, 0; 0) A  Smoothed: (0, 0, 0) A
    Power:       (0, 0, 0: 0) kW
    Last Update: 01/01/0001 00:00:00  Offline
Connectors:
  22030428/1
    State:           Charging {Charging}
    Target:          16 A  Last: 16 A
    Current:         (15.744, 15.328, 15.12) A  Smoothed: (15.743727, 15.327856, 15.12082) A
    Vehicle Limits:  Min: 6 A  Max: 16 A  Known
    Phase:           L123
    Arrival:         02/24/2026 20:49:51  PlannedDeparture: 02/25/2026 00:04:21
    Required Energy: 69.79999923706056 kWh  Critical
    Exclude after:   
    Ignored till:    
    Schedule:        [16.0,16.0,16.0,0.0,0.0,0.0,0.0,0.0,0.0,0.0,0.0,0.0,0.0,0.0,0.0,0.0,0.0,0.0,0.0,0.0,0.0,0.0,0.0,0.0]
  22030428/2
    State:           Excluded {ChargingPausedByEv}
    Target:          0 A  Last: 0 A
    Current:         (0, 0, 0) A  Smoothed: (0, 0, 0) A
    Vehicle Limits:  Min: 6 A  Max: 16 A  Known
    Phase:           L123
    Arrival:         02/24/2026 19:36:48  PlannedDeparture: 02/25/2026 00:04:21
    Required Energy: 66.79999923706056 kWh  Critical
    Exclude after:   02/24/2026 23:29:45
    Ignored till:    
    Schedule:        [16.0,16.0,16.0,0.0,0.0,0.0,0.0,0.0,0.0,0.0,0.0,0.0,0.0,0.0,0.0,0.0,0.0,0.0,0.0,0.0,0.0,0.0,0.0,0.0]
2026-02-25 00:04:40 Verb  <#58> [Scheduler] - Instant solver finished in 196.919 ms for 1/2 connectors
2026-02-25 00:04:40 Verb  <#58> [Scheduler] - Instant update result:
Available:   (32, 32, 32) A
Surplus:     (16, 16, 16)
Cluster Max: (32, 32, 32) A
Load Guard:
    Current:     (0, 0, 0; 0) A  Smoothed: (0, 0, 0) A
    Power:       (0, 0, 0: 0) kW
    Last Update: 01/01/0001 00:00:00  Offline
Connectors:
  22030428/1
    State:           Charging {Charging}
    Target:          16 A  Last: 16 A
    Current:         (15.744, 15.328, 15.12) A  Smoothed: (15.743891, 15.327943, 15.120328) A
    Vehicle Limits:  Min: 6 A  Max: 16 A  Known
    Phase:           L123
    Arrival:         02/24/2026 20:49:51  PlannedDeparture: 02/25/2026 00:04:21
    Required Energy: 69.79999923706056 kWh  Critical
    Exclude after:   
    Ignored till:    
    Schedule:        [16.0,16.0,16.0,0.0,0.0,0.0,0.0,0.0,0.0,0.0,0.0,0.0,0.0,0.0,0.0,0.0,0.0,0.0,0.0,0.0,0.0,0.0,0.0,0.0]
  22030428/2
    State:           Excluded {ChargingPausedByEv}
    Target:          0 A  Last: 0 A
    Current:         (0, 0, 0) A  Smoothed: (0, 0, 0) A
    Vehicle Limits:  Min: 6 A  Max: 16 A  Known
    Phase:           L123
    Arrival:         02/24/2026 19:36:48  PlannedDeparture: 02/25/2026 00:04:21
    Required Energy: 66.79999923706056 kWh  Critical
    Exclude after:   02/24/2026 23:29:45
    Ignored till:    
    Schedule:        [16.0,16.0,16.0,0.0,0.0,0.0,0.0,0.0,0.0,0.0,0.0,0.0,0.0,0.0,0.0,0.0,0.0,0.0,0.0,0.0,0.0,0.0,0.0,0.0]
2026-02-25 00:04:42 Verb  <#58> [Scheduler] - Instant solver finished in 94.7103 ms for 1/2 connectors
2026-02-25 00:04:42 Verb  <#58> [Scheduler] - Instant update result:
Available:   (32, 32, 32) A
Surplus:     (16, 16, 16)
Cluster Max: (32, 32, 32) A
Load Guard:
    Current:     (0, 0, 0; 0) A  Smoothed: (0, 0, 0) A
    Power:       (0, 0, 0: 0) kW
    Last Update: 01/01/0001 00:00:00  Offline
Connectors:
  22030428/1
    State:           Charging {Charging}
    Target:          16 A  Last: 16 A
    Current:         (15.744, 15.328, 15.12) A  Smoothed: (15.743957, 15.327977, 15.1201315) A
    Vehicle Limits:  Min: 6 A  Max: 16 A  Known
    Phase:           L123
    Arrival:         02/24/2026 20:49:51  PlannedDeparture: 02/25/2026 00:04:21
    Required Energy: 69.79999923706056 kWh  Critical
    Exclude after:   
    Ignored till:    
    Schedule:        [16.0,16.0,16.0,0.0,0.0,0.0,0.0,0.0,0.0,0.0,0.0,0.0,0.0,0.0,0.0,0.0,0.0,0.0,0.0,0.0,0.0,0.0,0.0,0.0]
  22030428/2
    State:           Excluded {ChargingPausedByEv}
    Target:          0 A  Last: 0 A
    Current:         (0, 0, 0) A  Smoothed: (0, 0, 0) A
    Vehicle Limits:  Min: 6 A  Max: 16 A  Known
    Phase:           L123
    Arrival:         02/24/2026 19:36:48  PlannedDeparture: 02/25/2026 00:04:21
    Required Energy: 66.79999923706056 kWh  Critical
    Exclude after:   02/24/2026 23:29:45
    Ignored till:    
    Schedule:        [16.0,16.0,16.0,0.0,0.0,0.0,0.0,0.0,0.0,0.0,0.0,0.0,0.0,0.0,0.0,0.0,0.0,0.0,0.0,0.0,0.0,0.0,0.0,0.0]
2026-02-25 00:04:44 Verb  <#58> [Scheduler] - Instant solver finished in 81.2472 ms for 1/2 connectors
2026-02-25 00:04:44 Verb  <#58> [Scheduler] - Instant update result:
Available:   (32, 32, 32) A
Surplus:     (16, 16, 16)
Cluster Max: (32, 32, 32) A
Load Guard:
    Current:     (0, 0, 0; 0) A  Smoothed: (0, 0, 0) A
    Power:       (0, 0, 0: 0) kW
    Last Update: 01/01/0001 00:00:00  Offline
Connectors:
  22030428/1
    State:           Charging {Charging}
    Target:          16 A  Last: 16 A
    Current:         (15.744, 15.328, 15.12) A  Smoothed: (15.743983, 15.327991, 15.120052) A
    Vehicle Limits:  Min: 6 A  Max: 16 A  Known
    Phase:           L123
    Arrival:         02/24/2026 20:49:51  PlannedDeparture: 02/25/2026 00:04:21
    Required Energy: 69.79999923706056 kWh  Critical
    Exclude after:   
    Ignored till:    
    Schedule:        [16.0,16.0,16.0,0.0,0.0,0.0,0.0,0.0,0.0,0.0,0.0,0.0,0.0,0.0,0.0,0.0,0.0,0.0,0.0,0.0,0.0,0.0,0.0,0.0]
  22030428/2
    State:           Excluded {ChargingPausedByEv}
    Target:          0 A  Last: 0 A
    Current:         (0, 0, 0) A  Smoothed: (0, 0, 0) A
    Vehicle Limits:  Min: 6 A  Max: 16 A  Known
    Phase:           L123
    Arrival:         02/24/2026 19:36:48  PlannedDeparture: 02/25/2026 00:04:21
    Required Energy: 66.79999923706056 kWh  Critical
    Exclude after:   02/24/2026 23:29:45
    Ignored till:    
    Schedule:        [16.0,16.0,16.0,0.0,0.0,0.0,0.0,0.0,0.0,0.0,0.0,0.0,0.0,0.0,0.0,0.0,0.0,0.0,0.0,0.0,0.0,0.0,0.0,0.0]
2026-02-25 00:04:46 Verb  <#29> [Scheduler] - Instant solver finished in 125.978 ms for 1/2 connectors
2026-02-25 00:04:46 Verb  <#29> [Scheduler] - Instant update result:
Available:   (32, 32, 32) A
Surplus:     (16, 16, 16)
Cluster Max: (32, 32, 32) A
Load Guard:
    Current:     (0, 0, 0; 0) A  Smoothed: (0, 0, 0) A
    Power:       (0, 0, 0: 0) kW
    Last Update: 01/01/0001 00:00:00  Offline
Connectors:
  22030428/1
    State:           Charging {Charging}
    Target:          16 A  Last: 16 A
    Current:         (15.744, 15.328, 15.12) A  Smoothed: (15.743994, 15.327996, 15.120021) A
    Vehicle Limits:  Min: 6 A  Max: 16 A  Known
    Phase:           L123
    Arrival:         02/24/2026 20:49:51  PlannedDeparture: 02/25/2026 00:04:21
    Required Energy: 69.79999923706056 kWh  Critical
    Exclude after:   
    Ignored till:    
    Schedule:        [16.0,16.0,16.0,0.0,0.0,0.0,0.0,0.0,0.0,0.0,0.0,0.0,0.0,0.0,0.0,0.0,0.0,0.0,0.0,0.0,0.0,0.0,0.0,0.0]
  22030428/2
    State:           Excluded {ChargingPausedByEv}
    Target:          0 A  Last: 0 A
    Current:         (0, 0, 0) A  Smoothed: (0, 0, 0) A
    Vehicle Limits:  Min: 6 A  Max: 16 A  Known
    Phase:           L123
    Arrival:         02/24/2026 19:36:48  PlannedDeparture: 02/25/2026 00:04:21
    Required Energy: 66.79999923706056 kWh  Critical
    Exclude after:   02/24/2026 23:29:45
    Ignored till:    
    Schedule:        [16.0,16.0,16.0,0.0,0.0,0.0,0.0,0.0,0.0,0.0,0.0,0.0,0.0,0.0,0.0,0.0,0.0,0.0,0.0,0.0,0.0,0.0,0.0,0.0]
2026-02-25 00:04:49 Verb  <#29> [Scheduler] - Instant solver finished in 210.5755 ms for 1/2 connectors
2026-02-25 00:04:49 Verb  <#29> [Scheduler] - Instant update result:
Available:   (32, 32, 32) A
Surplus:     (16, 16, 16)
Cluster Max: (32, 32, 32) A
Load Guard:
    Current:     (0, 0, 0; 0) A  Smoothed: (0, 0, 0) A
    Power:       (0, 0, 0: 0) kW
    Last Update: 01/01/0001 00:00:00  Offline
Connectors:
  22030428/1
    State:           Charging {Charging}
    Target:          16 A  Last: 16 A
    Current:         (15.744, 15.328, 15.12) A  Smoothed: (15.743998, 15.327998, 15.120008) A
    Vehicle Limits:  Min: 6 A  Max: 16 A  Known
    Phase:           L123
    Arrival:         02/24/2026 20:49:51  PlannedDeparture: 02/25/2026 00:04:21
    Required Energy: 69.79999923706056 kWh  Critical
    Exclude after:   
    Ignored till:    
    Schedule:        [16.0,16.0,16.0,0.0,0.0,0.0,0.0,0.0,0.0,0.0,0.0,0.0,0.0,0.0,0.0,0.0,0.0,0.0,0.0,0.0,0.0,0.0,0.0,0.0]
  22030428/2
    State:           Excluded {ChargingPausedByEv}
    Target:          0 A  Last: 0 A
    Current:         (0, 0, 0) A  Smoothed: (0, 0, 0) A
    Vehicle Limits:  Min: 6 A  Max: 16 A  Known
    Phase:           L123
    Arrival:         02/24/2026 19:36:48  PlannedDeparture: 02/25/2026 00:04:21
    Required Energy: 66.79999923706056 kWh  Critical
    Exclude after:   02/24/2026 23:29:45
    Ignored till:    
    Schedule:        [16.0,16.0,16.0,0.0,0.0,0.0,0.0,0.0,0.0,0.0,0.0,0.0,0.0,0.0,0.0,0.0,0.0,0.0,0.0,0.0,0.0,0.0,0.0,0.0]
2026-02-25 00:04:51 Verb  <#53> [Scheduler] - Instant solver finished in 68.5447 ms for 1/2 connectors
2026-02-25 00:04:51 Verb  <#53> [Scheduler] - Instant update result:
Available:   (32, 32, 32) A
Surplus:     (16, 16, 16)
Cluster Max: (32, 32, 32) A
Load Guard:
    Current:     (0, 0, 0; 0) A  Smoothed: (0, 0, 0) A
    Power:       (0, 0, 0: 0) kW
    Last Update: 01/01/0001 00:00:00  Offline
Connectors:
  22030428/1
    State:           Charging {Charging}
    Target:          16 A  Last: 16 A
    Current:         (15.744, 15.328, 15.12) A  Smoothed: (15.7439995, 15.327999, 15.120004) A
    Vehicle Limits:  Min: 6 A  Max: 16 A  Known
    Phase:           L123
    Arrival:         02/24/2026 20:49:51  PlannedDeparture: 02/25/2026 00:04:21
    Required Energy: 69.79999923706056 kWh  Critical
    Exclude after:   
    Ignored till:    
    Schedule:        [16.0,16.0,16.0,0.0,0.0,0.0,0.0,0.0,0.0,0.0,0.0,0.0,0.0,0.0,0.0,0.0,0.0,0.0,0.0,0.0,0.0,0.0,0.0,0.0]
  22030428/2
    State:           Excluded {ChargingPausedByEv}
    Target:          0 A  Last: 0 A
    Current:         (0, 0, 0) A  Smoothed: (0, 0, 0) A
    Vehicle Limits:  Min: 6 A  Max: 16 A  Known
    Phase:           L123
    Arrival:         02/24/2026 19:36:48  PlannedDeparture: 02/25/2026 00:04:21
    Required Energy: 66.79999923706056 kWh  Critical
    Exclude after:   02/24/2026 23:29:45
    Ignored till:    
    Schedule:        [16.0,16.0,16.0,0.0,0.0,0.0,0.0,0.0,0.0,0.0,0.0,0.0,0.0,0.0,0.0,0.0,0.0,0.0,0.0,0.0,0.0,0.0,0.0,0.0]
2026-02-25 00:04:53 Verb  <#53> [Scheduler] - Instant solver finished in 119.8745 ms for 1/2 connectors
2026-02-25 00:04:53 Verb  <#53> [Scheduler] - Instant update result:
Available:   (32, 32, 32) A
Surplus:     (16, 16, 16)
Cluster Max: (32, 32, 32) A
Load Guard:
    Current:     (0, 0, 0; 0) A  Smoothed: (0, 0, 0) A
    Power:       (0, 0, 0: 0) kW
    Last Update: 01/01/0001 00:00:00  Offline
Connectors:
  22030428/1
    State:           Charging {Charging}
    Target:          16 A  Last: 16 A
    Current:         (15.74, 15.317, 15.16) A  Smoothed: (15.74064, 15.31876, 15.153601) A
    Vehicle Limits:  Min: 6 A  Max: 16 A  Known
    Phase:           L123
    Arrival:         02/24/2026 20:49:51  PlannedDeparture: 02/25/2026 00:04:51
    Required Energy: 69.70000076293945 kWh  Critical
    Exclude after:   
    Ignored till:    
    Schedule:        [16.0,16.0,16.0,0.0,0.0,0.0,0.0,0.0,0.0,0.0,0.0,0.0,0.0,0.0,0.0,0.0,0.0,0.0,0.0,0.0,0.0,0.0,0.0,0.0]
  22030428/2
    State:           Excluded {ChargingPausedByEv}
    Target:          0 A  Last: 0 A
    Current:         (0, 0, 0) A  Smoothed: (0, 0, 0) A
    Vehicle Limits:  Min: 6 A  Max: 16 A  Known
    Phase:           L123
    Arrival:         02/24/2026 19:36:48  PlannedDeparture: 02/25/2026 00:04:51
    Required Energy: 66.79999923706056 kWh  Critical
    Exclude after:   02/24/2026 23:29:45
    Ignored till:    
    Schedule:        [16.0,16.0,16.0,0.0,0.0,0.0,0.0,0.0,0.0,0.0,0.0,0.0,0.0,0.0,0.0,0.0,0.0,0.0,0.0,0.0,0.0,0.0,0.0,0.0]
2026-02-25 00:04:55 Verb  <#29> [Scheduler] - Instant solver finished in 164.572 ms for 1/2 connectors
2026-02-25 00:04:55 Verb  <#29> [Scheduler] - Instant update result:
Available:   (32, 32, 32) A
Surplus:     (16, 16, 16)
Cluster Max: (32, 32, 32) A
Load Guard:
    Current:     (0, 0, 0; 0) A  Smoothed: (0, 0, 0) A
    Power:       (0, 0, 0: 0) kW
    Last Update: 01/01/0001 00:00:00  Offline
Connectors:
  22030428/1
    State:           Charging {Charging}
    Target:          16 A  Last: 16 A
    Current:         (15.74, 15.317, 15.16) A  Smoothed: (15.740255, 15.317704, 15.15744) A
    Vehicle Limits:  Min: 6 A  Max: 16 A  Known
    Phase:           L123
    Arrival:         02/24/2026 20:49:51  PlannedDeparture: 02/25/2026 00:04:51
    Required Energy: 69.70000076293945 kWh  Critical
    Exclude after:   
    Ignored till:    
    Schedule:        [16.0,16.0,16.0,0.0,0.0,0.0,0.0,0.0,0.0,0.0,0.0,0.0,0.0,0.0,0.0,0.0,0.0,0.0,0.0,0.0,0.0,0.0,0.0,0.0]
  22030428/2
    State:           Excluded {ChargingPausedByEv}
    Target:          0 A  Last: 0 A
    Current:         (0, 0, 0) A  Smoothed: (0, 0, 0) A
    Vehicle Limits:  Min: 6 A  Max: 16 A  Known
    Phase:           L123
    Arrival:         02/24/2026 19:36:48  PlannedDeparture: 02/25/2026 00:04:51
    Required Energy: 66.79999923706056 kWh  Critical
    Exclude after:   02/24/2026 23:29:45
    Ignored till:    
    Schedule:        [16.0,16.0,16.0,0.0,0.0,0.0,0.0,0.0,0.0,0.0,0.0,0.0,0.0,0.0,0.0,0.0,0.0,0.0,0.0,0.0,0.0,0.0,0.0,0.0]
2026-02-25 00:04:57 Verb  <#53> [Scheduler] - Instant solver finished in 94.8757 ms for 1/2 connectors
2026-02-25 00:04:57 Verb  <#53> [Scheduler] - Instant update result:
Available:   (32, 32, 32) A
Surplus:     (16, 16, 16)
Cluster Max: (32, 32, 32) A
Load Guard:
    Current:     (0, 0, 0; 0) A  Smoothed: (0, 0, 0) A
    Power:       (0, 0, 0: 0) kW
    Last Update: 01/01/0001 00:00:00  Offline
Connectors:
  22030428/1
    State:           Charging {Charging}
    Target:          16 A  Last: 16 A
    Current:         (15.74, 15.317, 15.16) A  Smoothed: (15.740102, 15.317282, 15.158976) A
    Vehicle Limits:  Min: 6 A  Max: 16 A  Known
    Phase:           L123
    Arrival:         02/24/2026 20:49:51  PlannedDeparture: 02/25/2026 00:04:51
    Required Energy: 69.70000076293945 kWh  Critical
    Exclude after:   
    Ignored till:    
    Schedule:        [16.0,16.0,16.0,0.0,0.0,0.0,0.0,0.0,0.0,0.0,0.0,0.0,0.0,0.0,0.0,0.0,0.0,0.0,0.0,0.0,0.0,0.0,0.0,0.0]
  22030428/2
    State:           Excluded {ChargingPausedByEv}
    Target:          0 A  Last: 0 A
    Current:         (0, 0, 0) A  Smoothed: (0, 0, 0) A
    Vehicle Limits:  Min: 6 A  Max: 16 A  Known
    Phase:           L123
    Arrival:         02/24/2026 19:36:48  PlannedDeparture: 02/25/2026 00:04:51
    Required Energy: 66.79999923706056 kWh  Critical
    Exclude after:   02/24/2026 23:29:45
    Ignored till:    
    Schedule:        [16.0,16.0,16.0,0.0,0.0,0.0,0.0,0.0,0.0,0.0,0.0,0.0,0.0,0.0,0.0,0.0,0.0,0.0,0.0,0.0,0.0,0.0,0.0,0.0]
2026-02-25 00:04:59 Verb  <#53> [Scheduler] - Instant solver finished in 73.6854 ms for 1/2 connectors
2026-02-25 00:04:59 Verb  <#53> [Scheduler] - Instant update result:
Available:   (32, 32, 32) A
Surplus:     (16, 16, 16)
Cluster Max: (32, 32, 32) A
Load Guard:
    Current:     (0, 0, 0; 0) A  Smoothed: (0, 0, 0) A
    Power:       (0, 0, 0: 0) kW
    Last Update: 01/01/0001 00:00:00  Offline
Connectors:
  22030428/1
    State:           Charging {Charging}
    Target:          16 A  Last: 16 A
    Current:         (15.74, 15.317, 15.16) A  Smoothed: (15.740041, 15.317113, 15.15959) A
    Vehicle Limits:  Min: 6 A  Max: 16 A  Known
    Phase:           L123
    Arrival:         02/24/2026 20:49:51  PlannedDeparture: 02/25/2026 00:04:51
    Required Energy: 69.70000076293945 kWh  Critical
    Exclude after:   
    Ignored till:    
    Schedule:        [16.0,16.0,16.0,0.0,0.0,0.0,0.0,0.0,0.0,0.0,0.0,0.0,0.0,0.0,0.0,0.0,0.0,0.0,0.0,0.0,0.0,0.0,0.0,0.0]
  22030428/2
    State:           Excluded {ChargingPausedByEv}
    Target:          0 A  Last: 0 A
    Current:         (0, 0, 0) A  Smoothed: (0, 0, 0) A
    Vehicle Limits:  Min: 6 A  Max: 16 A  Known
    Phase:           L123
    Arrival:         02/24/2026 19:36:48  PlannedDeparture: 02/25/2026 00:04:51
    Required Energy: 66.79999923706056 kWh  Critical
    Exclude after:   02/24/2026 23:29:45
    Ignored till:    
    Schedule:        [16.0,16.0,16.0,0.0,0.0,0.0,0.0,0.0,0.0,0.0,0.0,0.0,0.0,0.0,0.0,0.0,0.0,0.0,0.0,0.0,0.0,0.0,0.0,0.0]
2026-02-25 00:05:00 Verb  <#53> [Scheduler] - Create schedule finished in 29.9669 ms
2026-02-25 00:05:02 Verb  <#53> [Scheduler] - Instant solver finished in 335.7029 ms for 1/2 connectors
2026-02-25 00:05:02 Verb  <#53> [Scheduler] - Instant update result:
Available:   (32, 32, 32) A
Surplus:     (16, 16, 16)
Cluster Max: (32, 32, 32) A
Load Guard:
    Current:     (0, 0, 0; 0) A  Smoothed: (0, 0, 0) A
    Power:       (0, 0, 0: 0) kW
    Last Update: 01/01/0001 00:00:00  Offline
Connectors:
  22030428/1
    State:           Charging {Charging}
    Target:          16 A  Last: 16 A
    Current:         (15.74, 15.317, 15.16) A  Smoothed: (15.740016, 15.317045, 15.159836) A
    Vehicle Limits:  Min: 6 A  Max: 16 A  Known
    Phase:           L123
    Arrival:         02/24/2026 20:49:51  PlannedDeparture: 02/25/2026 00:04:51
    Required Energy: 69.70000076293945 kWh  Critical
    Exclude after:   
    Ignored till:    
    Schedule:        [16.0,16.0,16.0,0.0,0.0,0.0,0.0,0.0,0.0,0.0,0.0,0.0,0.0,0.0,0.0,0.0,0.0,0.0,0.0,0.0,0.0,0.0,0.0,0.0]
  22030428/2
    State:           Excluded {ChargingPausedByEv}
    Target:          0 A  Last: 0 A
    Current:         (0, 0, 0) A  Smoothed: (0, 0, 0) A
    Vehicle Limits:  Min: 6 A  Max: 16 A  Known
    Phase:           L123
    Arrival:         02/24/2026 19:36:48  PlannedDeparture: 02/25/2026 00:04:51
    Required Energy: 66.79999923706056 kWh  Critical
    Exclude after:   02/24/2026 23:29:45
    Ignored till:    
    Schedule:        [16.0,16.0,16.0,0.0,0.0,0.0,0.0,0.0,0.0,0.0,0.0,0.0,0.0,0.0,0.0,0.0,0.0,0.0,0.0,0.0,0.0,0.0,0.0,0.0]
2026-02-25 00:05:04 Verb  <#53> [Scheduler] - Instant solver finished in 186.6432 ms for 1/2 connectors
2026-02-25 00:05:04 Verb  <#53> [Scheduler] - Instant update result:
Available:   (32, 32, 32) A
Surplus:     (16, 16, 16)
Cluster Max: (32, 32, 32) A
Load Guard:
    Current:     (0, 0, 0; 0) A  Smoothed: (0, 0, 0) A
    Power:       (0, 0, 0: 0) kW
    Last Update: 01/01/0001 00:00:00  Offline
Connectors:
  22030428/1
    State:           Charging {Charging}
    Target:          16 A  Last: 16 A
    Current:         (15.74, 15.317, 15.16) A  Smoothed: (15.740006, 15.3170185, 15.159934) A
    Vehicle Limits:  Min: 6 A  Max: 16 A  Known
    Phase:           L123
    Arrival:         02/24/2026 20:49:51  PlannedDeparture: 02/25/2026 00:04:51
    Required Energy: 69.70000076293945 kWh  Critical
    Exclude after:   
    Ignored till:    
    Schedule:        [16.0,16.0,16.0,0.0,0.0,0.0,0.0,0.0,0.0,0.0,0.0,0.0,0.0,0.0,0.0,0.0,0.0,0.0,0.0,0.0,0.0,0.0,0.0,0.0]
  22030428/2
    State:           Excluded {ChargingPausedByEv}
    Target:          0 A  Last: 0 A
    Current:         (0, 0, 0) A  Smoothed: (0, 0, 0) A
    Vehicle Limits:  Min: 6 A  Max: 16 A  Known
    Phase:           L123
    Arrival:         02/24/2026 19:36:48  PlannedDeparture: 02/25/2026 00:04:51
    Required Energy: 66.79999923706056 kWh  Critical
    Exclude after:   02/24/2026 23:29:45
    Ignored till:    
    Schedule:        [16.0,16.0,16.0,0.0,0.0,0.0,0.0,0.0,0.0,0.0,0.0,0.0,0.0,0.0,0.0,0.0,0.0,0.0,0.0,0.0,0.0,0.0,0.0,0.0]
2026-02-25 00:05:06 Verb  <#29> [Scheduler] - Instant solver finished in 154.6355 ms for 1/2 connectors
2026-02-25 00:05:06 Verb  <#29> [Scheduler] - Instant update result:
Available:   (32, 32, 32) A
Surplus:     (16, 16, 16)
Cluster Max: (32, 32, 32) A
Load Guard:
    Current:     (0, 0, 0; 0) A  Smoothed: (0, 0, 0) A
    Power:       (0, 0, 0: 0) kW
    Last Update: 01/01/0001 00:00:00  Offline
Connectors:
  22030428/1
    State:           Charging {Charging}
    Target:          16 A  Last: 16 A
    Current:         (15.767, 15.317, 15.145) A  Smoothed: (15.762681, 15.317003, 15.14739) A
    Vehicle Limits:  Min: 6 A  Max: 16 A  Known
    Phase:           L123
    Arrival:         02/24/2026 20:49:51  PlannedDeparture: 02/25/2026 00:04:51
    Required Energy: 69.70000076293945 kWh  Critical
    Exclude after:   
    Ignored till:    
    Schedule:        [16.0,16.0,16.0,0.0,0.0,0.0,0.0,0.0,0.0,0.0,0.0,0.0,0.0,0.0,0.0,0.0,0.0,0.0,0.0,0.0,0.0,0.0,0.0,0.0]
  22030428/2
    State:           Excluded {ChargingPausedByEv}
    Target:          0 A  Last: 0 A
    Current:         (0, 0, 0) A  Smoothed: (0, 0, 0) A
    Vehicle Limits:  Min: 6 A  Max: 16 A  Known
    Phase:           L123
    Arrival:         02/24/2026 19:36:48  PlannedDeparture: 02/25/2026 00:04:51
    Required Energy: 66.79999923706056 kWh  Critical
    Exclude after:   02/24/2026 23:29:45
    Ignored till:    
    Schedule:        [16.0,16.0,16.0,0.0,0.0,0.0,0.0,0.0,0.0,0.0,0.0,0.0,0.0,0.0,0.0,0.0,0.0,0.0,0.0,0.0,0.0,0.0,0.0,0.0]
2026-02-25 00:05:08 Verb  <#53> [Scheduler] - Instant solver finished in 130.9594 ms for 1/2 connectors
2026-02-25 00:05:08 Verb  <#53> [Scheduler] - Instant update result:
Available:   (32, 32, 32) A
Surplus:     (16, 16, 16)
Cluster Max: (32, 32, 32) A
Load Guard:
    Current:     (0, 0, 0; 0) A  Smoothed: (0, 0, 0) A
    Power:       (0, 0, 0: 0) kW
    Last Update: 01/01/0001 00:00:00  Offline
Connectors:
  22030428/1
    State:           Charging {Charging}
    Target:          16 A  Last: 16 A
    Current:         (15.767, 15.317, 15.145) A  Smoothed: (15.765272, 15.317001, 15.145956) A
    Vehicle Limits:  Min: 6 A  Max: 16 A  Known
    Phase:           L123
    Arrival:         02/24/2026 20:49:51  PlannedDeparture: 02/25/2026 00:04:51
    Required Energy: 69.70000076293945 kWh  Critical
    Exclude after:   
    Ignored till:    
    Schedule:        [16.0,16.0,16.0,0.0,0.0,0.0,0.0,0.0,0.0,0.0,0.0,0.0,0.0,0.0,0.0,0.0,0.0,0.0,0.0,0.0,0.0,0.0,0.0,0.0]
  22030428/2
    State:           Excluded {ChargingPausedByEv}
    Target:          0 A  Last: 0 A
    Current:         (0, 0, 0) A  Smoothed: (0, 0, 0) A
    Vehicle Limits:  Min: 6 A  Max: 16 A  Known
    Phase:           L123
    Arrival:         02/24/2026 19:36:48  PlannedDeparture: 02/25/2026 00:04:51
    Required Energy: 66.79999923706056 kWh  Critical
    Exclude after:   02/24/2026 23:29:45
    Ignored till:    
    Schedule:        [16.0,16.0,16.0,0.0,0.0,0.0,0.0,0.0,0.0,0.0,0.0,0.0,0.0,0.0,0.0,0.0,0.0,0.0,0.0,0.0,0.0,0.0,0.0,0.0]
2026-02-25 00:05:10 Verb  <#53> [Scheduler] - Instant solver finished in 125.9067 ms for 1/2 connectors
2026-02-25 00:05:10 Verb  <#53> [Scheduler] - Instant update result:
Available:   (32, 32, 32) A
Surplus:     (16, 16, 16)
Cluster Max: (32, 32, 32) A
Load Guard:
    Current:     (0, 0, 0; 0) A  Smoothed: (0, 0, 0) A
    Power:       (0, 0, 0: 0) kW
    Last Update: 01/01/0001 00:00:00  Offline
Connectors:
  22030428/1
    State:           Charging {Charging}
    Target:          16 A  Last: 16 A
    Current:         (15.767, 15.317, 15.145) A  Smoothed: (15.766309, 15.317, 15.145383) A
    Vehicle Limits:  Min: 6 A  Max: 16 A  Known
    Phase:           L123
    Arrival:         02/24/2026 20:49:51  PlannedDeparture: 02/25/2026 00:04:51
    Required Energy: 69.70000076293945 kWh  Critical
    Exclude after:   
    Ignored till:    
    Schedule:        [16.0,16.0,16.0,0.0,0.0,0.0,0.0,0.0,0.0,0.0,0.0,0.0,0.0,0.0,0.0,0.0,0.0,0.0,0.0,0.0,0.0,0.0,0.0,0.0]
  22030428/2
    State:           Excluded {ChargingPausedByEv}
    Target:          0 A  Last: 0 A
    Current:         (0, 0, 0) A  Smoothed: (0, 0, 0) A
    Vehicle Limits:  Min: 6 A  Max: 16 A  Known
    Phase:           L123
    Arrival:         02/24/2026 19:36:48  PlannedDeparture: 02/25/2026 00:04:51
    Required Energy: 66.79999923706056 kWh  Critical
    Exclude after:   02/24/2026 23:29:45
    Ignored till:    
    Schedule:        [16.0,16.0,16.0,0.0,0.0,0.0,0.0,0.0,0.0,0.0,0.0,0.0,0.0,0.0,0.0,0.0,0.0,0.0,0.0,0.0,0.0,0.0,0.0,0.0]
2026-02-25 00:05:12 Verb  <#53> [Scheduler] - Instant solver finished in 198.5283 ms for 1/2 connectors
2026-02-25 00:05:12 Verb  <#53> [Scheduler] - Instant update result:
Available:   (32, 32, 32) A
Surplus:     (16, 16, 16)
Cluster Max: (32, 32, 32) A
Load Guard:
    Current:     (0, 0, 0; 0) A  Smoothed: (0, 0, 0) A
    Power:       (0, 0, 0: 0) kW
    Last Update: 01/01/0001 00:00:00  Offline
Connectors:
  22030428/1
    State:           Charging {Charging}
    Target:          16 A  Last: 16 A
    Current:         (15.767, 15.317, 15.145) A  Smoothed: (15.766724, 15.317, 15.145153) A
    Vehicle Limits:  Min: 6 A  Max: 16 A  Known
    Phase:           L123
    Arrival:         02/24/2026 20:49:51  PlannedDeparture: 02/25/2026 00:04:51
    Required Energy: 69.70000076293945 kWh  Critical
    Exclude after:   
    Ignored till:    
    Schedule:        [16.0,16.0,16.0,0.0,0.0,0.0,0.0,0.0,0.0,0.0,0.0,0.0,0.0,0.0,0.0,0.0,0.0,0.0,0.0,0.0,0.0,0.0,0.0,0.0]
  22030428/2
    State:           Excluded {ChargingPausedByEv}
    Target:          0 A  Last: 0 A
    Current:         (0, 0, 0) A  Smoothed: (0, 0, 0) A
    Vehicle Limits:  Min: 6 A  Max: 16 A  Known
    Phase:           L123
    Arrival:         02/24/2026 19:36:48  PlannedDeparture: 02/25/2026 00:04:51
    Required Energy: 66.79999923706056 kWh  Critical
    Exclude after:   02/24/2026 23:29:45
    Ignored till:    
    Schedule:        [16.0,16.0,16.0,0.0,0.0,0.0,0.0,0.0,0.0,0.0,0.0,0.0,0.0,0.0,0.0,0.0,0.0,0.0,0.0,0.0,0.0,0.0,0.0,0.0]
2026-02-25 00:05:15 Verb  <#53> [Scheduler] - Instant solver finished in 137.9518 ms for 1/2 connectors
2026-02-25 00:05:15 Verb  <#53> [Scheduler] - Instant update result:
Available:   (32, 32, 32) A
Surplus:     (16, 16, 16)
Cluster Max: (32, 32, 32) A
Load Guard:
    Current:     (0, 0, 0; 0) A  Smoothed: (0, 0, 0) A
    Power:       (0, 0, 0: 0) kW
    Last Update: 01/01/0001 00:00:00  Offline
Connectors:
  22030428/1
    State:           Charging {Charging}
    Target:          16 A  Last: 16 A
    Current:         (15.767, 15.317, 15.145) A  Smoothed: (15.76689, 15.317, 15.1450615) A
    Vehicle Limits:  Min: 6 A  Max: 16 A  Known
    Phase:           L123
    Arrival:         02/24/2026 20:49:51  PlannedDeparture: 02/25/2026 00:04:51
    Required Energy: 69.70000076293945 kWh  Critical
    Exclude after:   
    Ignored till:    
    Schedule:        [16.0,16.0,16.0,0.0,0.0,0.0,0.0,0.0,0.0,0.0,0.0,0.0,0.0,0.0,0.0,0.0,0.0,0.0,0.0,0.0,0.0,0.0,0.0,0.0]
  22030428/2
    State:           Excluded {ChargingPausedByEv}
    Target:          0 A  Last: 0 A
    Current:         (0, 0, 0) A  Smoothed: (0, 0, 0) A
    Vehicle Limits:  Min: 6 A  Max: 16 A  Known
    Phase:           L123
    Arrival:         02/24/2026 19:36:48  PlannedDeparture: 02/25/2026 00:04:51
    Required Energy: 66.79999923706056 kWh  Critical
    Exclude after:   02/24/2026 23:29:45
    Ignored till:    
    Schedule:        [16.0,16.0,16.0,0.0,0.0,0.0,0.0,0.0,0.0,0.0,0.0,0.0,0.0,0.0,0.0,0.0,0.0,0.0,0.0,0.0,0.0,0.0,0.0,0.0]
2026-02-25 00:05:17 Verb  <#53> [Scheduler] - Instant solver finished in 94.4194 ms for 1/2 connectors
2026-02-25 00:05:17 Verb  <#53> [Scheduler] - Instant update result:
Available:   (32, 32, 32) A
Surplus:     (16, 16, 16)
Cluster Max: (32, 32, 32) A
Load Guard:
    Current:     (0, 0, 0; 0) A  Smoothed: (0, 0, 0) A
    Power:       (0, 0, 0: 0) kW
    Last Update: 01/01/0001 00:00:00  Offline
Connectors:
  22030428/1
    State:           Charging {Charging}
    Target:          16 A  Last: 16 A
    Current:         (15.767, 15.317, 15.145) A  Smoothed: (15.766956, 15.317, 15.145025) A
    Vehicle Limits:  Min: 6 A  Max: 16 A  Known
    Phase:           L123
    Arrival:         02/24/2026 20:49:51  PlannedDeparture: 02/25/2026 00:04:51
    Required Energy: 69.70000076293945 kWh  Critical
    Exclude after:   
    Ignored till:    
    Schedule:        [16.0,16.0,16.0,0.0,0.0,0.0,0.0,0.0,0.0,0.0,0.0,0.0,0.0,0.0,0.0,0.0,0.0,0.0,0.0,0.0,0.0,0.0,0.0,0.0]
  22030428/2
    State:           Excluded {ChargingPausedByEv}
    Target:          0 A  Last: 0 A
    Current:         (0, 0, 0) A  Smoothed: (0, 0, 0) A
    Vehicle Limits:  Min: 6 A  Max: 16 A  Known
    Phase:           L123
    Arrival:         02/24/2026 19:36:48  PlannedDeparture: 02/25/2026 00:04:51
    Required Energy: 66.79999923706056 kWh  Critical
    Exclude after:   02/24/2026 23:29:45
    Ignored till:    
    Schedule:        [16.0,16.0,16.0,0.0,0.0,0.0,0.0,0.0,0.0,0.0,0.0,0.0,0.0,0.0,0.0,0.0,0.0,0.0,0.0,0.0,0.0,0.0,0.0,0.0]
2026-02-25 00:05:19 Verb  <#53> [Scheduler] - Instant solver finished in 167.3947 ms for 1/2 connectors
2026-02-25 00:05:19 Verb  <#53> [Scheduler] - Instant update result:
Available:   (32, 32, 32) A
Surplus:     (16, 16, 16)
Cluster Max: (32, 32, 32) A
Load Guard:
    Current:     (0, 0, 0; 0) A  Smoothed: (0, 0, 0) A
    Power:       (0, 0, 0: 0) kW
    Last Update: 01/01/0001 00:00:00  Offline
Connectors:
  22030428/1
    State:           Charging {Charging}
    Target:          16 A  Last: 16 A
    Current:         (15.767, 15.317, 15.145) A  Smoothed: (15.766983, 15.317, 15.14501) A
    Vehicle Limits:  Min: 6 A  Max: 16 A  Known
    Phase:           L123
    Arrival:         02/24/2026 20:49:51  PlannedDeparture: 02/25/2026 00:04:51
    Required Energy: 69.70000076293945 kWh  Critical
    Exclude after:   
    Ignored till:    
    Schedule:        [16.0,16.0,16.0,0.0,0.0,0.0,0.0,0.0,0.0,0.0,0.0,0.0,0.0,0.0,0.0,0.0,0.0,0.0,0.0,0.0,0.0,0.0,0.0,0.0]
  22030428/2
    State:           Excluded {ChargingPausedByEv}
    Target:          0 A  Last: 0 A
    Current:         (0, 0, 0) A  Smoothed: (0, 0, 0) A
    Vehicle Limits:  Min: 6 A  Max: 16 A  Known
    Phase:           L123
    Arrival:         02/24/2026 19:36:48  PlannedDeparture: 02/25/2026 00:04:51
    Required Energy: 66.79999923706056 kWh  Critical
    Exclude after:   02/24/2026 23:29:45
    Ignored till:    
    Schedule:        [16.0,16.0,16.0,0.0,0.0,0.0,0.0,0.0,0.0,0.0,0.0,0.0,0.0,0.0,0.0,0.0,0.0,0.0,0.0,0.0,0.0,0.0,0.0,0.0]
2026-02-25 00:05:21 Verb  <#53> [Scheduler] - Instant solver finished in 218.2561 ms for 1/2 connectors
2026-02-25 00:05:21 Verb  <#53> [Scheduler] - Instant update result:
Available:   (32, 32, 32) A
Surplus:     (16, 16, 16)
Cluster Max: (32, 32, 32) A
Load Guard:
    Current:     (0, 0, 0; 0) A  Smoothed: (0, 0, 0) A
    Power:       (0, 0, 0: 0) kW
    Last Update: 01/01/0001 00:00:00  Offline
Connectors:
  22030428/1
    State:           Charging {Charging}
    Target:          16 A  Last: 16 A
    Current:         (15.767, 15.317, 15.145) A  Smoothed: (15.7669935, 15.317, 15.145004) A
    Vehicle Limits:  Min: 6 A  Max: 16 A  Known
    Phase:           L123
    Arrival:         02/24/2026 20:49:51  PlannedDeparture: 02/25/2026 00:04:51
    Required Energy: 69.70000076293945 kWh  Critical
    Exclude after:   
    Ignored till:    
    Schedule:        [16.0,16.0,16.0,0.0,0.0,0.0,0.0,0.0,0.0,0.0,0.0,0.0,0.0,0.0,0.0,0.0,0.0,0.0,0.0,0.0,0.0,0.0,0.0,0.0]
  22030428/2
    State:           Excluded {ChargingPausedByEv}
    Target:          0 A  Last: 0 A
    Current:         (0, 0, 0) A  Smoothed: (0, 0, 0) A
    Vehicle Limits:  Min: 6 A  Max: 16 A  Known
    Phase:           L123
    Arrival:         02/24/2026 19:36:48  PlannedDeparture: 02/25/2026 00:04:51
    Required Energy: 66.79999923706056 kWh  Critical
    Exclude after:   02/24/2026 23:29:45
    Ignored till:    
    Schedule:        [16.0,16.0,16.0,0.0,0.0,0.0,0.0,0.0,0.0,0.0,0.0,0.0,0.0,0.0,0.0,0.0,0.0,0.0,0.0,0.0,0.0,0.0,0.0,0.0]
2026-02-25 00:05:23 Verb  <#53> [Scheduler] - Instant solver finished in 171.1554 ms for 1/2 connectors
2026-02-25 00:05:23 Verb  <#53> [Scheduler] - Instant update result:
Available:   (32, 32, 32) A
Surplus:     (16, 16, 16)
Cluster Max: (32, 32, 32) A
Load Guard:
    Current:     (0, 0, 0; 0) A  Smoothed: (0, 0, 0) A
    Power:       (0, 0, 0: 0) kW
    Last Update: 01/01/0001 00:00:00  Offline
Connectors:
  22030428/1
    State:           Charging {Charging}
    Target:          16 A  Last: 16 A
    Current:         (15.774, 15.312, 15.137) A  Smoothed: (15.772879, 15.3128, 15.138281) A
    Vehicle Limits:  Min: 6 A  Max: 16 A  Known
    Phase:           L123
    Arrival:         02/24/2026 20:49:51  PlannedDeparture: 02/25/2026 00:05:21
    Required Energy: 69.60000038146974 kWh  Critical
    Exclude after:   
    Ignored till:    
    Schedule:        [16.0,16.0,16.0,0.0,0.0,0.0,0.0,0.0,0.0,0.0,0.0,0.0,0.0,0.0,0.0,0.0,0.0,0.0,0.0,0.0,0.0,0.0,0.0,0.0]
  22030428/2
    State:           Excluded {ChargingPausedByEv}
    Target:          0 A  Last: 0 A
    Current:         (0, 0, 0) A  Smoothed: (0, 0, 0) A
    Vehicle Limits:  Min: 6 A  Max: 16 A  Known
    Phase:           L123
    Arrival:         02/24/2026 19:36:48  PlannedDeparture: 02/25/2026 00:05:21
    Required Energy: 66.79999923706056 kWh  Critical
    Exclude after:   02/24/2026 23:29:45
    Ignored till:    
    Schedule:        [16.0,16.0,16.0,0.0,0.0,0.0,0.0,0.0,0.0,0.0,0.0,0.0,0.0,0.0,0.0,0.0,0.0,0.0,0.0,0.0,0.0,0.0,0.0,0.0]
2026-02-25 00:05:25 Verb  <#29> [Scheduler] - Instant solver finished in 75.0205 ms for 1/2 connectors
2026-02-25 00:05:25 Verb  <#29> [Scheduler] - Instant update result:
Available:   (32, 32, 32) A
Surplus:     (16, 16, 16)
Cluster Max: (32, 32, 32) A
Load Guard:
    Current:     (0, 0, 0; 0) A  Smoothed: (0, 0, 0) A
    Power:       (0, 0, 0: 0) kW
    Last Update: 01/01/0001 00:00:00  Offline
Connectors:
  22030428/1
    State:           Charging {Charging}
    Target:          16 A  Last: 16 A
    Current:         (15.774, 15.312, 15.137) A  Smoothed: (15.773552, 15.312321, 15.137512) A
    Vehicle Limits:  Min: 6 A  Max: 16 A  Known
    Phase:           L123
    Arrival:         02/24/2026 20:49:51  PlannedDeparture: 02/25/2026 00:05:21
    Required Energy: 69.60000038146974 kWh  Critical
    Exclude after:   
    Ignored till:    
    Schedule:        [16.0,16.0,16.0,0.0,0.0,0.0,0.0,0.0,0.0,0.0,0.0,0.0,0.0,0.0,0.0,0.0,0.0,0.0,0.0,0.0,0.0,0.0,0.0,0.0]
  22030428/2
    State:           Excluded {ChargingPausedByEv}
    Target:          0 A  Last: 0 A
    Current:         (0, 0, 0) A  Smoothed: (0, 0, 0) A
    Vehicle Limits:  Min: 6 A  Max: 16 A  Known
    Phase:           L123
    Arrival:         02/24/2026 19:36:48  PlannedDeparture: 02/25/2026 00:05:21
    Required Energy: 66.79999923706056 kWh  Critical
    Exclude after:   02/24/2026 23:29:45
    Ignored till:    
    Schedule:        [16.0,16.0,16.0,0.0,0.0,0.0,0.0,0.0,0.0,0.0,0.0,0.0,0.0,0.0,0.0,0.0,0.0,0.0,0.0,0.0,0.0,0.0,0.0,0.0]
2026-02-25 00:05:28 Verb  <#8> [Scheduler] - Instant solver finished in 73.8261 ms for 1/2 connectors
2026-02-25 00:05:28 Verb  <#8> [Scheduler] - Instant update result:
Available:   (32, 32, 32) A
Surplus:     (16, 16, 16)
Cluster Max: (32, 32, 32) A
Load Guard:
    Current:     (0, 0, 0; 0) A  Smoothed: (0, 0, 0) A
    Power:       (0, 0, 0: 0) kW
    Last Update: 01/01/0001 00:00:00  Offline
Connectors:
  22030428/1
    State:           Charging {Charging}
    Target:          16 A  Last: 16 A
    Current:         (15.774, 15.312, 15.137) A  Smoothed: (15.773821, 15.312128, 15.137205) A
    Vehicle Limits:  Min: 6 A  Max: 16 A  Known
    Phase:           L123
    Arrival:         02/24/2026 20:49:51  PlannedDeparture: 02/25/2026 00:05:21
    Required Energy: 69.60000038146974 kWh  Critical
    Exclude after:   
    Ignored till:    
    Schedule:        [16.0,16.0,16.0,0.0,0.0,0.0,0.0,0.0,0.0,0.0,0.0,0.0,0.0,0.0,0.0,0.0,0.0,0.0,0.0,0.0,0.0,0.0,0.0,0.0]
  22030428/2
    State:           Excluded {ChargingPausedByEv}
    Target:          0 A  Last: 0 A
    Current:         (0, 0, 0) A  Smoothed: (0, 0, 0) A
    Vehicle Limits:  Min: 6 A  Max: 16 A  Known
    Phase:           L123
    Arrival:         02/24/2026 19:36:48  PlannedDeparture: 02/25/2026 00:05:21
    Required Energy: 66.79999923706056 kWh  Critical
    Exclude after:   02/24/2026 23:29:45
    Ignored till:    
    Schedule:        [16.0,16.0,16.0,0.0,0.0,0.0,0.0,0.0,0.0,0.0,0.0,0.0,0.0,0.0,0.0,0.0,0.0,0.0,0.0,0.0,0.0,0.0,0.0,0.0]
2026-02-25 00:05:30 Verb  <#29> [Scheduler] - Instant solver finished in 127.9617 ms for 1/2 connectors
2026-02-25 00:05:30 Verb  <#29> [Scheduler] - Instant update result:
Available:   (32, 32, 32) A
Surplus:     (16, 16, 16)
Cluster Max: (32, 32, 32) A
Load Guard:
    Current:     (0, 0, 0; 0) A  Smoothed: (0, 0, 0) A
    Power:       (0, 0, 0: 0) kW
    Last Update: 01/01/0001 00:00:00  Offline
Connectors:
  22030428/1
    State:           Charging {Charging}
    Target:          16 A  Last: 16 A
    Current:         (15.774, 15.312, 15.137) A  Smoothed: (15.773929, 15.312052, 15.137082) A
    Vehicle Limits:  Min: 6 A  Max: 16 A  Known
    Phase:           L123
    Arrival:         02/24/2026 20:49:51  PlannedDeparture: 02/25/2026 00:05:21
    Required Energy: 69.60000038146974 kWh  Critical
    Exclude after:   
    Ignored till:    
    Schedule:        [16.0,16.0,16.0,0.0,0.0,0.0,0.0,0.0,0.0,0.0,0.0,0.0,0.0,0.0,0.0,0.0,0.0,0.0,0.0,0.0,0.0,0.0,0.0,0.0]
  22030428/2
    State:           Excluded {ChargingPausedByEv}
    Target:          0 A  Last: 0 A
    Current:         (0, 0, 0) A  Smoothed: (0, 0, 0) A
    Vehicle Limits:  Min: 6 A  Max: 16 A  Known
    Phase:           L123
    Arrival:         02/24/2026 19:36:48  PlannedDeparture: 02/25/2026 00:05:21
    Required Energy: 66.79999923706056 kWh  Critical
    Exclude after:   02/24/2026 23:29:45
    Ignored till:    
    Schedule:        [16.0,16.0,16.0,0.0,0.0,0.0,0.0,0.0,0.0,0.0,0.0,0.0,0.0,0.0,0.0,0.0,0.0,0.0,0.0,0.0,0.0,0.0,0.0,0.0]
2026-02-25 00:05:32 Verb  <#29> [Scheduler] - Instant solver finished in 72.6734 ms for 1/2 connectors
2026-02-25 00:05:32 Verb  <#29> [Scheduler] - Instant update result:
Available:   (32, 32, 32) A
Surplus:     (16, 16, 16)
Cluster Max: (32, 32, 32) A
Load Guard:
    Current:     (0, 0, 0; 0) A  Smoothed: (0, 0, 0) A
    Power:       (0, 0, 0: 0) kW
    Last Update: 01/01/0001 00:00:00  Offline
Connectors:
  22030428/1
    State:           Charging {Charging}
    Target:          16 A  Last: 16 A
    Current:         (15.774, 15.312, 15.137) A  Smoothed: (15.773972, 15.312021, 15.1370325) A
    Vehicle Limits:  Min: 6 A  Max: 16 A  Known
    Phase:           L123
    Arrival:         02/24/2026 20:49:51  PlannedDeparture: 02/25/2026 00:05:21
    Required Energy: 69.60000038146974 kWh  Critical
    Exclude after:   
    Ignored till:    
    Schedule:        [16.0,16.0,16.0,0.0,0.0,0.0,0.0,0.0,0.0,0.0,0.0,0.0,0.0,0.0,0.0,0.0,0.0,0.0,0.0,0.0,0.0,0.0,0.0,0.0]
  22030428/2
    State:           Excluded {ChargingPausedByEv}
    Target:          0 A  Last: 0 A
    Current:         (0, 0, 0) A  Smoothed: (0, 0, 0) A
    Vehicle Limits:  Min: 6 A  Max: 16 A  Known
    Phase:           L123
    Arrival:         02/24/2026 19:36:48  PlannedDeparture: 02/25/2026 00:05:21
    Required Energy: 66.79999923706056 kWh  Critical
    Exclude after:   02/24/2026 23:29:45
    Ignored till:    
    Schedule:        [16.0,16.0,16.0,0.0,0.0,0.0,0.0,0.0,0.0,0.0,0.0,0.0,0.0,0.0,0.0,0.0,0.0,0.0,0.0,0.0,0.0,0.0,0.0,0.0]
2026-02-25 00:05:34 Verb  <#29> [Scheduler] - Instant solver finished in 120.9625 ms for 1/2 connectors
2026-02-25 00:05:34 Verb  <#29> [Scheduler] - Instant update result:
Available:   (32, 32, 32) A
Surplus:     (16, 16, 16)
Cluster Max: (32, 32, 32) A
Load Guard:
    Current:     (0, 0, 0; 0) A  Smoothed: (0, 0, 0) A
    Power:       (0, 0, 0: 0) kW
    Last Update: 01/01/0001 00:00:00  Offline
Connectors:
  22030428/1
    State:           Charging {Charging}
    Target:          16 A  Last: 16 A
    Current:         (15.774, 15.312, 15.137) A  Smoothed: (15.773989, 15.312009, 15.137013) A
    Vehicle Limits:  Min: 6 A  Max: 16 A  Known
    Phase:           L123
    Arrival:         02/24/2026 20:49:51  PlannedDeparture: 02/25/2026 00:05:21
    Required Energy: 69.60000038146974 kWh  Critical
    Exclude after:   
    Ignored till:    
    Schedule:        [16.0,16.0,16.0,0.0,0.0,0.0,0.0,0.0,0.0,0.0,0.0,0.0,0.0,0.0,0.0,0.0,0.0,0.0,0.0,0.0,0.0,0.0,0.0,0.0]
  22030428/2
    State:           Excluded {ChargingPausedByEv}
    Target:          0 A  Last: 0 A
    Current:         (0, 0, 0) A  Smoothed: (0, 0, 0) A
    Vehicle Limits:  Min: 6 A  Max: 16 A  Known
    Phase:           L123
    Arrival:         02/24/2026 19:36:48  PlannedDeparture: 02/25/2026 00:05:21
    Required Energy: 66.79999923706056 kWh  Critical
    Exclude after:   02/24/2026 23:29:45
    Ignored till:    
    Schedule:        [16.0,16.0,16.0,0.0,0.0,0.0,0.0,0.0,0.0,0.0,0.0,0.0,0.0,0.0,0.0,0.0,0.0,0.0,0.0,0.0,0.0,0.0,0.0,0.0]
2026-02-25 00:05:36 Verb  <#8> [Scheduler] - Instant solver finished in 102.7084 ms for 1/2 connectors
2026-02-25 00:05:36 Verb  <#8> [Scheduler] - Instant update result:
Available:   (32, 32, 32) A
Surplus:     (16, 16, 16)
Cluster Max: (32, 32, 32) A
Load Guard:
    Current:     (0, 0, 0; 0) A  Smoothed: (0, 0, 0) A
    Power:       (0, 0, 0: 0) kW
    Last Update: 01/01/0001 00:00:00  Offline
Connectors:
  22030428/1
    State:           Charging {Charging}
    Target:          16 A  Last: 16 A
    Current:         (15.774, 15.312, 15.137) A  Smoothed: (15.773995, 15.312004, 15.137006) A
    Vehicle Limits:  Min: 6 A  Max: 16 A  Known
    Phase:           L123
    Arrival:         02/24/2026 20:49:51  PlannedDeparture: 02/25/2026 00:05:21
    Required Energy: 69.60000038146974 kWh  Critical
    Exclude after:   
    Ignored till:    
    Schedule:        [16.0,16.0,16.0,0.0,0.0,0.0,0.0,0.0,0.0,0.0,0.0,0.0,0.0,0.0,0.0,0.0,0.0,0.0,0.0,0.0,0.0,0.0,0.0,0.0]
  22030428/2
    State:           Excluded {ChargingPausedByEv}
    Target:          0 A  Last: 0 A
    Current:         (0, 0, 0) A  Smoothed: (0, 0, 0) A
    Vehicle Limits:  Min: 6 A  Max: 16 A  Known
    Phase:           L123
    Arrival:         02/24/2026 19:36:48  PlannedDeparture: 02/25/2026 00:05:21
    Required Energy: 66.79999923706056 kWh  Critical
    Exclude after:   02/24/2026 23:29:45
    Ignored till:    
    Schedule:        [16.0,16.0,16.0,0.0,0.0,0.0,0.0,0.0,0.0,0.0,0.0,0.0,0.0,0.0,0.0,0.0,0.0,0.0,0.0,0.0,0.0,0.0,0.0,0.0]
2026-02-25 00:05:38 Verb  <#8> [Scheduler] - Instant solver finished in 126.3632 ms for 1/2 connectors
2026-02-25 00:05:38 Verb  <#8> [Scheduler] - Instant update result:
Available:   (32, 32, 32) A
Surplus:     (16, 16, 16)
Cluster Max: (32, 32, 32) A
Load Guard:
    Current:     (0, 0, 0; 0) A  Smoothed: (0, 0, 0) A
    Power:       (0, 0, 0: 0) kW
    Last Update: 01/01/0001 00:00:00  Offline
Connectors:
  22030428/1
    State:           Charging {Charging}
    Target:          16 A  Last: 16 A
    Current:         (15.739, 15.283, 15.084) A  Smoothed: (15.744599, 15.287641, 15.092481) A
    Vehicle Limits:  Min: 6 A  Max: 16 A  Known
    Phase:           L123
    Arrival:         02/24/2026 20:49:51  PlannedDeparture: 02/25/2026 00:05:21
    Required Energy: 69.60000038146974 kWh  Critical
    Exclude after:   
    Ignored till:    
    Schedule:        [16.0,16.0,16.0,0.0,0.0,0.0,0.0,0.0,0.0,0.0,0.0,0.0,0.0,0.0,0.0,0.0,0.0,0.0,0.0,0.0,0.0,0.0,0.0,0.0]
  22030428/2
    State:           Excluded {ChargingPausedByEv}
    Target:          0 A  Last: 0 A
    Current:         (0, 0, 0) A  Smoothed: (0, 0, 0) A
    Vehicle Limits:  Min: 6 A  Max: 16 A  Known
    Phase:           L123
    Arrival:         02/24/2026 19:36:48  PlannedDeparture: 02/25/2026 00:05:21
    Required Energy: 66.79999923706056 kWh  Critical
    Exclude after:   02/24/2026 23:29:45
    Ignored till:    
    Schedule:        [16.0,16.0,16.0,0.0,0.0,0.0,0.0,0.0,0.0,0.0,0.0,0.0,0.0,0.0,0.0,0.0,0.0,0.0,0.0,0.0,0.0,0.0,0.0,0.0]
2026-02-25 00:05:40 Verb  <#8> [Scheduler] - Instant solver finished in 255.1889 ms for 1/2 connectors
2026-02-25 00:05:40 Verb  <#8> [Scheduler] - Instant update result:
Available:   (32, 32, 32) A
Surplus:     (16, 16, 16)
Cluster Max: (32, 32, 32) A
Load Guard:
    Current:     (0, 0, 0; 0) A  Smoothed: (0, 0, 0) A
    Power:       (0, 0, 0: 0) kW
    Last Update: 01/01/0001 00:00:00  Offline
Connectors:
  22030428/1
    State:           Charging {Charging}
    Target:          16 A  Last: 16 A
    Current:         (15.739, 15.283, 15.084) A  Smoothed: (15.74124, 15.284856, 15.087392) A
    Vehicle Limits:  Min: 6 A  Max: 16 A  Known
    Phase:           L123
    Arrival:         02/24/2026 20:49:51  PlannedDeparture: 02/25/2026 00:05:21
    Required Energy: 69.60000038146974 kWh  Critical
    Exclude after:   
    Ignored till:    
    Schedule:        [16.0,16.0,16.0,0.0,0.0,0.0,0.0,0.0,0.0,0.0,0.0,0.0,0.0,0.0,0.0,0.0,0.0,0.0,0.0,0.0,0.0,0.0,0.0,0.0]
  22030428/2
    State:           Excluded {ChargingPausedByEv}
    Target:          0 A  Last: 0 A
    Current:         (0, 0, 0) A  Smoothed: (0, 0, 0) A
    Vehicle Limits:  Min: 6 A  Max: 16 A  Known
    Phase:           L123
    Arrival:         02/24/2026 19:36:48  PlannedDeparture: 02/25/2026 00:05:21
    Required Energy: 66.79999923706056 kWh  Critical
    Exclude after:   02/24/2026 23:29:45
    Ignored till:    
    Schedule:        [16.0,16.0,16.0,0.0,0.0,0.0,0.0,0.0,0.0,0.0,0.0,0.0,0.0,0.0,0.0,0.0,0.0,0.0,0.0,0.0,0.0,0.0,0.0,0.0]
2026-02-25 00:05:43 Verb  <#8> [Scheduler] - Instant solver finished in 70.1269 ms for 1/2 connectors
2026-02-25 00:05:43 Verb  <#8> [Scheduler] - Instant update result:
Available:   (32, 32, 32) A
Surplus:     (16, 16, 16)
Cluster Max: (32, 32, 32) A
Load Guard:
    Current:     (0, 0, 0; 0) A  Smoothed: (0, 0, 0) A
    Power:       (0, 0, 0: 0) kW
    Last Update: 01/01/0001 00:00:00  Offline
Connectors:
  22030428/1
    State:           Charging {Charging}
    Target:          16 A  Last: 16 A
    Current:         (15.739, 15.283, 15.084) A  Smoothed: (15.739896, 15.283742, 15.085357) A
    Vehicle Limits:  Min: 6 A  Max: 16 A  Known
    Phase:           L123
    Arrival:         02/24/2026 20:49:51  PlannedDeparture: 02/25/2026 00:05:21
    Required Energy: 69.60000038146974 kWh  Critical
    Exclude after:   
    Ignored till:    
    Schedule:        [16.0,16.0,16.0,0.0,0.0,0.0,0.0,0.0,0.0,0.0,0.0,0.0,0.0,0.0,0.0,0.0,0.0,0.0,0.0,0.0,0.0,0.0,0.0,0.0]
  22030428/2
    State:           Excluded {ChargingPausedByEv}
    Target:          0 A  Last: 0 A
    Current:         (0, 0, 0) A  Smoothed: (0, 0, 0) A
    Vehicle Limits:  Min: 6 A  Max: 16 A  Known
    Phase:           L123
    Arrival:         02/24/2026 19:36:48  PlannedDeparture: 02/25/2026 00:05:21
    Required Energy: 66.79999923706056 kWh  Critical
    Exclude after:   02/24/2026 23:29:45
    Ignored till:    
    Schedule:        [16.0,16.0,16.0,0.0,0.0,0.0,0.0,0.0,0.0,0.0,0.0,0.0,0.0,0.0,0.0,0.0,0.0,0.0,0.0,0.0,0.0,0.0,0.0,0.0]
2026-02-25 00:05:45 Verb  <#8> [Scheduler] - Instant solver finished in 75.5615 ms for 1/2 connectors
2026-02-25 00:05:45 Verb  <#8> [Scheduler] - Instant update result:
Available:   (32, 32, 32) A
Surplus:     (16, 16, 16)
Cluster Max: (32, 32, 32) A
Load Guard:
    Current:     (0, 0, 0; 0) A  Smoothed: (0, 0, 0) A
    Power:       (0, 0, 0: 0) kW
    Last Update: 01/01/0001 00:00:00  Offline
Connectors:
  22030428/1
    State:           Charging {Charging}
    Target:          16 A  Last: 16 A
    Current:         (15.739, 15.283, 15.084) A  Smoothed: (15.739359, 15.283297, 15.084542) A
    Vehicle Limits:  Min: 6 A  Max: 16 A  Known
    Phase:           L123
    Arrival:         02/24/2026 20:49:51  PlannedDeparture: 02/25/2026 00:05:21
    Required Energy: 69.60000038146974 kWh  Critical
    Exclude after:   
    Ignored till:    
    Schedule:        [16.0,16.0,16.0,0.0,0.0,0.0,0.0,0.0,0.0,0.0,0.0,0.0,0.0,0.0,0.0,0.0,0.0,0.0,0.0,0.0,0.0,0.0,0.0,0.0]
  22030428/2
    State:           Excluded {ChargingPausedByEv}
    Target:          0 A  Last: 0 A
    Current:         (0, 0, 0) A  Smoothed: (0, 0, 0) A
    Vehicle Limits:  Min: 6 A  Max: 16 A  Known
    Phase:           L123
    Arrival:         02/24/2026 19:36:48  PlannedDeparture: 02/25/2026 00:05:21
    Required Energy: 66.79999923706056 kWh  Critical
    Exclude after:   02/24/2026 23:29:45
    Ignored till:    
    Schedule:        [16.0,16.0,16.0,0.0,0.0,0.0,0.0,0.0,0.0,0.0,0.0,0.0,0.0,0.0,0.0,0.0,0.0,0.0,0.0,0.0,0.0,0.0,0.0,0.0]
2026-02-25 00:05:47 Verb  <#8> [Scheduler] - Instant solver finished in 152.813 ms for 1/2 connectors
2026-02-25 00:05:47 Verb  <#8> [Scheduler] - Instant update result:
Available:   (32, 32, 32) A
Surplus:     (16, 16, 16)
Cluster Max: (32, 32, 32) A
Load Guard:
    Current:     (0, 0, 0; 0) A  Smoothed: (0, 0, 0) A
    Power:       (0, 0, 0: 0) kW
    Last Update: 01/01/0001 00:00:00  Offline
Connectors:
  22030428/1
    State:           Charging {Charging}
    Target:          16 A  Last: 16 A
    Current:         (15.739, 15.283, 15.084) A  Smoothed: (15.739143, 15.283118, 15.084217) A
    Vehicle Limits:  Min: 6 A  Max: 16 A  Known
    Phase:           L123
    Arrival:         02/24/2026 20:49:51  PlannedDeparture: 02/25/2026 00:05:21
    Required Energy: 69.60000038146974 kWh  Critical
    Exclude after:   
    Ignored till:    
    Schedule:        [16.0,16.0,16.0,0.0,0.0,0.0,0.0,0.0,0.0,0.0,0.0,0.0,0.0,0.0,0.0,0.0,0.0,0.0,0.0,0.0,0.0,0.0,0.0,0.0]
  22030428/2
    State:           Excluded {ChargingPausedByEv}
    Target:          0 A  Last: 0 A
    Current:         (0, 0, 0) A  Smoothed: (0, 0, 0) A
    Vehicle Limits:  Min: 6 A  Max: 16 A  Known
    Phase:           L123
    Arrival:         02/24/2026 19:36:48  PlannedDeparture: 02/25/2026 00:05:21
    Required Energy: 66.79999923706056 kWh  Critical
    Exclude after:   02/24/2026 23:29:45
    Ignored till:    
    Schedule:        [16.0,16.0,16.0,0.0,0.0,0.0,0.0,0.0,0.0,0.0,0.0,0.0,0.0,0.0,0.0,0.0,0.0,0.0,0.0,0.0,0.0,0.0,0.0,0.0]
2026-02-25 00:05:49 Verb  <#53> [Scheduler] - Instant solver finished in 179.2724 ms for 1/2 connectors
2026-02-25 00:05:49 Verb  <#53> [Scheduler] - Instant update result:
Available:   (32, 32, 32) A
Surplus:     (16, 16, 16)
Cluster Max: (32, 32, 32) A
Load Guard:
    Current:     (0, 0, 0; 0) A  Smoothed: (0, 0, 0) A
    Power:       (0, 0, 0: 0) kW
    Last Update: 01/01/0001 00:00:00  Offline
Connectors:
  22030428/1
    State:           Charging {Charging}
    Target:          16 A  Last: 16 A
    Current:         (15.739, 15.283, 15.084) A  Smoothed: (15.739058, 15.283048, 15.084086) A
    Vehicle Limits:  Min: 6 A  Max: 16 A  Known
    Phase:           L123
    Arrival:         02/24/2026 20:49:51  PlannedDeparture: 02/25/2026 00:05:21
    Required Energy: 69.60000038146974 kWh  Critical
    Exclude after:   
    Ignored till:    
    Schedule:        [16.0,16.0,16.0,0.0,0.0,0.0,0.0,0.0,0.0,0.0,0.0,0.0,0.0,0.0,0.0,0.0,0.0,0.0,0.0,0.0,0.0,0.0,0.0,0.0]
  22030428/2
    State:           Excluded {ChargingPausedByEv}
    Target:          0 A  Last: 0 A
    Current:         (0, 0, 0) A  Smoothed: (0, 0, 0) A
    Vehicle Limits:  Min: 6 A  Max: 16 A  Known
    Phase:           L123
    Arrival:         02/24/2026 19:36:48  PlannedDeparture: 02/25/2026 00:05:21
    Required Energy: 66.79999923706056 kWh  Critical
    Exclude after:   02/24/2026 23:29:45
    Ignored till:    
    Schedule:        [16.0,16.0,16.0,0.0,0.0,0.0,0.0,0.0,0.0,0.0,0.0,0.0,0.0,0.0,0.0,0.0,0.0,0.0,0.0,0.0,0.0,0.0,0.0,0.0]
2026-02-25 00:05:51 Verb  <#53> [Scheduler] - Instant solver finished in 306.7058 ms for 1/2 connectors
2026-02-25 00:05:51 Verb  <#53> [Scheduler] - Instant update result:
Available:   (32, 32, 32) A
Surplus:     (16, 16, 16)
Cluster Max: (32, 32, 32) A
Load Guard:
    Current:     (0, 0, 0; 0) A  Smoothed: (0, 0, 0) A
    Power:       (0, 0, 0: 0) kW
    Last Update: 01/01/0001 00:00:00  Offline
Connectors:
  22030428/1
    State:           Charging {Charging}
    Target:          16 A  Last: 16 A
    Current:         (15.739, 15.283, 15.084) A  Smoothed: (15.739023, 15.283019, 15.084034) A
    Vehicle Limits:  Min: 6 A  Max: 16 A  Known
    Phase:           L123
    Arrival:         02/24/2026 20:49:51  PlannedDeparture: 02/25/2026 00:05:21
    Required Energy: 69.60000038146974 kWh  Critical
    Exclude after:   
    Ignored till:    
    Schedule:        [16.0,16.0,16.0,0.0,0.0,0.0,0.0,0.0,0.0,0.0,0.0,0.0,0.0,0.0,0.0,0.0,0.0,0.0,0.0,0.0,0.0,0.0,0.0,0.0]
  22030428/2
    State:           Excluded {ChargingPausedByEv}
    Target:          0 A  Last: 0 A
    Current:         (0, 0, 0) A  Smoothed: (0, 0, 0) A
    Vehicle Limits:  Min: 6 A  Max: 16 A  Known
    Phase:           L123
    Arrival:         02/24/2026 19:36:48  PlannedDeparture: 02/25/2026 00:05:21
    Required Energy: 66.79999923706056 kWh  Critical
    Exclude after:   02/24/2026 23:29:45
    Ignored till:    
    Schedule:        [16.0,16.0,16.0,0.0,0.0,0.0,0.0,0.0,0.0,0.0,0.0,0.0,0.0,0.0,0.0,0.0,0.0,0.0,0.0,0.0,0.0,0.0,0.0,0.0]
2026-02-25 00:05:54 Verb  <#29> [Scheduler] - Instant solver finished in 311.6484 ms for 1/2 connectors
2026-02-25 00:05:54 Verb  <#29> [Scheduler] - Instant update result:
Available:   (32, 32, 32) A
Surplus:     (16, 16, 16)
Cluster Max: (32, 32, 32) A
Load Guard:
    Current:     (0, 0, 0; 0) A  Smoothed: (0, 0, 0) A
    Power:       (0, 0, 0: 0) kW
    Last Update: 01/01/0001 00:00:00  Offline
Connectors:
  22030428/1
    State:           Charging {Charging}
    Target:          16 A  Last: 16 A
    Current:         (15.749, 15.289, 15.102) A  Smoothed: (15.747403, 15.288043, 15.099126) A
    Vehicle Limits:  Min: 6 A  Max: 16 A  Known
    Phase:           L123
    Arrival:         02/24/2026 20:49:51  PlannedDeparture: 02/25/2026 00:05:52
    Required Energy: 69.5 kWh  Critical
    Exclude after:   
    Ignored till:    
    Schedule:        [16.0,16.0,16.0,0.0,0.0,0.0,0.0,0.0,0.0,0.0,0.0,0.0,0.0,0.0,0.0,0.0,0.0,0.0,0.0,0.0,0.0,0.0,0.0,0.0]
  22030428/2
    State:           Excluded {ChargingPausedByEv}
    Target:          0 A  Last: 0 A
    Current:         (0, 0, 0) A  Smoothed: (0, 0, 0) A
    Vehicle Limits:  Min: 6 A  Max: 16 A  Known
    Phase:           L123
    Arrival:         02/24/2026 19:36:48  PlannedDeparture: 02/25/2026 00:05:52
    Required Energy: 66.79999923706056 kWh  Critical
    Exclude after:   02/24/2026 23:29:45
    Ignored till:    
    Schedule:        [16.0,16.0,16.0,0.0,0.0,0.0,0.0,0.0,0.0,0.0,0.0,0.0,0.0,0.0,0.0,0.0,0.0,0.0,0.0,0.0,0.0,0.0,0.0,0.0]
2026-02-25 00:05:56 Verb  <#10> [Scheduler] - Instant solver finished in 97.4054 ms for 1/2 connectors
2026-02-25 00:05:56 Verb  <#10> [Scheduler] - Instant update result:
Available:   (32, 32, 32) A
Surplus:     (16, 16, 16)
Cluster Max: (32, 32, 32) A
Load Guard:
    Current:     (0, 0, 0; 0) A  Smoothed: (0, 0, 0) A
    Power:       (0, 0, 0: 0) kW
    Last Update: 01/01/0001 00:00:00  Offline
Connectors:
  22030428/1
    State:           Charging {Charging}
    Target:          16 A  Last: 16 A
    Current:         (15.749, 15.289, 15.102) A  Smoothed: (15.748361, 15.288617, 15.10085) A
    Vehicle Limits:  Min: 6 A  Max: 16 A  Known
    Phase:           L123
    Arrival:         02/24/2026 20:49:51  PlannedDeparture: 02/25/2026 00:05:52
    Required Energy: 69.5 kWh  Critical
    Exclude after:   
    Ignored till:    
    Schedule:        [16.0,16.0,16.0,0.0,0.0,0.0,0.0,0.0,0.0,0.0,0.0,0.0,0.0,0.0,0.0,0.0,0.0,0.0,0.0,0.0,0.0,0.0,0.0,0.0]
  22030428/2
    State:           Excluded {ChargingPausedByEv}
    Target:          0 A  Last: 0 A
    Current:         (0, 0, 0) A  Smoothed: (0, 0, 0) A
    Vehicle Limits:  Min: 6 A  Max: 16 A  Known
    Phase:           L123
    Arrival:         02/24/2026 19:36:48  PlannedDeparture: 02/25/2026 00:05:52
    Required Energy: 66.79999923706056 kWh  Critical
    Exclude after:   02/24/2026 23:29:45
    Ignored till:    
    Schedule:        [16.0,16.0,16.0,0.0,0.0,0.0,0.0,0.0,0.0,0.0,0.0,0.0,0.0,0.0,0.0,0.0,0.0,0.0,0.0,0.0,0.0,0.0,0.0,0.0]
2026-02-25 00:05:58 Verb  <#10> [Scheduler] - Instant solver finished in 173.6632 ms for 1/2 connectors
2026-02-25 00:05:58 Verb  <#10> [Scheduler] - Instant update result:
Available:   (32, 32, 32) A
Surplus:     (16, 16, 16)
Cluster Max: (32, 32, 32) A
Load Guard:
    Current:     (0, 0, 0; 0) A  Smoothed: (0, 0, 0) A
    Power:       (0, 0, 0: 0) kW
    Last Update: 01/01/0001 00:00:00  Offline
Connectors:
  22030428/1
    State:           Charging {Charging}
    Target:          16 A  Last: 16 A
    Current:         (15.749, 15.289, 15.102) A  Smoothed: (15.748744, 15.288847, 15.101541) A
    Vehicle Limits:  Min: 6 A  Max: 16 A  Known
    Phase:           L123
    Arrival:         02/24/2026 20:49:51  PlannedDeparture: 02/25/2026 00:05:52
    Required Energy: 69.5 kWh  Critical
    Exclude after:   
    Ignored till:    
    Schedule:        [16.0,16.0,16.0,0.0,0.0,0.0,0.0,0.0,0.0,0.0,0.0,0.0,0.0,0.0,0.0,0.0,0.0,0.0,0.0,0.0,0.0,0.0,0.0,0.0]
  22030428/2
    State:           Excluded {ChargingPausedByEv}
    Target:          0 A  Last: 0 A
    Current:         (0, 0, 0) A  Smoothed: (0, 0, 0) A
    Vehicle Limits:  Min: 6 A  Max: 16 A  Known
    Phase:           L123
    Arrival:         02/24/2026 19:36:48  PlannedDeparture: 02/25/2026 00:05:52
    Required Energy: 66.79999923706056 kWh  Critical
    Exclude after:   02/24/2026 23:29:45
    Ignored till:    
    Schedule:        [16.0,16.0,16.0,0.0,0.0,0.0,0.0,0.0,0.0,0.0,0.0,0.0,0.0,0.0,0.0,0.0,0.0,0.0,0.0,0.0,0.0,0.0,0.0,0.0]
2026-02-25 00:06:00 Verb  <#10> [Scheduler] - Instant solver finished in 75.607 ms for 1/2 connectors
2026-02-25 00:06:00 Verb  <#10> [Scheduler] - Instant update result:
Available:   (32, 32, 32) A
Surplus:     (16, 16, 16)
Cluster Max: (32, 32, 32) A
Load Guard:
    Current:     (0, 0, 0; 0) A  Smoothed: (0, 0, 0) A
    Power:       (0, 0, 0: 0) kW
    Last Update: 01/01/0001 00:00:00  Offline
Connectors:
  22030428/1
    State:           Charging {Charging}
    Target:          16 A  Last: 16 A
    Current:         (15.749, 15.289, 15.102) A  Smoothed: (15.748898, 15.2889385, 15.101816) A
    Vehicle Limits:  Min: 6 A  Max: 16 A  Known
    Phase:           L123
    Arrival:         02/24/2026 20:49:51  PlannedDeparture: 02/25/2026 00:05:52
    Required Energy: 69.5 kWh  Critical
    Exclude after:   
    Ignored till:    
    Schedule:        [16.0,16.0,16.0,0.0,0.0,0.0,0.0,0.0,0.0,0.0,0.0,0.0,0.0,0.0,0.0,0.0,0.0,0.0,0.0,0.0,0.0,0.0,0.0,0.0]
  22030428/2
    State:           Excluded {ChargingPausedByEv}
    Target:          0 A  Last: 0 A
    Current:         (0, 0, 0) A  Smoothed: (0, 0, 0) A
    Vehicle Limits:  Min: 6 A  Max: 16 A  Known
    Phase:           L123
    Arrival:         02/24/2026 19:36:48  PlannedDeparture: 02/25/2026 00:05:52
    Required Energy: 66.79999923706056 kWh  Critical
    Exclude after:   02/24/2026 23:29:45
    Ignored till:    
    Schedule:        [16.0,16.0,16.0,0.0,0.0,0.0,0.0,0.0,0.0,0.0,0.0,0.0,0.0,0.0,0.0,0.0,0.0,0.0,0.0,0.0,0.0,0.0,0.0,0.0]
2026-02-25 00:06:02 Verb  <#58> [Scheduler] - Instant solver finished in 355.2002 ms for 1/2 connectors
2026-02-25 00:06:02 Verb  <#58> [Scheduler] - Instant update result:
Available:   (32, 32, 32) A
Surplus:     (16, 16, 16)
Cluster Max: (32, 32, 32) A
Load Guard:
    Current:     (0, 0, 0; 0) A  Smoothed: (0, 0, 0) A
    Power:       (0, 0, 0: 0) kW
    Last Update: 01/01/0001 00:00:00  Offline
Connectors:
  22030428/1
    State:           Charging {Charging}
    Target:          16 A  Last: 16 A
    Current:         (15.749, 15.289, 15.102) A  Smoothed: (15.748959, 15.288975, 15.101927) A
    Vehicle Limits:  Min: 6 A  Max: 16 A  Known
    Phase:           L123
    Arrival:         02/24/2026 20:49:51  PlannedDeparture: 02/25/2026 00:05:52
    Required Energy: 69.5 kWh  Critical
    Exclude after:   
    Ignored till:    
    Schedule:        [16.0,16.0,16.0,0.0,0.0,0.0,0.0,0.0,0.0,0.0,0.0,0.0,0.0,0.0,0.0,0.0,0.0,0.0,0.0,0.0,0.0,0.0,0.0,0.0]
  22030428/2
    State:           Excluded {ChargingPausedByEv}
    Target:          0 A  Last: 0 A
    Current:         (0, 0, 0) A  Smoothed: (0, 0, 0) A
    Vehicle Limits:  Min: 6 A  Max: 16 A  Known
    Phase:           L123
    Arrival:         02/24/2026 19:36:48  PlannedDeparture: 02/25/2026 00:05:52
    Required Energy: 66.79999923706056 kWh  Critical
    Exclude after:   02/24/2026 23:29:45
    Ignored till:    
    Schedule:        [16.0,16.0,16.0,0.0,0.0,0.0,0.0,0.0,0.0,0.0,0.0,0.0,0.0,0.0,0.0,0.0,0.0,0.0,0.0,0.0,0.0,0.0,0.0,0.0]
2026-02-25 00:06:05 Verb  <#58> [Scheduler] - Instant solver finished in 141.67 ms for 1/2 connectors
2026-02-25 00:06:05 Verb  <#58> [Scheduler] - Instant update result:
Available:   (32, 32, 32) A
Surplus:     (16, 16, 16)
Cluster Max: (32, 32, 32) A
Load Guard:
    Current:     (0, 0, 0; 0) A  Smoothed: (0, 0, 0) A
    Power:       (0, 0, 0: 0) kW
    Last Update: 01/01/0001 00:00:00  Offline
Connectors:
  22030428/1
    State:           Charging {Charging}
    Target:          16 A  Last: 16 A
    Current:         (15.749, 15.289, 15.102) A  Smoothed: (15.748983, 15.28899, 15.101971) A
    Vehicle Limits:  Min: 6 A  Max: 16 A  Known
    Phase:           L123
    Arrival:         02/24/2026 20:49:51  PlannedDeparture: 02/25/2026 00:05:52
    Required Energy: 69.5 kWh  Critical
    Exclude after:   
    Ignored till:    
    Schedule:        [16.0,16.0,16.0,0.0,0.0,0.0,0.0,0.0,0.0,0.0,0.0,0.0,0.0,0.0,0.0,0.0,0.0,0.0,0.0,0.0,0.0,0.0,0.0,0.0]
  22030428/2
    State:           Excluded {ChargingPausedByEv}
    Target:          0 A  Last: 0 A
    Current:         (0, 0, 0) A  Smoothed: (0, 0, 0) A
    Vehicle Limits:  Min: 6 A  Max: 16 A  Known
    Phase:           L123
    Arrival:         02/24/2026 19:36:48  PlannedDeparture: 02/25/2026 00:05:52
    Required Energy: 66.79999923706056 kWh  Critical
    Exclude after:   02/24/2026 23:29:45
    Ignored till:    
    Schedule:        [16.0,16.0,16.0,0.0,0.0,0.0,0.0,0.0,0.0,0.0,0.0,0.0,0.0,0.0,0.0,0.0,0.0,0.0,0.0,0.0,0.0,0.0,0.0,0.0]
2026-02-25 00:06:07 Verb  <#58> [Scheduler] - Instant solver finished in 101.9507 ms for 1/2 connectors
2026-02-25 00:06:07 Verb  <#58> [Scheduler] - Instant update result:
Available:   (32, 32, 32) A
Surplus:     (16, 16, 16)
Cluster Max: (32, 32, 32) A
Load Guard:
    Current:     (0, 0, 0; 0) A  Smoothed: (0, 0, 0) A
    Power:       (0, 0, 0: 0) kW
    Last Update: 01/01/0001 00:00:00  Offline
Connectors:
  22030428/1
    State:           Charging {Charging}
    Target:          16 A  Last: 16 A
    Current:         (15.749, 15.289, 15.102) A  Smoothed: (15.748993, 15.288996, 15.101989) A
    Vehicle Limits:  Min: 6 A  Max: 16 A  Known
    Phase:           L123
    Arrival:         02/24/2026 20:49:51  PlannedDeparture: 02/25/2026 00:05:52
    Required Energy: 69.5 kWh  Critical
    Exclude after:   
    Ignored till:    
    Schedule:        [16.0,16.0,16.0,0.0,0.0,0.0,0.0,0.0,0.0,0.0,0.0,0.0,0.0,0.0,0.0,0.0,0.0,0.0,0.0,0.0,0.0,0.0,0.0,0.0]
  22030428/2
    State:           Excluded {ChargingPausedByEv}
    Target:          0 A  Last: 0 A
    Current:         (0, 0, 0) A  Smoothed: (0, 0, 0) A
    Vehicle Limits:  Min: 6 A  Max: 16 A  Known
    Phase:           L123
    Arrival:         02/24/2026 19:36:48  PlannedDeparture: 02/25/2026 00:05:52
    Required Energy: 66.79999923706056 kWh  Critical
    Exclude after:   02/24/2026 23:29:45
    Ignored till:    
    Schedule:        [16.0,16.0,16.0,0.0,0.0,0.0,0.0,0.0,0.0,0.0,0.0,0.0,0.0,0.0,0.0,0.0,0.0,0.0,0.0,0.0,0.0,0.0,0.0,0.0]
2026-02-25 00:06:09 Verb  <#58> [Scheduler] - Instant solver finished in 145.7589 ms for 1/2 connectors
2026-02-25 00:06:09 Verb  <#58> [Scheduler] - Instant update result:
Available:   (32, 32, 32) A
Surplus:     (16, 16, 16)
Cluster Max: (32, 32, 32) A
Load Guard:
    Current:     (0, 0, 0; 0) A  Smoothed: (0, 0, 0) A
    Power:       (0, 0, 0: 0) kW
    Last Update: 01/01/0001 00:00:00  Offline
Connectors:
  22030428/1
    State:           Charging {Charging}
    Target:          16 A  Last: 16 A
    Current:         (15.749, 15.289, 15.102) A  Smoothed: (15.748997, 15.288998, 15.101995) A
    Vehicle Limits:  Min: 6 A  Max: 16 A  Known
    Phase:           L123
    Arrival:         02/24/2026 20:49:51  PlannedDeparture: 02/25/2026 00:05:52
    Required Energy: 69.5 kWh  Critical
    Exclude after:   
    Ignored till:    
    Schedule:        [16.0,16.0,16.0,0.0,0.0,0.0,0.0,0.0,0.0,0.0,0.0,0.0,0.0,0.0,0.0,0.0,0.0,0.0,0.0,0.0,0.0,0.0,0.0,0.0]
  22030428/2
    State:           Excluded {ChargingPausedByEv}
    Target:          0 A  Last: 0 A
    Current:         (0, 0, 0) A  Smoothed: (0, 0, 0) A
    Vehicle Limits:  Min: 6 A  Max: 16 A  Known
    Phase:           L123
    Arrival:         02/24/2026 19:36:48  PlannedDeparture: 02/25/2026 00:05:52
    Required Energy: 66.79999923706056 kWh  Critical
    Exclude after:   02/24/2026 23:29:45
    Ignored till:    
    Schedule:        [16.0,16.0,16.0,0.0,0.0,0.0,0.0,0.0,0.0,0.0,0.0,0.0,0.0,0.0,0.0,0.0,0.0,0.0,0.0,0.0,0.0,0.0,0.0,0.0]
2026-02-25 00:06:11 Verb  <#58> [Scheduler] - Instant solver finished in 195.2095 ms for 1/2 connectors
2026-02-25 00:06:11 Verb  <#58> [Scheduler] - Instant update result:
Available:   (32, 32, 32) A
Surplus:     (16, 16, 16)
Cluster Max: (32, 32, 32) A
Load Guard:
    Current:     (0, 0, 0; 0) A  Smoothed: (0, 0, 0) A
    Power:       (0, 0, 0: 0) kW
    Last Update: 01/01/0001 00:00:00  Offline
Connectors:
  22030428/1
    State:           Charging {Charging}
    Target:          16 A  Last: 16 A
    Current:         (15.749, 15.289, 15.102) A  Smoothed: (15.748999, 15.288999, 15.101998) A
    Vehicle Limits:  Min: 6 A  Max: 16 A  Known
    Phase:           L123
    Arrival:         02/24/2026 20:49:51  PlannedDeparture: 02/25/2026 00:05:52
    Required Energy: 69.5 kWh  Critical
    Exclude after:   
    Ignored till:    
    Schedule:        [16.0,16.0,16.0,0.0,0.0,0.0,0.0,0.0,0.0,0.0,0.0,0.0,0.0,0.0,0.0,0.0,0.0,0.0,0.0,0.0,0.0,0.0,0.0,0.0]
  22030428/2
    State:           Excluded {ChargingPausedByEv}
    Target:          0 A  Last: 0 A
    Current:         (0, 0, 0) A  Smoothed: (0, 0, 0) A
    Vehicle Limits:  Min: 6 A  Max: 16 A  Known
    Phase:           L123
    Arrival:         02/24/2026 19:36:48  PlannedDeparture: 02/25/2026 00:05:52
    Required Energy: 66.79999923706056 kWh  Critical
    Exclude after:   02/24/2026 23:29:45
    Ignored till:    
    Schedule:        [16.0,16.0,16.0,0.0,0.0,0.0,0.0,0.0,0.0,0.0,0.0,0.0,0.0,0.0,0.0,0.0,0.0,0.0,0.0,0.0,0.0,0.0,0.0,0.0]
2026-02-25 00:06:13 Verb  <#58> [Scheduler] - Instant solver finished in 212.8219 ms for 1/2 connectors
2026-02-25 00:06:13 Verb  <#58> [Scheduler] - Instant update result:
Available:   (32, 32, 32) A
Surplus:     (16, 16, 16)
Cluster Max: (32, 32, 32) A
Load Guard:
    Current:     (0, 0, 0; 0) A  Smoothed: (0, 0, 0) A
    Power:       (0, 0, 0: 0) kW
    Last Update: 01/01/0001 00:00:00  Offline
Connectors:
  22030428/1
    State:           Charging {Charging}
    Target:          16 A  Last: 16 A
    Current:         (15.755, 15.27, 15.099) A  Smoothed: (15.75404, 15.27304, 15.09948) A
    Vehicle Limits:  Min: 6 A  Max: 16 A  Known
    Phase:           L123
    Arrival:         02/24/2026 20:49:51  PlannedDeparture: 02/25/2026 00:05:52
    Required Energy: 69.5 kWh  Critical
    Exclude after:   
    Ignored till:    
    Schedule:        [16.0,16.0,16.0,0.0,0.0,0.0,0.0,0.0,0.0,0.0,0.0,0.0,0.0,0.0,0.0,0.0,0.0,0.0,0.0,0.0,0.0,0.0,0.0,0.0]
  22030428/2
    State:           Excluded {ChargingPausedByEv}
    Target:          0 A  Last: 0 A
    Current:         (0, 0, 0) A  Smoothed: (0, 0, 0) A
    Vehicle Limits:  Min: 6 A  Max: 16 A  Known
    Phase:           L123
    Arrival:         02/24/2026 19:36:48  PlannedDeparture: 02/25/2026 00:05:52
    Required Energy: 66.79999923706056 kWh  Critical
    Exclude after:   02/24/2026 23:29:45
    Ignored till:    
    Schedule:        [16.0,16.0,16.0,0.0,0.0,0.0,0.0,0.0,0.0,0.0,0.0,0.0,0.0,0.0,0.0,0.0,0.0,0.0,0.0,0.0,0.0,0.0,0.0,0.0]
2026-02-25 00:06:15 Verb  <#58> [Scheduler] - Instant solver finished in 75.0144 ms for 1/2 connectors
2026-02-25 00:06:15 Verb  <#58> [Scheduler] - Instant update result:
Available:   (32, 32, 32) A
Surplus:     (16, 16, 16)
Cluster Max: (32, 32, 32) A
Load Guard:
    Current:     (0, 0, 0; 0) A  Smoothed: (0, 0, 0) A
    Power:       (0, 0, 0: 0) kW
    Last Update: 01/01/0001 00:00:00  Offline
Connectors:
  22030428/1
    State:           Charging {Charging}
    Target:          16 A  Last: 16 A
    Current:         (15.755, 15.27, 15.099) A  Smoothed: (15.754616, 15.271216, 15.099192) A
    Vehicle Limits:  Min: 6 A  Max: 16 A  Known
    Phase:           L123
    Arrival:         02/24/2026 20:49:51  PlannedDeparture: 02/25/2026 00:05:52
    Required Energy: 69.5 kWh  Critical
    Exclude after:   
    Ignored till:    
    Schedule:        [16.0,16.0,16.0,0.0,0.0,0.0,0.0,0.0,0.0,0.0,0.0,0.0,0.0,0.0,0.0,0.0,0.0,0.0,0.0,0.0,0.0,0.0,0.0,0.0]
  22030428/2
    State:           Excluded {ChargingPausedByEv}
    Target:          0 A  Last: 0 A
    Current:         (0, 0, 0) A  Smoothed: (0, 0, 0) A
    Vehicle Limits:  Min: 6 A  Max: 16 A  Known
    Phase:           L123
    Arrival:         02/24/2026 19:36:48  PlannedDeparture: 02/25/2026 00:05:52
    Required Energy: 66.79999923706056 kWh  Critical
    Exclude after:   02/24/2026 23:29:45
    Ignored till:    
    Schedule:        [16.0,16.0,16.0,0.0,0.0,0.0,0.0,0.0,0.0,0.0,0.0,0.0,0.0,0.0,0.0,0.0,0.0,0.0,0.0,0.0,0.0,0.0,0.0,0.0]
2026-02-25 00:06:17 Verb  <#58> [Scheduler] - Instant solver finished in 99.3772 ms for 1/2 connectors
2026-02-25 00:06:17 Verb  <#58> [Scheduler] - Instant update result:
Available:   (32, 32, 32) A
Surplus:     (16, 16, 16)
Cluster Max: (32, 32, 32) A
Load Guard:
    Current:     (0, 0, 0; 0) A  Smoothed: (0, 0, 0) A
    Power:       (0, 0, 0: 0) kW
    Last Update: 01/01/0001 00:00:00  Offline
Connectors:
  22030428/1
    State:           Charging {Charging}
    Target:          16 A  Last: 16 A
    Current:         (15.755, 15.27, 15.099) A  Smoothed: (15.754847, 15.270487, 15.099076) A
    Vehicle Limits:  Min: 6 A  Max: 16 A  Known
    Phase:           L123
    Arrival:         02/24/2026 20:49:51  PlannedDeparture: 02/25/2026 00:05:52
    Required Energy: 69.5 kWh  Critical
    Exclude after:   
    Ignored till:    
    Schedule:        [16.0,16.0,16.0,0.0,0.0,0.0,0.0,0.0,0.0,0.0,0.0,0.0,0.0,0.0,0.0,0.0,0.0,0.0,0.0,0.0,0.0,0.0,0.0,0.0]
  22030428/2
    State:           Excluded {ChargingPausedByEv}
    Target:          0 A  Last: 0 A
    Current:         (0, 0, 0) A  Smoothed: (0, 0, 0) A
    Vehicle Limits:  Min: 6 A  Max: 16 A  Known
    Phase:           L123
    Arrival:         02/24/2026 19:36:48  PlannedDeparture: 02/25/2026 00:05:52
    Required Energy: 66.79999923706056 kWh  Critical
    Exclude after:   02/24/2026 23:29:45
    Ignored till:    
    Schedule:        [16.0,16.0,16.0,0.0,0.0,0.0,0.0,0.0,0.0,0.0,0.0,0.0,0.0,0.0,0.0,0.0,0.0,0.0,0.0,0.0,0.0,0.0,0.0,0.0]
2026-02-25 00:06:20 Verb  <#58> [Scheduler] - Instant solver finished in 69.6736 ms for 1/2 connectors
2026-02-25 00:06:20 Verb  <#58> [Scheduler] - Instant update result:
Available:   (32, 32, 32) A
Surplus:     (16, 16, 16)
Cluster Max: (32, 32, 32) A
Load Guard:
    Current:     (0, 0, 0; 0) A  Smoothed: (0, 0, 0) A
    Power:       (0, 0, 0: 0) kW
    Last Update: 01/01/0001 00:00:00  Offline
Connectors:
  22030428/1
    State:           Charging {Charging}
    Target:          16 A  Last: 16 A
    Current:         (15.755, 15.27, 15.099) A  Smoothed: (15.754939, 15.270195, 15.0990305) A
    Vehicle Limits:  Min: 6 A  Max: 16 A  Known
    Phase:           L123
    Arrival:         02/24/2026 20:49:51  PlannedDeparture: 02/25/2026 00:05:52
    Required Energy: 69.5 kWh  Critical
    Exclude after:   
    Ignored till:    
    Schedule:        [16.0,16.0,16.0,0.0,0.0,0.0,0.0,0.0,0.0,0.0,0.0,0.0,0.0,0.0,0.0,0.0,0.0,0.0,0.0,0.0,0.0,0.0,0.0,0.0]
  22030428/2
    State:           Excluded {ChargingPausedByEv}
    Target:          0 A  Last: 0 A
    Current:         (0, 0, 0) A  Smoothed: (0, 0, 0) A
    Vehicle Limits:  Min: 6 A  Max: 16 A  Known
    Phase:           L123
    Arrival:         02/24/2026 19:36:48  PlannedDeparture: 02/25/2026 00:05:52
    Required Energy: 66.79999923706056 kWh  Critical
    Exclude after:   02/24/2026 23:29:45
    Ignored till:    
    Schedule:        [16.0,16.0,16.0,0.0,0.0,0.0,0.0,0.0,0.0,0.0,0.0,0.0,0.0,0.0,0.0,0.0,0.0,0.0,0.0,0.0,0.0,0.0,0.0,0.0]
2026-02-25 00:06:22 Verb  <#58> [Scheduler] - Instant solver finished in 98.4695 ms for 1/2 connectors
2026-02-25 00:06:22 Verb  <#58> [Scheduler] - Instant update result:
Available:   (32, 32, 32) A
Surplus:     (16, 16, 16)
Cluster Max: (32, 32, 32) A
Load Guard:
    Current:     (0, 0, 0; 0) A  Smoothed: (0, 0, 0) A
    Power:       (0, 0, 0: 0) kW
    Last Update: 01/01/0001 00:00:00  Offline
Connectors:
  22030428/1
    State:           Charging {Charging}
    Target:          16 A  Last: 16 A
    Current:         (15.755, 15.27, 15.099) A  Smoothed: (15.754975, 15.270079, 15.099012) A
    Vehicle Limits:  Min: 6 A  Max: 16 A  Known
    Phase:           L123
    Arrival:         02/24/2026 20:49:51  PlannedDeparture: 02/25/2026 00:05:52
    Required Energy: 69.5 kWh  Critical
    Exclude after:   
    Ignored till:    
    Schedule:        [16.0,16.0,16.0,0.0,0.0,0.0,0.0,0.0,0.0,0.0,0.0,0.0,0.0,0.0,0.0,0.0,0.0,0.0,0.0,0.0,0.0,0.0,0.0,0.0]
  22030428/2
    State:           Excluded {ChargingPausedByEv}
    Target:          0 A  Last: 0 A
    Current:         (0, 0, 0) A  Smoothed: (0, 0, 0) A
    Vehicle Limits:  Min: 6 A  Max: 16 A  Known
    Phase:           L123
    Arrival:         02/24/2026 19:36:48  PlannedDeparture: 02/25/2026 00:05:52
    Required Energy: 66.79999923706056 kWh  Critical
    Exclude after:   02/24/2026 23:29:45
    Ignored till:    
    Schedule:        [16.0,16.0,16.0,0.0,0.0,0.0,0.0,0.0,0.0,0.0,0.0,0.0,0.0,0.0,0.0,0.0,0.0,0.0,0.0,0.0,0.0,0.0,0.0,0.0]
2026-02-25 00:06:24 Verb  <#58> [Scheduler] - Instant solver finished in 113.735 ms for 1/2 connectors
2026-02-25 00:06:24 Verb  <#58> [Scheduler] - Instant update result:
Available:   (32, 32, 32) A
Surplus:     (16, 16, 16)
Cluster Max: (32, 32, 32) A
Load Guard:
    Current:     (0, 0, 0; 0) A  Smoothed: (0, 0, 0) A
    Power:       (0, 0, 0: 0) kW
    Last Update: 01/01/0001 00:00:00  Offline
Connectors:
  22030428/1
    State:           Charging {Charging}
    Target:          16 A  Last: 16 A
    Current:         (15.739, 15.277, 15.107) A  Smoothed: (15.741556, 15.275893, 15.105722) A
    Vehicle Limits:  Min: 6 A  Max: 16 A  Known
    Phase:           L123
    Arrival:         02/24/2026 20:49:51  PlannedDeparture: 02/25/2026 00:06:22
    Required Energy: 69.39999961853029 kWh  Critical
    Exclude after:   
    Ignored till:    
    Schedule:        [16.0,16.0,16.0,0.0,0.0,0.0,0.0,0.0,0.0,0.0,0.0,0.0,0.0,0.0,0.0,0.0,0.0,0.0,0.0,0.0,0.0,0.0,0.0,0.0]
  22030428/2
    State:           Excluded {ChargingPausedByEv}
    Target:          0 A  Last: 0 A
    Current:         (0, 0, 0) A  Smoothed: (0, 0, 0) A
    Vehicle Limits:  Min: 6 A  Max: 16 A  Known
    Phase:           L123
    Arrival:         02/24/2026 19:36:48  PlannedDeparture: 02/25/2026 00:06:22
    Required Energy: 66.79999923706056 kWh  Critical
    Exclude after:   02/24/2026 23:29:45
    Ignored till:    
    Schedule:        [16.0,16.0,16.0,0.0,0.0,0.0,0.0,0.0,0.0,0.0,0.0,0.0,0.0,0.0,0.0,0.0,0.0,0.0,0.0,0.0,0.0,0.0,0.0,0.0]
2026-02-25 00:06:26 Verb  <#58> [Scheduler] - Instant solver finished in 94.3204 ms for 1/2 connectors
2026-02-25 00:06:26 Verb  <#58> [Scheduler] - Instant update result:
Available:   (32, 32, 32) A
Surplus:     (16, 16, 16)
Cluster Max: (32, 32, 32) A
Load Guard:
    Current:     (0, 0, 0; 0) A  Smoothed: (0, 0, 0) A
    Power:       (0, 0, 0: 0) kW
    Last Update: 01/01/0001 00:00:00  Offline
Connectors:
  22030428/1
    State:           Charging {Charging}
    Target:          16 A  Last: 16 A
    Current:         (15.739, 15.277, 15.107) A  Smoothed: (15.740023, 15.276558, 15.106489) A
    Vehicle Limits:  Min: 6 A  Max: 16 A  Known
    Phase:           L123
    Arrival:         02/24/2026 20:49:51  PlannedDeparture: 02/25/2026 00:06:22
    Required Energy: 69.39999961853029 kWh  Critical
    Exclude after:   
    Ignored till:    
    Schedule:        [16.0,16.0,16.0,0.0,0.0,0.0,0.0,0.0,0.0,0.0,0.0,0.0,0.0,0.0,0.0,0.0,0.0,0.0,0.0,0.0,0.0,0.0,0.0,0.0]
  22030428/2
    State:           Excluded {ChargingPausedByEv}
    Target:          0 A  Last: 0 A
    Current:         (0, 0, 0) A  Smoothed: (0, 0, 0) A
    Vehicle Limits:  Min: 6 A  Max: 16 A  Known
    Phase:           L123
    Arrival:         02/24/2026 19:36:48  PlannedDeparture: 02/25/2026 00:06:22
    Required Energy: 66.79999923706056 kWh  Critical
    Exclude after:   02/24/2026 23:29:45
    Ignored till:    
    Schedule:        [16.0,16.0,16.0,0.0,0.0,0.0,0.0,0.0,0.0,0.0,0.0,0.0,0.0,0.0,0.0,0.0,0.0,0.0,0.0,0.0,0.0,0.0,0.0,0.0]
2026-02-25 00:06:28 Verb  <#58> [Scheduler] - Instant solver finished in 94.5039 ms for 1/2 connectors
2026-02-25 00:06:28 Verb  <#58> [Scheduler] - Instant update result:
Available:   (32, 32, 32) A
Surplus:     (16, 16, 16)
Cluster Max: (32, 32, 32) A
Load Guard:
    Current:     (0, 0, 0; 0) A  Smoothed: (0, 0, 0) A
    Power:       (0, 0, 0: 0) kW
    Last Update: 01/01/0001 00:00:00  Offline
Connectors:
  22030428/1
    State:           Charging {Charging}
    Target:          16 A  Last: 16 A
    Current:         (15.739, 15.277, 15.107) A  Smoothed: (15.739409, 15.276823, 15.106796) A
    Vehicle Limits:  Min: 6 A  Max: 16 A  Known
    Phase:           L123
    Arrival:         02/24/2026 20:49:51  PlannedDeparture: 02/25/2026 00:06:22
    Required Energy: 69.39999961853029 kWh  Critical
    Exclude after:   
    Ignored till:    
    Schedule:        [16.0,16.0,16.0,0.0,0.0,0.0,0.0,0.0,0.0,0.0,0.0,0.0,0.0,0.0,0.0,0.0,0.0,0.0,0.0,0.0,0.0,0.0,0.0,0.0]
  22030428/2
    State:           Excluded {ChargingPausedByEv}
    Target:          0 A  Last: 0 A
    Current:         (0, 0, 0) A  Smoothed: (0, 0, 0) A
    Vehicle Limits:  Min: 6 A  Max: 16 A  Known
    Phase:           L123
    Arrival:         02/24/2026 19:36:48  PlannedDeparture: 02/25/2026 00:06:22
    Required Energy: 66.79999923706056 kWh  Critical
    Exclude after:   02/24/2026 23:29:45
    Ignored till:    
    Schedule:        [16.0,16.0,16.0,0.0,0.0,0.0,0.0,0.0,0.0,0.0,0.0,0.0,0.0,0.0,0.0,0.0,0.0,0.0,0.0,0.0,0.0,0.0,0.0,0.0]
2026-02-25 00:06:30 Verb  <#58> [Scheduler] - Instant solver finished in 110.1764 ms for 1/2 connectors
2026-02-25 00:06:30 Verb  <#58> [Scheduler] - Instant update result:
Available:   (32, 32, 32) A
Surplus:     (16, 16, 16)
Cluster Max: (32, 32, 32) A
Load Guard:
    Current:     (0, 0, 0; 0) A  Smoothed: (0, 0, 0) A
    Power:       (0, 0, 0: 0) kW
    Last Update: 01/01/0001 00:00:00  Offline
Connectors:
  22030428/1
    State:           Charging {Charging}
    Target:          16 A  Last: 16 A
    Current:         (15.739, 15.277, 15.107) A  Smoothed: (15.739164, 15.27693, 15.106918) A
    Vehicle Limits:  Min: 6 A  Max: 16 A  Known
    Phase:           L123
    Arrival:         02/24/2026 20:49:51  PlannedDeparture: 02/25/2026 00:06:22
    Required Energy: 69.39999961853029 kWh  Critical
    Exclude after:   
    Ignored till:    
    Schedule:        [16.0,16.0,16.0,0.0,0.0,0.0,0.0,0.0,0.0,0.0,0.0,0.0,0.0,0.0,0.0,0.0,0.0,0.0,0.0,0.0,0.0,0.0,0.0,0.0]
  22030428/2
    State:           Excluded {ChargingPausedByEv}
    Target:          0 A  Last: 0 A
    Current:         (0, 0, 0) A  Smoothed: (0, 0, 0) A
    Vehicle Limits:  Min: 6 A  Max: 16 A  Known
    Phase:           L123
    Arrival:         02/24/2026 19:36:48  PlannedDeparture: 02/25/2026 00:06:22
    Required Energy: 66.79999923706056 kWh  Critical
    Exclude after:   02/24/2026 23:29:45
    Ignored till:    
    Schedule:        [16.0,16.0,16.0,0.0,0.0,0.0,0.0,0.0,0.0,0.0,0.0,0.0,0.0,0.0,0.0,0.0,0.0,0.0,0.0,0.0,0.0,0.0,0.0,0.0]
2026-02-25 00:06:32 Verb  <#58> [Scheduler] - Instant solver finished in 148.8887 ms for 1/2 connectors
2026-02-25 00:06:32 Verb  <#58> [Scheduler] - Instant update result:
Available:   (32, 32, 32) A
Surplus:     (16, 16, 16)
Cluster Max: (32, 32, 32) A
Load Guard:
    Current:     (0, 0, 0; 0) A  Smoothed: (0, 0, 0) A
    Power:       (0, 0, 0: 0) kW
    Last Update: 01/01/0001 00:00:00  Offline
Connectors:
  22030428/1
    State:           Charging {Charging}
    Target:          16 A  Last: 16 A
    Current:         (15.739, 15.277, 15.107) A  Smoothed: (15.739066, 15.276972, 15.106968) A
    Vehicle Limits:  Min: 6 A  Max: 16 A  Known
    Phase:           L123
    Arrival:         02/24/2026 20:49:51  PlannedDeparture: 02/25/2026 00:06:22
    Required Energy: 69.39999961853029 kWh  Critical
    Exclude after:   
    Ignored till:    
    Schedule:        [16.0,16.0,16.0,0.0,0.0,0.0,0.0,0.0,0.0,0.0,0.0,0.0,0.0,0.0,0.0,0.0,0.0,0.0,0.0,0.0,0.0,0.0,0.0,0.0]
  22030428/2
    State:           Excluded {ChargingPausedByEv}
    Target:          0 A  Last: 0 A
    Current:         (0, 0, 0) A  Smoothed: (0, 0, 0) A
    Vehicle Limits:  Min: 6 A  Max: 16 A  Known
    Phase:           L123
    Arrival:         02/24/2026 19:36:48  PlannedDeparture: 02/25/2026 00:06:22
    Required Energy: 66.79999923706056 kWh  Critical
    Exclude after:   02/24/2026 23:29:45
    Ignored till:    
    Schedule:        [16.0,16.0,16.0,0.0,0.0,0.0,0.0,0.0,0.0,0.0,0.0,0.0,0.0,0.0,0.0,0.0,0.0,0.0,0.0,0.0,0.0,0.0,0.0,0.0]
2026-02-25 00:06:34 Verb  <#58> [Scheduler] - Instant solver finished in 149.5897 ms for 1/2 connectors
2026-02-25 00:06:34 Verb  <#58> [Scheduler] - Instant update result:
Available:   (32, 32, 32) A
Surplus:     (16, 16, 16)
Cluster Max: (32, 32, 32) A
Load Guard:
    Current:     (0, 0, 0; 0) A  Smoothed: (0, 0, 0) A
    Power:       (0, 0, 0: 0) kW
    Last Update: 01/01/0001 00:00:00  Offline
Connectors:
  22030428/1
    State:           Charging {Charging}
    Target:          16 A  Last: 16 A
    Current:         (15.739, 15.277, 15.107) A  Smoothed: (15.739027, 15.276989, 15.106987) A
    Vehicle Limits:  Min: 6 A  Max: 16 A  Known
    Phase:           L123
    Arrival:         02/24/2026 20:49:51  PlannedDeparture: 02/25/2026 00:06:22
    Required Energy: 69.39999961853029 kWh  Critical
    Exclude after:   
    Ignored till:    
    Schedule:        [16.0,16.0,16.0,0.0,0.0,0.0,0.0,0.0,0.0,0.0,0.0,0.0,0.0,0.0,0.0,0.0,0.0,0.0,0.0,0.0,0.0,0.0,0.0,0.0]
  22030428/2
    State:           Excluded {ChargingPausedByEv}
    Target:          0 A  Last: 0 A
    Current:         (0, 0, 0) A  Smoothed: (0, 0, 0) A
    Vehicle Limits:  Min: 6 A  Max: 16 A  Known
    Phase:           L123
    Arrival:         02/24/2026 19:36:48  PlannedDeparture: 02/25/2026 00:06:22
    Required Energy: 66.79999923706056 kWh  Critical
    Exclude after:   02/24/2026 23:29:45
    Ignored till:    
    Schedule:        [16.0,16.0,16.0,0.0,0.0,0.0,0.0,0.0,0.0,0.0,0.0,0.0,0.0,0.0,0.0,0.0,0.0,0.0,0.0,0.0,0.0,0.0,0.0,0.0]
2026-02-25 00:06:37 Verb  <#58> [Scheduler] - Instant solver finished in 82.1351 ms for 1/2 connectors
2026-02-25 00:06:37 Verb  <#58> [Scheduler] - Instant update result:
Available:   (32, 32, 32) A
Surplus:     (16, 16, 16)
Cluster Max: (32, 32, 32) A
Load Guard:
    Current:     (0, 0, 0; 0) A  Smoothed: (0, 0, 0) A
    Power:       (0, 0, 0: 0) kW
    Last Update: 01/01/0001 00:00:00  Offline
Connectors:
  22030428/1
    State:           Charging {Charging}
    Target:          16 A  Last: 16 A
    Current:         (15.739, 15.277, 15.107) A  Smoothed: (15.739011, 15.276996, 15.106995) A
    Vehicle Limits:  Min: 6 A  Max: 16 A  Known
    Phase:           L123
    Arrival:         02/24/2026 20:49:51  PlannedDeparture: 02/25/2026 00:06:22
    Required Energy: 69.39999961853029 kWh  Critical
    Exclude after:   
    Ignored till:    
    Schedule:        [16.0,16.0,16.0,0.0,0.0,0.0,0.0,0.0,0.0,0.0,0.0,0.0,0.0,0.0,0.0,0.0,0.0,0.0,0.0,0.0,0.0,0.0,0.0,0.0]
  22030428/2
    State:           Excluded {ChargingPausedByEv}
    Target:          0 A  Last: 0 A
    Current:         (0, 0, 0) A  Smoothed: (0, 0, 0) A
    Vehicle Limits:  Min: 6 A  Max: 16 A  Known
    Phase:           L123
    Arrival:         02/24/2026 19:36:48  PlannedDeparture: 02/25/2026 00:06:22
    Required Energy: 66.79999923706056 kWh  Critical
    Exclude after:   02/24/2026 23:29:45
    Ignored till:    
    Schedule:        [16.0,16.0,16.0,0.0,0.0,0.0,0.0,0.0,0.0,0.0,0.0,0.0,0.0,0.0,0.0,0.0,0.0,0.0,0.0,0.0,0.0,0.0,0.0,0.0]
2026-02-25 00:06:39 Verb  <#10> [Scheduler] - Instant solver finished in 76.0808 ms for 1/2 connectors
2026-02-25 00:06:39 Verb  <#10> [Scheduler] - Instant update result:
Available:   (32, 32, 32) A
Surplus:     (16, 16, 16)
Cluster Max: (32, 32, 32) A
Load Guard:
    Current:     (0, 0, 0; 0) A  Smoothed: (0, 0, 0) A
    Power:       (0, 0, 0: 0) kW
    Last Update: 01/01/0001 00:00:00  Offline
Connectors:
  22030428/1
    State:           Charging {Charging}
    Target:          16 A  Last: 16 A
    Current:         (15.739, 15.277, 15.107) A  Smoothed: (15.739004, 15.2769985, 15.106998) A
    Vehicle Limits:  Min: 6 A  Max: 16 A  Known
    Phase:           L123
    Arrival:         02/24/2026 20:49:51  PlannedDeparture: 02/25/2026 00:06:22
    Required Energy: 69.39999961853029 kWh  Critical
    Exclude after:   
    Ignored till:    
    Schedule:        [16.0,16.0,16.0,0.0,0.0,0.0,0.0,0.0,0.0,0.0,0.0,0.0,0.0,0.0,0.0,0.0,0.0,0.0,0.0,0.0,0.0,0.0,0.0,0.0]
  22030428/2
    State:           Excluded {ChargingPausedByEv}
    Target:          0 A  Last: 0 A
    Current:         (0, 0, 0) A  Smoothed: (0, 0, 0) A
    Vehicle Limits:  Min: 6 A  Max: 16 A  Known
    Phase:           L123
    Arrival:         02/24/2026 19:36:48  PlannedDeparture: 02/25/2026 00:06:22
    Required Energy: 66.79999923706056 kWh  Critical
    Exclude after:   02/24/2026 23:29:45
    Ignored till:    
    Schedule:        [16.0,16.0,16.0,0.0,0.0,0.0,0.0,0.0,0.0,0.0,0.0,0.0,0.0,0.0,0.0,0.0,0.0,0.0,0.0,0.0,0.0,0.0,0.0,0.0]
2026-02-25 00:06:41 Verb  <#10> [Scheduler] - Instant solver finished in 76.7511 ms for 1/2 connectors
2026-02-25 00:06:41 Verb  <#10> [Scheduler] - Instant update result:
Available:   (32, 32, 32) A
Surplus:     (16, 16, 16)
Cluster Max: (32, 32, 32) A
Load Guard:
    Current:     (0, 0, 0; 0) A  Smoothed: (0, 0, 0) A
    Power:       (0, 0, 0: 0) kW
    Last Update: 01/01/0001 00:00:00  Offline
Connectors:
  22030428/1
    State:           Charging {Charging}
    Target:          16 A  Last: 16 A
    Current:         (15.739, 15.277, 15.107) A  Smoothed: (15.739002, 15.276999, 15.106999) A
    Vehicle Limits:  Min: 6 A  Max: 16 A  Known
    Phase:           L123
    Arrival:         02/24/2026 20:49:51  PlannedDeparture: 02/25/2026 00:06:22
    Required Energy: 69.39999961853029 kWh  Critical
    Exclude after:   
    Ignored till:    
    Schedule:        [16.0,16.0,16.0,0.0,0.0,0.0,0.0,0.0,0.0,0.0,0.0,0.0,0.0,0.0,0.0,0.0,0.0,0.0,0.0,0.0,0.0,0.0,0.0,0.0]
  22030428/2
    State:           Excluded {ChargingPausedByEv}
    Target:          0 A  Last: 0 A
    Current:         (0, 0, 0) A  Smoothed: (0, 0, 0) A
    Vehicle Limits:  Min: 6 A  Max: 16 A  Known
    Phase:           L123
    Arrival:         02/24/2026 19:36:48  PlannedDeparture: 02/25/2026 00:06:22
    Required Energy: 66.79999923706056 kWh  Critical
    Exclude after:   02/24/2026 23:29:45
    Ignored till:    
    Schedule:        [16.0,16.0,16.0,0.0,0.0,0.0,0.0,0.0,0.0,0.0,0.0,0.0,0.0,0.0,0.0,0.0,0.0,0.0,0.0,0.0,0.0,0.0,0.0,0.0]
2026-02-25 00:06:43 Verb  <#10> [Scheduler] - Instant solver finished in 178.8484 ms for 1/2 connectors
2026-02-25 00:06:43 Verb  <#10> [Scheduler] - Instant update result:
Available:   (32, 32, 32) A
Surplus:     (16, 16, 16)
Cluster Max: (32, 32, 32) A
Load Guard:
    Current:     (0, 0, 0; 0) A  Smoothed: (0, 0, 0) A
    Power:       (0, 0, 0: 0) kW
    Last Update: 01/01/0001 00:00:00  Offline
Connectors:
  22030428/1
    State:           Charging {Charging}
    Target:          16 A  Last: 16 A
    Current:         (15.739, 15.277, 15.107) A  Smoothed: (15.739001, 15.277, 15.107) A
    Vehicle Limits:  Min: 6 A  Max: 16 A  Known
    Phase:           L123
    Arrival:         02/24/2026 20:49:51  PlannedDeparture: 02/25/2026 00:06:22
    Required Energy: 69.39999961853029 kWh  Critical
    Exclude after:   
    Ignored till:    
    Schedule:        [16.0,16.0,16.0,0.0,0.0,0.0,0.0,0.0,0.0,0.0,0.0,0.0,0.0,0.0,0.0,0.0,0.0,0.0,0.0,0.0,0.0,0.0,0.0,0.0]
  22030428/2
    State:           Excluded {ChargingPausedByEv}
    Target:          0 A  Last: 0 A
    Current:         (0, 0, 0) A  Smoothed: (0, 0, 0) A
    Vehicle Limits:  Min: 6 A  Max: 16 A  Known
    Phase:           L123
    Arrival:         02/24/2026 19:36:48  PlannedDeparture: 02/25/2026 00:06:22
    Required Energy: 66.79999923706056 kWh  Critical
    Exclude after:   02/24/2026 23:29:45
    Ignored till:    
    Schedule:        [16.0,16.0,16.0,0.0,0.0,0.0,0.0,0.0,0.0,0.0,0.0,0.0,0.0,0.0,0.0,0.0,0.0,0.0,0.0,0.0,0.0,0.0,0.0,0.0]
2026-02-25 00:06:45 Verb  <#10> [Scheduler] - Instant solver finished in 77.4815 ms for 1/2 connectors
2026-02-25 00:06:45 Verb  <#10> [Scheduler] - Instant update result:
Available:   (32, 32, 32) A
Surplus:     (16, 16, 16)
Cluster Max: (32, 32, 32) A
Load Guard:
    Current:     (0, 0, 0; 0) A  Smoothed: (0, 0, 0) A
    Power:       (0, 0, 0: 0) kW
    Last Update: 01/01/0001 00:00:00  Offline
Connectors:
  22030428/1
    State:           Charging {Charging}
    Target:          16 A  Last: 16 A
    Current:         (15.747, 15.289, 15.182) A  Smoothed: (15.74572, 15.28708, 15.17) A
    Vehicle Limits:  Min: 6 A  Max: 16 A  Known
    Phase:           L123
    Arrival:         02/24/2026 20:49:51  PlannedDeparture: 02/25/2026 00:06:22
    Required Energy: 69.39999961853029 kWh  Critical
    Exclude after:   
    Ignored till:    
    Schedule:        [16.0,16.0,16.0,0.0,0.0,0.0,0.0,0.0,0.0,0.0,0.0,0.0,0.0,0.0,0.0,0.0,0.0,0.0,0.0,0.0,0.0,0.0,0.0,0.0]
  22030428/2
    State:           Excluded {ChargingPausedByEv}
    Target:          0 A  Last: 0 A
    Current:         (0, 0, 0) A  Smoothed: (0, 0, 0) A
    Vehicle Limits:  Min: 6 A  Max: 16 A  Known
    Phase:           L123
    Arrival:         02/24/2026 19:36:48  PlannedDeparture: 02/25/2026 00:06:22
    Required Energy: 66.79999923706056 kWh  Critical
    Exclude after:   02/24/2026 23:29:45
    Ignored till:    
    Schedule:        [16.0,16.0,16.0,0.0,0.0,0.0,0.0,0.0,0.0,0.0,0.0,0.0,0.0,0.0,0.0,0.0,0.0,0.0,0.0,0.0,0.0,0.0,0.0,0.0]
2026-02-25 00:06:47 Verb  <#10> [Scheduler] - Instant solver finished in 247.1278 ms for 1/2 connectors
2026-02-25 00:06:47 Verb  <#10> [Scheduler] - Instant update result:
Available:   (32, 32, 32) A
Surplus:     (16, 16, 16)
Cluster Max: (32, 32, 32) A
Load Guard:
    Current:     (0, 0, 0; 0) A  Smoothed: (0, 0, 0) A
    Power:       (0, 0, 0: 0) kW
    Last Update: 01/01/0001 00:00:00  Offline
Connectors:
  22030428/1
    State:           Charging {Charging}
    Target:          16 A  Last: 16 A
    Current:         (15.747, 15.289, 15.182) A  Smoothed: (15.746488, 15.288232, 15.1772) A
    Vehicle Limits:  Min: 6 A  Max: 16 A  Known
    Phase:           L123
    Arrival:         02/24/2026 20:49:51  PlannedDeparture: 02/25/2026 00:06:22
    Required Energy: 69.39999961853029 kWh  Critical
    Exclude after:   
    Ignored till:    
    Schedule:        [16.0,16.0,16.0,0.0,0.0,0.0,0.0,0.0,0.0,0.0,0.0,0.0,0.0,0.0,0.0,0.0,0.0,0.0,0.0,0.0,0.0,0.0,0.0,0.0]
  22030428/2
    State:           Excluded {ChargingPausedByEv}
    Target:          0 A  Last: 0 A
    Current:         (0, 0, 0) A  Smoothed: (0, 0, 0) A
    Vehicle Limits:  Min: 6 A  Max: 16 A  Known
    Phase:           L123
    Arrival:         02/24/2026 19:36:48  PlannedDeparture: 02/25/2026 00:06:22
    Required Energy: 66.79999923706056 kWh  Critical
    Exclude after:   02/24/2026 23:29:45
    Ignored till:    
    Schedule:        [16.0,16.0,16.0,0.0,0.0,0.0,0.0,0.0,0.0,0.0,0.0,0.0,0.0,0.0,0.0,0.0,0.0,0.0,0.0,0.0,0.0,0.0,0.0,0.0]
2026-02-25 00:06:50 Verb  <#10> [Scheduler] - Instant solver finished in 200.6413 ms for 1/2 connectors
2026-02-25 00:06:50 Verb  <#10> [Scheduler] - Instant update result:
Available:   (32, 32, 32) A
Surplus:     (16, 16, 16)
Cluster Max: (32, 32, 32) A
Load Guard:
    Current:     (0, 0, 0; 0) A  Smoothed: (0, 0, 0) A
    Power:       (0, 0, 0: 0) kW
    Last Update: 01/01/0001 00:00:00  Offline
Connectors:
  22030428/1
    State:           Charging {Charging}
    Target:          16 A  Last: 16 A
    Current:         (15.747, 15.289, 15.182) A  Smoothed: (15.746795, 15.288692, 15.18008) A
    Vehicle Limits:  Min: 6 A  Max: 16 A  Known
    Phase:           L123
    Arrival:         02/24/2026 20:49:51  PlannedDeparture: 02/25/2026 00:06:22
    Required Energy: 69.39999961853029 kWh  Critical
    Exclude after:   
    Ignored till:    
    Schedule:        [16.0,16.0,16.0,0.0,0.0,0.0,0.0,0.0,0.0,0.0,0.0,0.0,0.0,0.0,0.0,0.0,0.0,0.0,0.0,0.0,0.0,0.0,0.0,0.0]
  22030428/2
    State:           Excluded {ChargingPausedByEv}
    Target:          0 A  Last: 0 A
    Current:         (0, 0, 0) A  Smoothed: (0, 0, 0) A
    Vehicle Limits:  Min: 6 A  Max: 16 A  Known
    Phase:           L123
    Arrival:         02/24/2026 19:36:48  PlannedDeparture: 02/25/2026 00:06:22
    Required Energy: 66.79999923706056 kWh  Critical
    Exclude after:   02/24/2026 23:29:45
    Ignored till:    
    Schedule:        [16.0,16.0,16.0,0.0,0.0,0.0,0.0,0.0,0.0,0.0,0.0,0.0,0.0,0.0,0.0,0.0,0.0,0.0,0.0,0.0,0.0,0.0,0.0,0.0]
2026-02-25 00:06:52 Verb  <#10> [Scheduler] - Instant solver finished in 275.3245 ms for 1/2 connectors
2026-02-25 00:06:52 Verb  <#10> [Scheduler] - Instant update result:
Available:   (32, 32, 32) A
Surplus:     (16, 16, 16)
Cluster Max: (32, 32, 32) A
Load Guard:
    Current:     (0, 0, 0; 0) A  Smoothed: (0, 0, 0) A
    Power:       (0, 0, 0: 0) kW
    Last Update: 01/01/0001 00:00:00  Offline
Connectors:
  22030428/1
    State:           Charging {Charging}
    Target:          16 A  Last: 16 A
    Current:         (15.747, 15.289, 15.182) A  Smoothed: (15.746918, 15.288877, 15.181232) A
    Vehicle Limits:  Min: 6 A  Max: 16 A  Known
    Phase:           L123
    Arrival:         02/24/2026 20:49:51  PlannedDeparture: 02/25/2026 00:06:22
    Required Energy: 69.39999961853029 kWh  Critical
    Exclude after:   
    Ignored till:    
    Schedule:        [16.0,16.0,16.0,0.0,0.0,0.0,0.0,0.0,0.0,0.0,0.0,0.0,0.0,0.0,0.0,0.0,0.0,0.0,0.0,0.0,0.0,0.0,0.0,0.0]
  22030428/2
    State:           Excluded {ChargingPausedByEv}
    Target:          0 A  Last: 0 A
    Current:         (0, 0, 0) A  Smoothed: (0, 0, 0) A
    Vehicle Limits:  Min: 6 A  Max: 16 A  Known
    Phase:           L123
    Arrival:         02/24/2026 19:36:48  PlannedDeparture: 02/25/2026 00:06:22
    Required Energy: 66.79999923706056 kWh  Critical
    Exclude after:   02/24/2026 23:29:45
    Ignored till:    
    Schedule:        [16.0,16.0,16.0,0.0,0.0,0.0,0.0,0.0,0.0,0.0,0.0,0.0,0.0,0.0,0.0,0.0,0.0,0.0,0.0,0.0,0.0,0.0,0.0,0.0]
2026-02-25 00:06:54 Verb  <#58> [Scheduler] - Instant solver finished in 162.476 ms for 1/2 connectors
2026-02-25 00:06:54 Verb  <#58> [Scheduler] - Instant update result:
Available:   (32, 32, 32) A
Surplus:     (16, 16, 16)
Cluster Max: (32, 32, 32) A
Load Guard:
    Current:     (0, 0, 0; 0) A  Smoothed: (0, 0, 0) A
    Power:       (0, 0, 0: 0) kW
    Last Update: 01/01/0001 00:00:00  Offline
Connectors:
  22030428/1
    State:           Charging {Charging}
    Target:          16 A  Last: 16 A
    Current:         (15.762, 15.298, 15.116) A  Smoothed: (15.759587, 15.29654, 15.126437) A
    Vehicle Limits:  Min: 6 A  Max: 16 A  Known
    Phase:           L123
    Arrival:         02/24/2026 20:49:51  PlannedDeparture: 02/25/2026 00:06:52
    Required Energy: 69.29999923706053 kWh  Critical
    Exclude after:   
    Ignored till:    
    Schedule:        [16.0,16.0,16.0,0.0,0.0,0.0,0.0,0.0,0.0,0.0,0.0,0.0,0.0,0.0,0.0,0.0,0.0,0.0,0.0,0.0,0.0,0.0,0.0,0.0]
  22030428/2
    State:           Excluded {ChargingPausedByEv}
    Target:          0 A  Last: 0 A
    Current:         (0, 0, 0) A  Smoothed: (0, 0, 0) A
    Vehicle Limits:  Min: 6 A  Max: 16 A  Known
    Phase:           L123
    Arrival:         02/24/2026 19:36:48  PlannedDeparture: 02/25/2026 00:06:52
    Required Energy: 66.79999923706056 kWh  Critical
    Exclude after:   02/24/2026 23:29:45
    Ignored till:    
    Schedule:        [16.0,16.0,16.0,0.0,0.0,0.0,0.0,0.0,0.0,0.0,0.0,0.0,0.0,0.0,0.0,0.0,0.0,0.0,0.0,0.0,0.0,0.0,0.0,0.0]
2026-02-25 00:06:56 Verb  <#58> [Scheduler] - Instant solver finished in 192.5488 ms for 1/2 connectors
2026-02-25 00:06:56 Verb  <#58> [Scheduler] - Instant update result:
Available:   (32, 32, 32) A
Surplus:     (16, 16, 16)
Cluster Max: (32, 32, 32) A
Load Guard:
    Current:     (0, 0, 0; 0) A  Smoothed: (0, 0, 0) A
    Power:       (0, 0, 0: 0) kW
    Last Update: 01/01/0001 00:00:00  Offline
Connectors:
  22030428/1
    State:           Charging {Charging}
    Target:          16 A  Last: 16 A
    Current:         (15.762, 15.298, 15.116) A  Smoothed: (15.761035, 15.297417, 15.120175) A
    Vehicle Limits:  Min: 6 A  Max: 16 A  Known
    Phase:           L123
    Arrival:         02/24/2026 20:49:51  PlannedDeparture: 02/25/2026 00:06:52
    Required Energy: 69.29999923706053 kWh  Critical
    Exclude after:   
    Ignored till:    
    Schedule:        [16.0,16.0,16.0,0.0,0.0,0.0,0.0,0.0,0.0,0.0,0.0,0.0,0.0,0.0,0.0,0.0,0.0,0.0,0.0,0.0,0.0,0.0,0.0,0.0]
  22030428/2
    State:           Excluded {ChargingPausedByEv}
    Target:          0 A  Last: 0 A
    Current:         (0, 0, 0) A  Smoothed: (0, 0, 0) A
    Vehicle Limits:  Min: 6 A  Max: 16 A  Known
    Phase:           L123
    Arrival:         02/24/2026 19:36:48  PlannedDeparture: 02/25/2026 00:06:52
    Required Energy: 66.79999923706056 kWh  Critical
    Exclude after:   02/24/2026 23:29:45
    Ignored till:    
    Schedule:        [16.0,16.0,16.0,0.0,0.0,0.0,0.0,0.0,0.0,0.0,0.0,0.0,0.0,0.0,0.0,0.0,0.0,0.0,0.0,0.0,0.0,0.0,0.0,0.0]
2026-02-25 00:06:58 Verb  <#58> [Scheduler] - Instant solver finished in 124.2667 ms for 1/2 connectors
2026-02-25 00:06:58 Verb  <#58> [Scheduler] - Instant update result:
Available:   (32, 32, 32) A
Surplus:     (16, 16, 16)
Cluster Max: (32, 32, 32) A
Load Guard:
    Current:     (0, 0, 0; 0) A  Smoothed: (0, 0, 0) A
    Power:       (0, 0, 0: 0) kW
    Last Update: 01/01/0001 00:00:00  Offline
Connectors:
  22030428/1
    State:           Charging {Charging}
    Target:          16 A  Last: 16 A
    Current:         (15.762, 15.298, 15.116) A  Smoothed: (15.761614, 15.297767, 15.11767) A
    Vehicle Limits:  Min: 6 A  Max: 16 A  Known
    Phase:           L123
    Arrival:         02/24/2026 20:49:51  PlannedDeparture: 02/25/2026 00:06:52
    Required Energy: 69.29999923706053 kWh  Critical
    Exclude after:   
    Ignored till:    
    Schedule:        [16.0,16.0,16.0,0.0,0.0,0.0,0.0,0.0,0.0,0.0,0.0,0.0,0.0,0.0,0.0,0.0,0.0,0.0,0.0,0.0,0.0,0.0,0.0,0.0]
  22030428/2
    State:           Excluded {ChargingPausedByEv}
    Target:          0 A  Last: 0 A
    Current:         (0, 0, 0) A  Smoothed: (0, 0, 0) A
    Vehicle Limits:  Min: 6 A  Max: 16 A  Known
    Phase:           L123
    Arrival:         02/24/2026 19:36:48  PlannedDeparture: 02/25/2026 00:06:52
    Required Energy: 66.79999923706056 kWh  Critical
    Exclude after:   02/24/2026 23:29:45
    Ignored till:    
    Schedule:        [16.0,16.0,16.0,0.0,0.0,0.0,0.0,0.0,0.0,0.0,0.0,0.0,0.0,0.0,0.0,0.0,0.0,0.0,0.0,0.0,0.0,0.0,0.0,0.0]
2026-02-25 00:07:00 Verb  <#10> [Scheduler] - Instant solver finished in 157.5028 ms for 1/2 connectors
2026-02-25 00:07:00 Verb  <#10> [Scheduler] - Instant update result:
Available:   (32, 32, 32) A
Surplus:     (16, 16, 16)
Cluster Max: (32, 32, 32) A
Load Guard:
    Current:     (0, 0, 0; 0) A  Smoothed: (0, 0, 0) A
    Power:       (0, 0, 0: 0) kW
    Last Update: 01/01/0001 00:00:00  Offline
Connectors:
  22030428/1
    State:           Charging {Charging}
    Target:          16 A  Last: 16 A
    Current:         (15.762, 15.298, 15.116) A  Smoothed: (15.761846, 15.297907, 15.116668) A
    Vehicle Limits:  Min: 6 A  Max: 16 A  Known
    Phase:           L123
    Arrival:         02/24/2026 20:49:51  PlannedDeparture: 02/25/2026 00:06:52
    Required Energy: 69.29999923706053 kWh  Critical
    Exclude after:   
    Ignored till:    
    Schedule:        [16.0,16.0,16.0,0.0,0.0,0.0,0.0,0.0,0.0,0.0,0.0,0.0,0.0,0.0,0.0,0.0,0.0,0.0,0.0,0.0,0.0,0.0,0.0,0.0]
  22030428/2
    State:           Excluded {ChargingPausedByEv}
    Target:          0 A  Last: 0 A
    Current:         (0, 0, 0) A  Smoothed: (0, 0, 0) A
    Vehicle Limits:  Min: 6 A  Max: 16 A  Known
    Phase:           L123
    Arrival:         02/24/2026 19:36:48  PlannedDeparture: 02/25/2026 00:06:52
    Required Energy: 66.79999923706056 kWh  Critical
    Exclude after:   02/24/2026 23:29:45
    Ignored till:    
    Schedule:        [16.0,16.0,16.0,0.0,0.0,0.0,0.0,0.0,0.0,0.0,0.0,0.0,0.0,0.0,0.0,0.0,0.0,0.0,0.0,0.0,0.0,0.0,0.0,0.0]
2026-02-25 00:07:03 Verb  <#10> [Scheduler] - Instant solver finished in 77.5523 ms for 1/2 connectors
2026-02-25 00:07:03 Verb  <#10> [Scheduler] - Instant update result:
Available:   (32, 32, 32) A
Surplus:     (16, 16, 16)
Cluster Max: (32, 32, 32) A
Load Guard:
    Current:     (0, 0, 0; 0) A  Smoothed: (0, 0, 0) A
    Power:       (0, 0, 0: 0) kW
    Last Update: 01/01/0001 00:00:00  Offline
Connectors:
  22030428/1
    State:           Charging {Charging}
    Target:          16 A  Last: 16 A
    Current:         (15.762, 15.298, 15.116) A  Smoothed: (15.761938, 15.297963, 15.116267) A
    Vehicle Limits:  Min: 6 A  Max: 16 A  Known
    Phase:           L123
    Arrival:         02/24/2026 20:49:51  PlannedDeparture: 02/25/2026 00:06:52
    Required Energy: 69.29999923706053 kWh  Critical
    Exclude after:   
    Ignored till:    
    Schedule:        [16.0,16.0,16.0,0.0,0.0,0.0,0.0,0.0,0.0,0.0,0.0,0.0,0.0,0.0,0.0,0.0,0.0,0.0,0.0,0.0,0.0,0.0,0.0,0.0]
  22030428/2
    State:           Excluded {ChargingPausedByEv}
    Target:          0 A  Last: 0 A
    Current:         (0, 0, 0) A  Smoothed: (0, 0, 0) A
    Vehicle Limits:  Min: 6 A  Max: 16 A  Known
    Phase:           L123
    Arrival:         02/24/2026 19:36:48  PlannedDeparture: 02/25/2026 00:06:52
    Required Energy: 66.79999923706056 kWh  Critical
    Exclude after:   02/24/2026 23:29:45
    Ignored till:    
    Schedule:        [16.0,16.0,16.0,0.0,0.0,0.0,0.0,0.0,0.0,0.0,0.0,0.0,0.0,0.0,0.0,0.0,0.0,0.0,0.0,0.0,0.0,0.0,0.0,0.0]
2026-02-25 00:07:05 Verb  <#10> [Scheduler] - Instant solver finished in 75.3865 ms for 1/2 connectors
2026-02-25 00:07:05 Verb  <#10> [Scheduler] - Instant update result:
Available:   (32, 32, 32) A
Surplus:     (16, 16, 16)
Cluster Max: (32, 32, 32) A
Load Guard:
    Current:     (0, 0, 0; 0) A  Smoothed: (0, 0, 0) A
    Power:       (0, 0, 0: 0) kW
    Last Update: 01/01/0001 00:00:00  Offline
Connectors:
  22030428/1
    State:           Charging {Charging}
    Target:          16 A  Last: 16 A
    Current:         (15.762, 15.298, 15.116) A  Smoothed: (15.761975, 15.297985, 15.116107) A
    Vehicle Limits:  Min: 6 A  Max: 16 A  Known
    Phase:           L123
    Arrival:         02/24/2026 20:49:51  PlannedDeparture: 02/25/2026 00:06:52
    Required Energy: 69.29999923706053 kWh  Critical
    Exclude after:   
    Ignored till:    
    Schedule:        [16.0,16.0,16.0,0.0,0.0,0.0,0.0,0.0,0.0,0.0,0.0,0.0,0.0,0.0,0.0,0.0,0.0,0.0,0.0,0.0,0.0,0.0,0.0,0.0]
  22030428/2
    State:           Excluded {ChargingPausedByEv}
    Target:          0 A  Last: 0 A
    Current:         (0, 0, 0) A  Smoothed: (0, 0, 0) A
    Vehicle Limits:  Min: 6 A  Max: 16 A  Known
    Phase:           L123
    Arrival:         02/24/2026 19:36:48  PlannedDeparture: 02/25/2026 00:06:52
    Required Energy: 66.79999923706056 kWh  Critical
    Exclude after:   02/24/2026 23:29:45
    Ignored till:    
    Schedule:        [16.0,16.0,16.0,0.0,0.0,0.0,0.0,0.0,0.0,0.0,0.0,0.0,0.0,0.0,0.0,0.0,0.0,0.0,0.0,0.0,0.0,0.0,0.0,0.0]
2026-02-25 00:07:07 Verb  <#10> [Scheduler] - Instant solver finished in 156.8706 ms for 1/2 connectors
2026-02-25 00:07:07 Verb  <#10> [Scheduler] - Instant update result:
Available:   (32, 32, 32) A
Surplus:     (16, 16, 16)
Cluster Max: (32, 32, 32) A
Load Guard:
    Current:     (0, 0, 0; 0) A  Smoothed: (0, 0, 0) A
    Power:       (0, 0, 0: 0) kW
    Last Update: 01/01/0001 00:00:00  Offline
Connectors:
  22030428/1
    State:           Charging {Charging}
    Target:          16 A  Last: 16 A
    Current:         (15.762, 15.298, 15.116) A  Smoothed: (15.761991, 15.297995, 15.116043) A
    Vehicle Limits:  Min: 6 A  Max: 16 A  Known
    Phase:           L123
    Arrival:         02/24/2026 20:49:51  PlannedDeparture: 02/25/2026 00:06:52
    Required Energy: 69.29999923706053 kWh  Critical
    Exclude after:   
    Ignored till:    
    Schedule:        [16.0,16.0,16.0,0.0,0.0,0.0,0.0,0.0,0.0,0.0,0.0,0.0,0.0,0.0,0.0,0.0,0.0,0.0,0.0,0.0,0.0,0.0,0.0,0.0]
  22030428/2
    State:           Excluded {ChargingPausedByEv}
    Target:          0 A  Last: 0 A
    Current:         (0, 0, 0) A  Smoothed: (0, 0, 0) A
    Vehicle Limits:  Min: 6 A  Max: 16 A  Known
    Phase:           L123
    Arrival:         02/24/2026 19:36:48  PlannedDeparture: 02/25/2026 00:06:52
    Required Energy: 66.79999923706056 kWh  Critical
    Exclude after:   02/24/2026 23:29:45
    Ignored till:    
    Schedule:        [16.0,16.0,16.0,0.0,0.0,0.0,0.0,0.0,0.0,0.0,0.0,0.0,0.0,0.0,0.0,0.0,0.0,0.0,0.0,0.0,0.0,0.0,0.0,0.0]
2026-02-25 00:07:09 Verb  <#58> [Scheduler] - Instant solver finished in 98.8318 ms for 1/2 connectors
2026-02-25 00:07:09 Verb  <#58> [Scheduler] - Instant update result:
Available:   (32, 32, 32) A
Surplus:     (16, 16, 16)
Cluster Max: (32, 32, 32) A
Load Guard:
    Current:     (0, 0, 0; 0) A  Smoothed: (0, 0, 0) A
    Power:       (0, 0, 0: 0) kW
    Last Update: 01/01/0001 00:00:00  Offline
Connectors:
  22030428/1
    State:           Charging {Charging}
    Target:          16 A  Last: 16 A
    Current:         (15.762, 15.298, 15.116) A  Smoothed: (15.761996, 15.297998, 15.116017) A
    Vehicle Limits:  Min: 6 A  Max: 16 A  Known
    Phase:           L123
    Arrival:         02/24/2026 20:49:51  PlannedDeparture: 02/25/2026 00:06:52
    Required Energy: 69.29999923706053 kWh  Critical
    Exclude after:   
    Ignored till:    
    Schedule:        [16.0,16.0,16.0,0.0,0.0,0.0,0.0,0.0,0.0,0.0,0.0,0.0,0.0,0.0,0.0,0.0,0.0,0.0,0.0,0.0,0.0,0.0,0.0,0.0]
  22030428/2
    State:           Excluded {ChargingPausedByEv}
    Target:          0 A  Last: 0 A
    Current:         (0, 0, 0) A  Smoothed: (0, 0, 0) A
    Vehicle Limits:  Min: 6 A  Max: 16 A  Known
    Phase:           L123
    Arrival:         02/24/2026 19:36:48  PlannedDeparture: 02/25/2026 00:06:52
    Required Energy: 66.79999923706056 kWh  Critical
    Exclude after:   02/24/2026 23:29:45
    Ignored till:    
    Schedule:        [16.0,16.0,16.0,0.0,0.0,0.0,0.0,0.0,0.0,0.0,0.0,0.0,0.0,0.0,0.0,0.0,0.0,0.0,0.0,0.0,0.0,0.0,0.0,0.0]
2026-02-25 00:07:11 Verb  <#58> [Scheduler] - Instant solver finished in 227.5149 ms for 1/2 connectors
2026-02-25 00:07:11 Verb  <#58> [Scheduler] - Instant update result:
Available:   (32, 32, 32) A
Surplus:     (16, 16, 16)
Cluster Max: (32, 32, 32) A
Load Guard:
    Current:     (0, 0, 0; 0) A  Smoothed: (0, 0, 0) A
    Power:       (0, 0, 0: 0) kW
    Last Update: 01/01/0001 00:00:00  Offline
Connectors:
  22030428/1
    State:           Charging {Charging}
    Target:          16 A  Last: 16 A
    Current:         (15.762, 15.298, 15.116) A  Smoothed: (15.761998, 15.297999, 15.116007) A
    Vehicle Limits:  Min: 6 A  Max: 16 A  Known
    Phase:           L123
    Arrival:         02/24/2026 20:49:51  PlannedDeparture: 02/25/2026 00:06:52
    Required Energy: 69.29999923706053 kWh  Critical
    Exclude after:   
    Ignored till:    
    Schedule:        [16.0,16.0,16.0,0.0,0.0,0.0,0.0,0.0,0.0,0.0,0.0,0.0,0.0,0.0,0.0,0.0,0.0,0.0,0.0,0.0,0.0,0.0,0.0,0.0]
  22030428/2
    State:           Excluded {ChargingPausedByEv}
    Target:          0 A  Last: 0 A
    Current:         (0, 0, 0) A  Smoothed: (0, 0, 0) A
    Vehicle Limits:  Min: 6 A  Max: 16 A  Known
    Phase:           L123
    Arrival:         02/24/2026 19:36:48  PlannedDeparture: 02/25/2026 00:06:52
    Required Energy: 66.79999923706056 kWh  Critical
    Exclude after:   02/24/2026 23:29:45
    Ignored till:    
    Schedule:        [16.0,16.0,16.0,0.0,0.0,0.0,0.0,0.0,0.0,0.0,0.0,0.0,0.0,0.0,0.0,0.0,0.0,0.0,0.0,0.0,0.0,0.0,0.0,0.0]
2026-02-25 00:07:13 Verb  <#58> [Scheduler] - Instant solver finished in 95.6654 ms for 1/2 connectors
2026-02-25 00:07:13 Verb  <#58> [Scheduler] - Instant update result:
Available:   (32, 32, 32) A
Surplus:     (16, 16, 16)
Cluster Max: (32, 32, 32) A
Load Guard:
    Current:     (0, 0, 0; 0) A  Smoothed: (0, 0, 0) A
    Power:       (0, 0, 0: 0) kW
    Last Update: 01/01/0001 00:00:00  Offline
Connectors:
  22030428/1
    State:           Charging {Charging}
    Target:          16 A  Last: 16 A
    Current:         (15.762, 15.298, 15.116) A  Smoothed: (15.761999, 15.298, 15.116003) A
    Vehicle Limits:  Min: 6 A  Max: 16 A  Known
    Phase:           L123
    Arrival:         02/24/2026 20:49:51  PlannedDeparture: 02/25/2026 00:06:52
    Required Energy: 69.29999923706053 kWh  Critical
    Exclude after:   
    Ignored till:    
    Schedule:        [16.0,16.0,16.0,0.0,0.0,0.0,0.0,0.0,0.0,0.0,0.0,0.0,0.0,0.0,0.0,0.0,0.0,0.0,0.0,0.0,0.0,0.0,0.0,0.0]
  22030428/2
    State:           Excluded {ChargingPausedByEv}
    Target:          0 A  Last: 0 A
    Current:         (0, 0, 0) A  Smoothed: (0, 0, 0) A
    Vehicle Limits:  Min: 6 A  Max: 16 A  Known
    Phase:           L123
    Arrival:         02/24/2026 19:36:48  PlannedDeparture: 02/25/2026 00:06:52
    Required Energy: 66.79999923706056 kWh  Critical
    Exclude after:   02/24/2026 23:29:45
    Ignored till:    
    Schedule:        [16.0,16.0,16.0,0.0,0.0,0.0,0.0,0.0,0.0,0.0,0.0,0.0,0.0,0.0,0.0,0.0,0.0,0.0,0.0,0.0,0.0,0.0,0.0,0.0]
2026-02-25 00:07:15 Verb  <#28> [Scheduler] - Instant solver finished in 82.8519 ms for 1/2 connectors
2026-02-25 00:07:15 Verb  <#28> [Scheduler] - Instant update result:
Available:   (32, 32, 32) A
Surplus:     (16, 16, 16)
Cluster Max: (32, 32, 32) A
Load Guard:
    Current:     (0, 0, 0; 0) A  Smoothed: (0, 0, 0) A
    Power:       (0, 0, 0: 0) kW
    Last Update: 01/01/0001 00:00:00  Offline
Connectors:
  22030428/1
    State:           Charging {Charging}
    Target:          16 A  Last: 16 A
    Current:         (15.762, 15.298, 15.116) A  Smoothed: (15.762, 15.298, 15.116001) A
    Vehicle Limits:  Min: 6 A  Max: 16 A  Known
    Phase:           L123
    Arrival:         02/24/2026 20:49:51  PlannedDeparture: 02/25/2026 00:06:52
    Required Energy: 69.29999923706053 kWh  Critical
    Exclude after:   
    Ignored till:    
    Schedule:        [16.0,16.0,16.0,0.0,0.0,0.0,0.0,0.0,0.0,0.0,0.0,0.0,0.0,0.0,0.0,0.0,0.0,0.0,0.0,0.0,0.0,0.0,0.0,0.0]
  22030428/2
    State:           Excluded {ChargingPausedByEv}
    Target:          0 A  Last: 0 A
    Current:         (0, 0, 0) A  Smoothed: (0, 0, 0) A
    Vehicle Limits:  Min: 6 A  Max: 16 A  Known
    Phase:           L123
    Arrival:         02/24/2026 19:36:48  PlannedDeparture: 02/25/2026 00:06:52
    Required Energy: 66.79999923706056 kWh  Critical
    Exclude after:   02/24/2026 23:29:45
    Ignored till:    
    Schedule:        [16.0,16.0,16.0,0.0,0.0,0.0,0.0,0.0,0.0,0.0,0.0,0.0,0.0,0.0,0.0,0.0,0.0,0.0,0.0,0.0,0.0,0.0,0.0,0.0]
2026-02-25 00:07:18 Verb  <#66> [Scheduler] - Instant solver finished in 129.0499 ms for 1/2 connectors
2026-02-25 00:07:18 Verb  <#66> [Scheduler] - Instant update result:
Available:   (32, 32, 32) A
Surplus:     (16, 16, 16)
Cluster Max: (32, 32, 32) A
Load Guard:
    Current:     (0, 0, 0; 0) A  Smoothed: (0, 0, 0) A
    Power:       (0, 0, 0: 0) kW
    Last Update: 01/01/0001 00:00:00  Offline
Connectors:
  22030428/1
    State:           Charging {Charging}
    Target:          16 A  Last: 16 A
    Current:         (15.723, 15.3, 15.214) A  Smoothed: (15.729239, 15.29968, 15.198319) A
    Vehicle Limits:  Min: 6 A  Max: 16 A  Known
    Phase:           L123
    Arrival:         02/24/2026 20:49:51  PlannedDeparture: 02/25/2026 00:06:52
    Required Energy: 69.29999923706053 kWh  Critical
    Exclude after:   
    Ignored till:    
    Schedule:        [16.0,16.0,16.0,0.0,0.0,0.0,0.0,0.0,0.0,0.0,0.0,0.0,0.0,0.0,0.0,0.0,0.0,0.0,0.0,0.0,0.0,0.0,0.0,0.0]
  22030428/2
    State:           Excluded {ChargingPausedByEv}
    Target:          0 A  Last: 0 A
    Current:         (0, 0, 0) A  Smoothed: (0, 0, 0) A
    Vehicle Limits:  Min: 6 A  Max: 16 A  Known
    Phase:           L123
    Arrival:         02/24/2026 19:36:48  PlannedDeparture: 02/25/2026 00:06:52
    Required Energy: 66.79999923706056 kWh  Critical
    Exclude after:   02/24/2026 23:29:45
    Ignored till:    
    Schedule:        [16.0,16.0,16.0,0.0,0.0,0.0,0.0,0.0,0.0,0.0,0.0,0.0,0.0,0.0,0.0,0.0,0.0,0.0,0.0,0.0,0.0,0.0,0.0,0.0]
2026-02-25 00:07:20 Verb  <#66> [Scheduler] - Instant solver finished in 102.1925 ms for 1/2 connectors
2026-02-25 00:07:20 Verb  <#66> [Scheduler] - Instant update result:
Available:   (32, 32, 32) A
Surplus:     (16, 16, 16)
Cluster Max: (32, 32, 32) A
Load Guard:
    Current:     (0, 0, 0; 0) A  Smoothed: (0, 0, 0) A
    Power:       (0, 0, 0: 0) kW
    Last Update: 01/01/0001 00:00:00  Offline
Connectors:
  22030428/1
    State:           Charging {Charging}
    Target:          16 A  Last: 16 A
    Current:         (15.723, 15.3, 15.214) A  Smoothed: (15.725495, 15.299872, 15.207727) A
    Vehicle Limits:  Min: 6 A  Max: 16 A  Known
    Phase:           L123
    Arrival:         02/24/2026 20:49:51  PlannedDeparture: 02/25/2026 00:06:52
    Required Energy: 69.29999923706053 kWh  Critical
    Exclude after:   
    Ignored till:    
    Schedule:        [16.0,16.0,16.0,0.0,0.0,0.0,0.0,0.0,0.0,0.0,0.0,0.0,0.0,0.0,0.0,0.0,0.0,0.0,0.0,0.0,0.0,0.0,0.0,0.0]
  22030428/2
    State:           Excluded {ChargingPausedByEv}
    Target:          0 A  Last: 0 A
    Current:         (0, 0, 0) A  Smoothed: (0, 0, 0) A
    Vehicle Limits:  Min: 6 A  Max: 16 A  Known
    Phase:           L123
    Arrival:         02/24/2026 19:36:48  PlannedDeparture: 02/25/2026 00:06:52
    Required Energy: 66.79999923706056 kWh  Critical
    Exclude after:   02/24/2026 23:29:45
    Ignored till:    
    Schedule:        [16.0,16.0,16.0,0.0,0.0,0.0,0.0,0.0,0.0,0.0,0.0,0.0,0.0,0.0,0.0,0.0,0.0,0.0,0.0,0.0,0.0,0.0,0.0,0.0]
2026-02-25 00:07:22 Verb  <#66> [Scheduler] - Instant solver finished in 120.1241 ms for 1/2 connectors
2026-02-25 00:07:22 Verb  <#66> [Scheduler] - Instant update result:
Available:   (32, 32, 32) A
Surplus:     (16, 16, 16)
Cluster Max: (32, 32, 32) A
Load Guard:
    Current:     (0, 0, 0; 0) A  Smoothed: (0, 0, 0) A
    Power:       (0, 0, 0: 0) kW
    Last Update: 01/01/0001 00:00:00  Offline
Connectors:
  22030428/1
    State:           Charging {Charging}
    Target:          16 A  Last: 16 A
    Current:         (15.723, 15.3, 15.214) A  Smoothed: (15.723998, 15.299949, 15.211491) A
    Vehicle Limits:  Min: 6 A  Max: 16 A  Known
    Phase:           L123
    Arrival:         02/24/2026 20:49:51  PlannedDeparture: 02/25/2026 00:06:52
    Required Energy: 69.29999923706053 kWh  Critical
    Exclude after:   
    Ignored till:    
    Schedule:        [16.0,16.0,16.0,0.0,0.0,0.0,0.0,0.0,0.0,0.0,0.0,0.0,0.0,0.0,0.0,0.0,0.0,0.0,0.0,0.0,0.0,0.0,0.0,0.0]
  22030428/2
    State:           Excluded {ChargingPausedByEv}
    Target:          0 A  Last: 0 A
    Current:         (0, 0, 0) A  Smoothed: (0, 0, 0) A
    Vehicle Limits:  Min: 6 A  Max: 16 A  Known
    Phase:           L123
    Arrival:         02/24/2026 19:36:48  PlannedDeparture: 02/25/2026 00:06:52
    Required Energy: 66.79999923706056 kWh  Critical
    Exclude after:   02/24/2026 23:29:45
    Ignored till:    
    Schedule:        [16.0,16.0,16.0,0.0,0.0,0.0,0.0,0.0,0.0,0.0,0.0,0.0,0.0,0.0,0.0,0.0,0.0,0.0,0.0,0.0,0.0,0.0,0.0,0.0]
2026-02-25 00:07:24 Verb  <#28> [Scheduler] - Instant solver finished in 74.4181 ms for 1/2 connectors
2026-02-25 00:07:24 Verb  <#28> [Scheduler] - Instant update result:
Available:   (32, 32, 32) A
Surplus:     (16, 16, 16)
Cluster Max: (32, 32, 32) A
Load Guard:
    Current:     (0, 0, 0; 0) A  Smoothed: (0, 0, 0) A
    Power:       (0, 0, 0: 0) kW
    Last Update: 01/01/0001 00:00:00  Offline
Connectors:
  22030428/1
    State:           Charging {Charging}
    Target:          16 A  Last: 16 A
    Current:         (15.709, 15.274, 15.201) A  Smoothed: (15.711399, 15.278152, 15.202679) A
    Vehicle Limits:  Min: 6 A  Max: 16 A  Known
    Phase:           L123
    Arrival:         02/24/2026 20:49:51  PlannedDeparture: 02/25/2026 00:07:22
    Required Energy: 69.20000076293947 kWh  Critical
    Exclude after:   
    Ignored till:    
    Schedule:        [16.0,16.0,16.0,0.0,0.0,0.0,0.0,0.0,0.0,0.0,0.0,0.0,0.0,0.0,0.0,0.0,0.0,0.0,0.0,0.0,0.0,0.0,0.0,0.0]
  22030428/2
    State:           Excluded {ChargingPausedByEv}
    Target:          0 A  Last: 0 A
    Current:         (0, 0, 0) A  Smoothed: (0, 0, 0) A
    Vehicle Limits:  Min: 6 A  Max: 16 A  Known
    Phase:           L123
    Arrival:         02/24/2026 19:36:48  PlannedDeparture: 02/25/2026 00:07:22
    Required Energy: 66.79999923706056 kWh  Critical
    Exclude after:   02/24/2026 23:29:45
    Ignored till:    
    Schedule:        [16.0,16.0,16.0,0.0,0.0,0.0,0.0,0.0,0.0,0.0,0.0,0.0,0.0,0.0,0.0,0.0,0.0,0.0,0.0,0.0,0.0,0.0,0.0,0.0]
2026-02-25 00:07:26 Verb  <#58> [Scheduler] - Instant solver finished in 204.8512 ms for 1/2 connectors
2026-02-25 00:07:26 Verb  <#58> [Scheduler] - Instant update result:
Available:   (32, 32, 32) A
Surplus:     (16, 16, 16)
Cluster Max: (32, 32, 32) A
Load Guard:
    Current:     (0, 0, 0; 0) A  Smoothed: (0, 0, 0) A
    Power:       (0, 0, 0: 0) kW
    Last Update: 01/01/0001 00:00:00  Offline
Connectors:
  22030428/1
    State:           Charging {Charging}
    Target:          16 A  Last: 16 A
    Current:         (15.709, 15.274, 15.201) A  Smoothed: (15.709959, 15.275661, 15.201672) A
    Vehicle Limits:  Min: 6 A  Max: 16 A  Known
    Phase:           L123
    Arrival:         02/24/2026 20:49:51  PlannedDeparture: 02/25/2026 00:07:22
    Required Energy: 69.20000076293947 kWh  Critical
    Exclude after:   
    Ignored till:    
    Schedule:        [16.0,16.0,16.0,0.0,0.0,0.0,0.0,0.0,0.0,0.0,0.0,0.0,0.0,0.0,0.0,0.0,0.0,0.0,0.0,0.0,0.0,0.0,0.0,0.0]
  22030428/2
    State:           Excluded {ChargingPausedByEv}
    Target:          0 A  Last: 0 A
    Current:         (0, 0, 0) A  Smoothed: (0, 0, 0) A
    Vehicle Limits:  Min: 6 A  Max: 16 A  Known
    Phase:           L123
    Arrival:         02/24/2026 19:36:48  PlannedDeparture: 02/25/2026 00:07:22
    Required Energy: 66.79999923706056 kWh  Critical
    Exclude after:   02/24/2026 23:29:45
    Ignored till:    
    Schedule:        [16.0,16.0,16.0,0.0,0.0,0.0,0.0,0.0,0.0,0.0,0.0,0.0,0.0,0.0,0.0,0.0,0.0,0.0,0.0,0.0,0.0,0.0,0.0,0.0]
2026-02-25 00:07:29 Verb  <#58> [Scheduler] - Instant solver finished in 325.6298 ms for 1/2 connectors
2026-02-25 00:07:29 Verb  <#58> [Scheduler] - Instant update result:
Available:   (32, 32, 32) A
Surplus:     (16, 16, 16)
Cluster Max: (32, 32, 32) A
Load Guard:
    Current:     (0, 0, 0; 0) A  Smoothed: (0, 0, 0) A
    Power:       (0, 0, 0: 0) kW
    Last Update: 01/01/0001 00:00:00  Offline
Connectors:
  22030428/1
    State:           Charging {Charging}
    Target:          16 A  Last: 16 A
    Current:         (15.709, 15.274, 15.201) A  Smoothed: (15.709383, 15.274665, 15.201269) A
    Vehicle Limits:  Min: 6 A  Max: 16 A  Known
    Phase:           L123
    Arrival:         02/24/2026 20:49:51  PlannedDeparture: 02/25/2026 00:07:22
    Required Energy: 69.20000076293947 kWh  Critical
    Exclude after:   
    Ignored till:    
    Schedule:        [16.0,16.0,16.0,0.0,0.0,0.0,0.0,0.0,0.0,0.0,0.0,0.0,0.0,0.0,0.0,0.0,0.0,0.0,0.0,0.0,0.0,0.0,0.0,0.0]
  22030428/2
    State:           Excluded {ChargingPausedByEv}
    Target:          0 A  Last: 0 A
    Current:         (0, 0, 0) A  Smoothed: (0, 0, 0) A
    Vehicle Limits:  Min: 6 A  Max: 16 A  Known
    Phase:           L123
    Arrival:         02/24/2026 19:36:48  PlannedDeparture: 02/25/2026 00:07:22
    Required Energy: 66.79999923706056 kWh  Critical
    Exclude after:   02/24/2026 23:29:45
    Ignored till:    
    Schedule:        [16.0,16.0,16.0,0.0,0.0,0.0,0.0,0.0,0.0,0.0,0.0,0.0,0.0,0.0,0.0,0.0,0.0,0.0,0.0,0.0,0.0,0.0,0.0,0.0]
2026-02-25 00:07:31 Verb  <#58> [Scheduler] - Instant solver finished in 170.176 ms for 1/2 connectors
2026-02-25 00:07:31 Verb  <#58> [Scheduler] - Instant update result:
Available:   (32, 32, 32) A
Surplus:     (16, 16, 16)
Cluster Max: (32, 32, 32) A
Load Guard:
    Current:     (0, 0, 0; 0) A  Smoothed: (0, 0, 0) A
    Power:       (0, 0, 0: 0) kW
    Last Update: 01/01/0001 00:00:00  Offline
Connectors:
  22030428/1
    State:           Charging {Charging}
    Target:          16 A  Last: 16 A
    Current:         (15.709, 15.274, 15.201) A  Smoothed: (15.709153, 15.274266, 15.201108) A
    Vehicle Limits:  Min: 6 A  Max: 16 A  Known
    Phase:           L123
    Arrival:         02/24/2026 20:49:51  PlannedDeparture: 02/25/2026 00:07:22
    Required Energy: 69.20000076293947 kWh  Critical
    Exclude after:   
    Ignored till:    
    Schedule:        [16.0,16.0,16.0,0.0,0.0,0.0,0.0,0.0,0.0,0.0,0.0,0.0,0.0,0.0,0.0,0.0,0.0,0.0,0.0,0.0,0.0,0.0,0.0,0.0]
  22030428/2
    State:           Excluded {ChargingPausedByEv}
    Target:          0 A  Last: 0 A
    Current:         (0, 0, 0) A  Smoothed: (0, 0, 0) A
    Vehicle Limits:  Min: 6 A  Max: 16 A  Known
    Phase:           L123
    Arrival:         02/24/2026 19:36:48  PlannedDeparture: 02/25/2026 00:07:22
    Required Energy: 66.79999923706056 kWh  Critical
    Exclude after:   02/24/2026 23:29:45
    Ignored till:    
    Schedule:        [16.0,16.0,16.0,0.0,0.0,0.0,0.0,0.0,0.0,0.0,0.0,0.0,0.0,0.0,0.0,0.0,0.0,0.0,0.0,0.0,0.0,0.0,0.0,0.0]
2026-02-25 00:07:33 Verb  <#58> [Scheduler] - Instant solver finished in 70.3174 ms for 1/2 connectors
2026-02-25 00:07:33 Verb  <#58> [Scheduler] - Instant update result:
Available:   (32, 32, 32) A
Surplus:     (16, 16, 16)
Cluster Max: (32, 32, 32) A
Load Guard:
    Current:     (0, 0, 0; 0) A  Smoothed: (0, 0, 0) A
    Power:       (0, 0, 0: 0) kW
    Last Update: 01/01/0001 00:00:00  Offline
Connectors:
  22030428/1
    State:           Charging {Charging}
    Target:          16 A  Last: 16 A
    Current:         (15.709, 15.274, 15.201) A  Smoothed: (15.709061, 15.274107, 15.201043) A
    Vehicle Limits:  Min: 6 A  Max: 16 A  Known
    Phase:           L123
    Arrival:         02/24/2026 20:49:51  PlannedDeparture: 02/25/2026 00:07:22
    Required Energy: 69.20000076293947 kWh  Critical
    Exclude after:   
    Ignored till:    
    Schedule:        [16.0,16.0,16.0,0.0,0.0,0.0,0.0,0.0,0.0,0.0,0.0,0.0,0.0,0.0,0.0,0.0,0.0,0.0,0.0,0.0,0.0,0.0,0.0,0.0]
  22030428/2
    State:           Excluded {ChargingPausedByEv}
    Target:          0 A  Last: 0 A
    Current:         (0, 0, 0) A  Smoothed: (0, 0, 0) A
    Vehicle Limits:  Min: 6 A  Max: 16 A  Known
    Phase:           L123
    Arrival:         02/24/2026 19:36:48  PlannedDeparture: 02/25/2026 00:07:22
    Required Energy: 66.79999923706056 kWh  Critical
    Exclude after:   02/24/2026 23:29:45
    Ignored till:    
    Schedule:        [16.0,16.0,16.0,0.0,0.0,0.0,0.0,0.0,0.0,0.0,0.0,0.0,0.0,0.0,0.0,0.0,0.0,0.0,0.0,0.0,0.0,0.0,0.0,0.0]
2026-02-25 00:07:35 Verb  <#58> [Scheduler] - Instant solver finished in 84.1073 ms for 1/2 connectors
2026-02-25 00:07:35 Verb  <#58> [Scheduler] - Instant update result:
Available:   (32, 32, 32) A
Surplus:     (16, 16, 16)
Cluster Max: (32, 32, 32) A
Load Guard:
    Current:     (0, 0, 0; 0) A  Smoothed: (0, 0, 0) A
    Power:       (0, 0, 0: 0) kW
    Last Update: 01/01/0001 00:00:00  Offline
Connectors:
  22030428/1
    State:           Charging {Charging}
    Target:          16 A  Last: 16 A
    Current:         (15.709, 15.274, 15.201) A  Smoothed: (15.709024, 15.274043, 15.201017) A
    Vehicle Limits:  Min: 6 A  Max: 16 A  Known
    Phase:           L123
    Arrival:         02/24/2026 20:49:51  PlannedDeparture: 02/25/2026 00:07:22
    Required Energy: 69.20000076293947 kWh  Critical
    Exclude after:   
    Ignored till:    
    Schedule:        [16.0,16.0,16.0,0.0,0.0,0.0,0.0,0.0,0.0,0.0,0.0,0.0,0.0,0.0,0.0,0.0,0.0,0.0,0.0,0.0,0.0,0.0,0.0,0.0]
  22030428/2
    State:           Excluded {ChargingPausedByEv}
    Target:          0 A  Last: 0 A
    Current:         (0, 0, 0) A  Smoothed: (0, 0, 0) A
    Vehicle Limits:  Min: 6 A  Max: 16 A  Known
    Phase:           L123
    Arrival:         02/24/2026 19:36:48  PlannedDeparture: 02/25/2026 00:07:22
    Required Energy: 66.79999923706056 kWh  Critical
    Exclude after:   02/24/2026 23:29:45
    Ignored till:    
    Schedule:        [16.0,16.0,16.0,0.0,0.0,0.0,0.0,0.0,0.0,0.0,0.0,0.0,0.0,0.0,0.0,0.0,0.0,0.0,0.0,0.0,0.0,0.0,0.0,0.0]
2026-02-25 00:07:37 Verb  <#66> [Scheduler] - Instant solver finished in 88.2501 ms for 1/2 connectors
2026-02-25 00:07:37 Verb  <#66> [Scheduler] - Instant update result:
Available:   (32, 32, 32) A
Surplus:     (16, 16, 16)
Cluster Max: (32, 32, 32) A
Load Guard:
    Current:     (0, 0, 0; 0) A  Smoothed: (0, 0, 0) A
    Power:       (0, 0, 0: 0) kW
    Last Update: 01/01/0001 00:00:00  Offline
Connectors:
  22030428/1
    State:           Charging {Charging}
    Target:          16 A  Last: 16 A
    Current:         (15.709, 15.274, 15.201) A  Smoothed: (15.709009, 15.274017, 15.201007) A
    Vehicle Limits:  Min: 6 A  Max: 16 A  Known
    Phase:           L123
    Arrival:         02/24/2026 20:49:51  PlannedDeparture: 02/25/2026 00:07:22
    Required Energy: 69.20000076293947 kWh  Critical
    Exclude after:   
    Ignored till:    
    Schedule:        [16.0,16.0,16.0,0.0,0.0,0.0,0.0,0.0,0.0,0.0,0.0,0.0,0.0,0.0,0.0,0.0,0.0,0.0,0.0,0.0,0.0,0.0,0.0,0.0]
  22030428/2
    State:           Excluded {ChargingPausedByEv}
    Target:          0 A  Last: 0 A
    Current:         (0, 0, 0) A  Smoothed: (0, 0, 0) A
    Vehicle Limits:  Min: 6 A  Max: 16 A  Known
    Phase:           L123
    Arrival:         02/24/2026 19:36:48  PlannedDeparture: 02/25/2026 00:07:22
    Required Energy: 66.79999923706056 kWh  Critical
    Exclude after:   02/24/2026 23:29:45
    Ignored till:    
    Schedule:        [16.0,16.0,16.0,0.0,0.0,0.0,0.0,0.0,0.0,0.0,0.0,0.0,0.0,0.0,0.0,0.0,0.0,0.0,0.0,0.0,0.0,0.0,0.0,0.0]
2026-02-25 00:07:39 Verb  <#58> [Scheduler] - Instant solver finished in 106.06 ms for 1/2 connectors
2026-02-25 00:07:39 Verb  <#58> [Scheduler] - Instant update result:
Available:   (32, 32, 32) A
Surplus:     (16, 16, 16)
Cluster Max: (32, 32, 32) A
Load Guard:
    Current:     (0, 0, 0; 0) A  Smoothed: (0, 0, 0) A
    Power:       (0, 0, 0: 0) kW
    Last Update: 01/01/0001 00:00:00  Offline
Connectors:
  22030428/1
    State:           Charging {Charging}
    Target:          16 A  Last: 16 A
    Current:         (15.709, 15.274, 15.201) A  Smoothed: (15.709003, 15.274007, 15.201003) A
    Vehicle Limits:  Min: 6 A  Max: 16 A  Known
    Phase:           L123
    Arrival:         02/24/2026 20:49:51  PlannedDeparture: 02/25/2026 00:07:22
    Required Energy: 69.20000076293947 kWh  Critical
    Exclude after:   
    Ignored till:    
    Schedule:        [16.0,16.0,16.0,0.0,0.0,0.0,0.0,0.0,0.0,0.0,0.0,0.0,0.0,0.0,0.0,0.0,0.0,0.0,0.0,0.0,0.0,0.0,0.0,0.0]
  22030428/2
    State:           Excluded {ChargingPausedByEv}
    Target:          0 A  Last: 0 A
    Current:         (0, 0, 0) A  Smoothed: (0, 0, 0) A
    Vehicle Limits:  Min: 6 A  Max: 16 A  Known
    Phase:           L123
    Arrival:         02/24/2026 19:36:48  PlannedDeparture: 02/25/2026 00:07:22
    Required Energy: 66.79999923706056 kWh  Critical
    Exclude after:   02/24/2026 23:29:45
    Ignored till:    
    Schedule:        [16.0,16.0,16.0,0.0,0.0,0.0,0.0,0.0,0.0,0.0,0.0,0.0,0.0,0.0,0.0,0.0,0.0,0.0,0.0,0.0,0.0,0.0,0.0,0.0]
2026-02-25 00:07:41 Verb  <#58> [Scheduler] - Instant solver finished in 182.2066 ms for 1/2 connectors
2026-02-25 00:07:41 Verb  <#58> [Scheduler] - Instant update result:
Available:   (32, 32, 32) A
Surplus:     (16, 16, 16)
Cluster Max: (32, 32, 32) A
Load Guard:
    Current:     (0, 0, 0; 0) A  Smoothed: (0, 0, 0) A
    Power:       (0, 0, 0: 0) kW
    Last Update: 01/01/0001 00:00:00  Offline
Connectors:
  22030428/1
    State:           Charging {Charging}
    Target:          16 A  Last: 16 A
    Current:         (15.709, 15.274, 15.201) A  Smoothed: (15.709002, 15.274003, 15.201001) A
    Vehicle Limits:  Min: 6 A  Max: 16 A  Known
    Phase:           L123
    Arrival:         02/24/2026 20:49:51  PlannedDeparture: 02/25/2026 00:07:22
    Required Energy: 69.20000076293947 kWh  Critical
    Exclude after:   
    Ignored till:    
    Schedule:        [16.0,16.0,16.0,0.0,0.0,0.0,0.0,0.0,0.0,0.0,0.0,0.0,0.0,0.0,0.0,0.0,0.0,0.0,0.0,0.0,0.0,0.0,0.0,0.0]
  22030428/2
    State:           Excluded {ChargingPausedByEv}
    Target:          0 A  Last: 0 A
    Current:         (0, 0, 0) A  Smoothed: (0, 0, 0) A
    Vehicle Limits:  Min: 6 A  Max: 16 A  Known
    Phase:           L123
    Arrival:         02/24/2026 19:36:48  PlannedDeparture: 02/25/2026 00:07:22
    Required Energy: 66.79999923706056 kWh  Critical
    Exclude after:   02/24/2026 23:29:45
    Ignored till:    
    Schedule:        [16.0,16.0,16.0,0.0,0.0,0.0,0.0,0.0,0.0,0.0,0.0,0.0,0.0,0.0,0.0,0.0,0.0,0.0,0.0,0.0,0.0,0.0,0.0,0.0]
2026-02-25 00:07:44 Verb  <#66> [Scheduler] - Instant solver finished in 204.6777 ms for 1/2 connectors
2026-02-25 00:07:44 Verb  <#66> [Scheduler] - Instant update result:
Available:   (32, 32, 32) A
Surplus:     (16, 16, 16)
Cluster Max: (32, 32, 32) A
Load Guard:
    Current:     (0, 0, 0; 0) A  Smoothed: (0, 0, 0) A
    Power:       (0, 0, 0: 0) kW
    Last Update: 01/01/0001 00:00:00  Offline
Connectors:
  22030428/1
    State:           Charging {Charging}
    Target:          16 A  Last: 16 A
    Current:         (15.709, 15.274, 15.201) A  Smoothed: (15.709001, 15.274001, 15.201) A
    Vehicle Limits:  Min: 6 A  Max: 16 A  Known
    Phase:           L123
    Arrival:         02/24/2026 20:49:51  PlannedDeparture: 02/25/2026 00:07:22
    Required Energy: 69.20000076293947 kWh  Critical
    Exclude after:   
    Ignored till:    
    Schedule:        [16.0,16.0,16.0,0.0,0.0,0.0,0.0,0.0,0.0,0.0,0.0,0.0,0.0,0.0,0.0,0.0,0.0,0.0,0.0,0.0,0.0,0.0,0.0,0.0]
  22030428/2
    State:           Excluded {ChargingPausedByEv}
    Target:          0 A  Last: 0 A
    Current:         (0, 0, 0) A  Smoothed: (0, 0, 0) A
    Vehicle Limits:  Min: 6 A  Max: 16 A  Known
    Phase:           L123
    Arrival:         02/24/2026 19:36:48  PlannedDeparture: 02/25/2026 00:07:22
    Required Energy: 66.79999923706056 kWh  Critical
    Exclude after:   02/24/2026 23:29:45
    Ignored till:    
    Schedule:        [16.0,16.0,16.0,0.0,0.0,0.0,0.0,0.0,0.0,0.0,0.0,0.0,0.0,0.0,0.0,0.0,0.0,0.0,0.0,0.0,0.0,0.0,0.0,0.0]
2026-02-25 00:07:46 Verb  <#28> [Scheduler] - Instant solver finished in 148.7953 ms for 1/2 connectors
2026-02-25 00:07:46 Verb  <#28> [Scheduler] - Instant update result:
Available:   (32, 32, 32) A
Surplus:     (16, 16, 16)
Cluster Max: (32, 32, 32) A
Load Guard:
    Current:     (0, 0, 0; 0) A  Smoothed: (0, 0, 0) A
    Power:       (0, 0, 0: 0) kW
    Last Update: 01/01/0001 00:00:00  Offline
Connectors:
  22030428/1
    State:           Charging {Charging}
    Target:          16 A  Last: 16 A
    Current:         (15.709, 15.274, 15.201) A  Smoothed: (15.709, 15.274, 15.201) A
    Vehicle Limits:  Min: 6 A  Max: 16 A  Known
    Phase:           L123
    Arrival:         02/24/2026 20:49:51  PlannedDeparture: 02/25/2026 00:07:22
    Required Energy: 69.20000076293947 kWh  Critical
    Exclude after:   
    Ignored till:    
    Schedule:        [16.0,16.0,16.0,0.0,0.0,0.0,0.0,0.0,0.0,0.0,0.0,0.0,0.0,0.0,0.0,0.0,0.0,0.0,0.0,0.0,0.0,0.0,0.0,0.0]
  22030428/2
    State:           Excluded {ChargingPausedByEv}
    Target:          0 A  Last: 0 A
    Current:         (0, 0, 0) A  Smoothed: (0, 0, 0) A
    Vehicle Limits:  Min: 6 A  Max: 16 A  Known
    Phase:           L123
    Arrival:         02/24/2026 19:36:48  PlannedDeparture: 02/25/2026 00:07:22
    Required Energy: 66.79999923706056 kWh  Critical
    Exclude after:   02/24/2026 23:29:45
    Ignored till:    
    Schedule:        [16.0,16.0,16.0,0.0,0.0,0.0,0.0,0.0,0.0,0.0,0.0,0.0,0.0,0.0,0.0,0.0,0.0,0.0,0.0,0.0,0.0,0.0,0.0,0.0]
2026-02-25 00:07:48 Verb  <#28> [Scheduler] - Instant solver finished in 77.6794 ms for 1/2 connectors
2026-02-25 00:07:48 Verb  <#28> [Scheduler] - Instant update result:
Available:   (32, 32, 32) A
Surplus:     (16, 16, 16)
Cluster Max: (32, 32, 32) A
Load Guard:
    Current:     (0, 0, 0; 0) A  Smoothed: (0, 0, 0) A
    Power:       (0, 0, 0: 0) kW
    Last Update: 01/01/0001 00:00:00  Offline
Connectors:
  22030428/1
    State:           Charging {Charging}
    Target:          16 A  Last: 16 A
    Current:         (15.709, 15.274, 15.201) A  Smoothed: (15.709, 15.274, 15.201) A
    Vehicle Limits:  Min: 6 A  Max: 16 A  Known
    Phase:           L123
    Arrival:         02/24/2026 20:49:51  PlannedDeparture: 02/25/2026 00:07:22
    Required Energy: 69.20000076293947 kWh  Critical
    Exclude after:   
    Ignored till:    
    Schedule:        [16.0,16.0,16.0,0.0,0.0,0.0,0.0,0.0,0.0,0.0,0.0,0.0,0.0,0.0,0.0,0.0,0.0,0.0,0.0,0.0,0.0,0.0,0.0,0.0]
  22030428/2
    State:           Excluded {ChargingPausedByEv}
    Target:          0 A  Last: 0 A
    Current:         (0, 0, 0) A  Smoothed: (0, 0, 0) A
    Vehicle Limits:  Min: 6 A  Max: 16 A  Known
    Phase:           L123
    Arrival:         02/24/2026 19:36:48  PlannedDeparture: 02/25/2026 00:07:22
    Required Energy: 66.79999923706056 kWh  Critical
    Exclude after:   02/24/2026 23:29:45
    Ignored till:    
    Schedule:        [16.0,16.0,16.0,0.0,0.0,0.0,0.0,0.0,0.0,0.0,0.0,0.0,0.0,0.0,0.0,0.0,0.0,0.0,0.0,0.0,0.0,0.0,0.0,0.0]
2026-02-25 00:07:50 Verb  <#28> [Scheduler] - Instant solver finished in 128.7769 ms for 1/2 connectors
2026-02-25 00:07:50 Verb  <#28> [Scheduler] - Instant update result:
Available:   (32, 32, 32) A
Surplus:     (16, 16, 16)
Cluster Max: (32, 32, 32) A
Load Guard:
    Current:     (0, 0, 0; 0) A  Smoothed: (0, 0, 0) A
    Power:       (0, 0, 0: 0) kW
    Last Update: 01/01/0001 00:00:00  Offline
Connectors:
  22030428/1
    State:           Charging {Charging}
    Target:          16 A  Last: 16 A
    Current:         (15.744, 15.325, 15.223) A  Smoothed: (15.7384, 15.31684, 15.21948) A
    Vehicle Limits:  Min: 6 A  Max: 16 A  Known
    Phase:           L123
    Arrival:         02/24/2026 20:49:51  PlannedDeparture: 02/25/2026 00:07:22
    Required Energy: 69.20000076293947 kWh  Critical
    Exclude after:   
    Ignored till:    
    Schedule:        [16.0,16.0,16.0,0.0,0.0,0.0,0.0,0.0,0.0,0.0,0.0,0.0,0.0,0.0,0.0,0.0,0.0,0.0,0.0,0.0,0.0,0.0,0.0,0.0]
  22030428/2
    State:           Excluded {ChargingPausedByEv}
    Target:          0 A  Last: 0 A
    Current:         (0, 0, 0) A  Smoothed: (0, 0, 0) A
    Vehicle Limits:  Min: 6 A  Max: 16 A  Known
    Phase:           L123
    Arrival:         02/24/2026 19:36:48  PlannedDeparture: 02/25/2026 00:07:22
    Required Energy: 66.79999923706056 kWh  Critical
    Exclude after:   02/24/2026 23:29:45
    Ignored till:    
    Schedule:        [16.0,16.0,16.0,0.0,0.0,0.0,0.0,0.0,0.0,0.0,0.0,0.0,0.0,0.0,0.0,0.0,0.0,0.0,0.0,0.0,0.0,0.0,0.0,0.0]
2026-02-25 00:07:52 Verb  <#28> [Scheduler] - Instant solver finished in 395.974 ms for 1/2 connectors
2026-02-25 00:07:52 Verb  <#28> [Scheduler] - Instant update result:
Available:   (32, 32, 32) A
Surplus:     (16, 16, 16)
Cluster Max: (32, 32, 32) A
Load Guard:
    Current:     (0, 0, 0; 0) A  Smoothed: (0, 0, 0) A
    Power:       (0, 0, 0: 0) kW
    Last Update: 01/01/0001 00:00:00  Offline
Connectors:
  22030428/1
    State:           Charging {Charging}
    Target:          16 A  Last: 16 A
    Current:         (15.744, 15.325, 15.223) A  Smoothed: (15.74176, 15.321736, 15.221592) A
    Vehicle Limits:  Min: 6 A  Max: 16 A  Known
    Phase:           L123
    Arrival:         02/24/2026 20:49:51  PlannedDeparture: 02/25/2026 00:07:22
    Required Energy: 69.20000076293947 kWh  Critical
    Exclude after:   
    Ignored till:    
    Schedule:        [16.0,16.0,16.0,0.0,0.0,0.0,0.0,0.0,0.0,0.0,0.0,0.0,0.0,0.0,0.0,0.0,0.0,0.0,0.0,0.0,0.0,0.0,0.0,0.0]
  22030428/2
    State:           Excluded {ChargingPausedByEv}
    Target:          0 A  Last: 0 A
    Current:         (0, 0, 0) A  Smoothed: (0, 0, 0) A
    Vehicle Limits:  Min: 6 A  Max: 16 A  Known
    Phase:           L123
    Arrival:         02/24/2026 19:36:48  PlannedDeparture: 02/25/2026 00:07:22
    Required Energy: 66.79999923706056 kWh  Critical
    Exclude after:   02/24/2026 23:29:45
    Ignored till:    
    Schedule:        [16.0,16.0,16.0,0.0,0.0,0.0,0.0,0.0,0.0,0.0,0.0,0.0,0.0,0.0,0.0,0.0,0.0,0.0,0.0,0.0,0.0,0.0,0.0,0.0]
2026-02-25 00:07:55 Verb  <#58> [Scheduler] - Instant solver finished in 101.4469 ms for 1/2 connectors
2026-02-25 00:07:55 Verb  <#58> [Scheduler] - Instant update result:
Available:   (32, 32, 32) A
Surplus:     (16, 16, 16)
Cluster Max: (32, 32, 32) A
Load Guard:
    Current:     (0, 0, 0; 0) A  Smoothed: (0, 0, 0) A
    Power:       (0, 0, 0: 0) kW
    Last Update: 01/01/0001 00:00:00  Offline
Connectors:
  22030428/1
    State:           Charging {Charging}
    Target:          16 A  Last: 16 A
    Current:         (15.746, 15.324, 15.213) A  Smoothed: (15.745322, 15.323638, 15.2143755) A
    Vehicle Limits:  Min: 6 A  Max: 16 A  Known
    Phase:           L123
    Arrival:         02/24/2026 20:49:51  PlannedDeparture: 02/25/2026 00:07:52
    Required Energy: 69.10000038146974 kWh  Critical
    Exclude after:   
    Ignored till:    
    Schedule:        [16.0,16.0,16.0,0.0,0.0,0.0,0.0,0.0,0.0,0.0,0.0,0.0,0.0,0.0,0.0,0.0,0.0,0.0,0.0,0.0,0.0,0.0,0.0,0.0]
  22030428/2
    State:           Excluded {ChargingPausedByEv}
    Target:          0 A  Last: 0 A
    Current:         (0, 0, 0) A  Smoothed: (0, 0, 0) A
    Vehicle Limits:  Min: 6 A  Max: 16 A  Known
    Phase:           L123
    Arrival:         02/24/2026 19:36:48  PlannedDeparture: 02/25/2026 00:07:52
    Required Energy: 66.79999923706056 kWh  Critical
    Exclude after:   02/24/2026 23:29:45
    Ignored till:    
    Schedule:        [16.0,16.0,16.0,0.0,0.0,0.0,0.0,0.0,0.0,0.0,0.0,0.0,0.0,0.0,0.0,0.0,0.0,0.0,0.0,0.0,0.0,0.0,0.0,0.0]
2026-02-25 00:07:58 Verb  <#28> [Scheduler] - Instant solver finished in 202.175 ms for 1/2 connectors
2026-02-25 00:07:58 Verb  <#28> [Scheduler] - Instant update result:
Available:   (32, 32, 32) A
Surplus:     (16, 16, 16)
Cluster Max: (32, 32, 32) A
Load Guard:
    Current:     (0, 0, 0; 0) A  Smoothed: (0, 0, 0) A
    Power:       (0, 0, 0: 0) kW
    Last Update: 01/01/0001 00:00:00  Offline
Connectors:
  22030428/1
    State:           Charging {Charging}
    Target:          16 A  Last: 16 A
    Current:         (15.746, 15.324, 15.213) A  Smoothed: (15.745729, 15.323855, 15.213551) A
    Vehicle Limits:  Min: 6 A  Max: 16 A  Known
    Phase:           L123
    Arrival:         02/24/2026 20:49:51  PlannedDeparture: 02/25/2026 00:07:52
    Required Energy: 69.10000038146974 kWh  Critical
    Exclude after:   
    Ignored till:    
    Schedule:        [16.0,16.0,16.0,0.0,0.0,0.0,0.0,0.0,0.0,0.0,0.0,0.0,0.0,0.0,0.0,0.0,0.0,0.0,0.0,0.0,0.0,0.0,0.0,0.0]
  22030428/2
    State:           Excluded {ChargingPausedByEv}
    Target:          0 A  Last: 0 A
    Current:         (0, 0, 0) A  Smoothed: (0, 0, 0) A
    Vehicle Limits:  Min: 6 A  Max: 16 A  Known
    Phase:           L123
    Arrival:         02/24/2026 19:36:48  PlannedDeparture: 02/25/2026 00:07:52
    Required Energy: 66.79999923706056 kWh  Critical
    Exclude after:   02/24/2026 23:29:45
    Ignored till:    
    Schedule:        [16.0,16.0,16.0,0.0,0.0,0.0,0.0,0.0,0.0,0.0,0.0,0.0,0.0,0.0,0.0,0.0,0.0,0.0,0.0,0.0,0.0,0.0,0.0,0.0]
2026-02-25 00:08:00 Verb  <#28> [Scheduler] - Instant solver finished in 149.6258 ms for 1/2 connectors
2026-02-25 00:08:00 Verb  <#28> [Scheduler] - Instant update result:
Available:   (32, 32, 32) A
Surplus:     (16, 16, 16)
Cluster Max: (32, 32, 32) A
Load Guard:
    Current:     (0, 0, 0; 0) A  Smoothed: (0, 0, 0) A
    Power:       (0, 0, 0: 0) kW
    Last Update: 01/01/0001 00:00:00  Offline
Connectors:
  22030428/1
    State:           Charging {Charging}
    Target:          16 A  Last: 16 A
    Current:         (15.746, 15.324, 15.213) A  Smoothed: (15.745892, 15.323942, 15.213221) A
    Vehicle Limits:  Min: 6 A  Max: 16 A  Known
    Phase:           L123
    Arrival:         02/24/2026 20:49:51  PlannedDeparture: 02/25/2026 00:07:52
    Required Energy: 69.10000038146974 kWh  Critical
    Exclude after:   
    Ignored till:    
    Schedule:        [16.0,16.0,16.0,0.0,0.0,0.0,0.0,0.0,0.0,0.0,0.0,0.0,0.0,0.0,0.0,0.0,0.0,0.0,0.0,0.0,0.0,0.0,0.0,0.0]
  22030428/2
    State:           Excluded {ChargingPausedByEv}
    Target:          0 A  Last: 0 A
    Current:         (0, 0, 0) A  Smoothed: (0, 0, 0) A
    Vehicle Limits:  Min: 6 A  Max: 16 A  Known
    Phase:           L123
    Arrival:         02/24/2026 19:36:48  PlannedDeparture: 02/25/2026 00:07:52
    Required Energy: 66.79999923706056 kWh  Critical
    Exclude after:   02/24/2026 23:29:45
    Ignored till:    
    Schedule:        [16.0,16.0,16.0,0.0,0.0,0.0,0.0,0.0,0.0,0.0,0.0,0.0,0.0,0.0,0.0,0.0,0.0,0.0,0.0,0.0,0.0,0.0,0.0,0.0]
2026-02-25 00:08:02 Verb  <#28> [Scheduler] - Instant solver finished in 128.1441 ms for 1/2 connectors
2026-02-25 00:08:02 Verb  <#28> [Scheduler] - Instant update result:
Available:   (32, 32, 32) A
Surplus:     (16, 16, 16)
Cluster Max: (32, 32, 32) A
Load Guard:
    Current:     (0, 0, 0; 0) A  Smoothed: (0, 0, 0) A
    Power:       (0, 0, 0: 0) kW
    Last Update: 01/01/0001 00:00:00  Offline
Connectors:
  22030428/1
    State:           Charging {Charging}
    Target:          16 A  Last: 16 A
    Current:         (15.746, 15.324, 15.213) A  Smoothed: (15.745956, 15.323977, 15.213088) A
    Vehicle Limits:  Min: 6 A  Max: 16 A  Known
    Phase:           L123
    Arrival:         02/24/2026 20:49:51  PlannedDeparture: 02/25/2026 00:07:52
    Required Energy: 69.10000038146974 kWh  Critical
    Exclude after:   
    Ignored till:    
    Schedule:        [16.0,16.0,16.0,0.0,0.0,0.0,0.0,0.0,0.0,0.0,0.0,0.0,0.0,0.0,0.0,0.0,0.0,0.0,0.0,0.0,0.0,0.0,0.0,0.0]
  22030428/2
    State:           Excluded {ChargingPausedByEv}
    Target:          0 A  Last: 0 A
    Current:         (0, 0, 0) A  Smoothed: (0, 0, 0) A
    Vehicle Limits:  Min: 6 A  Max: 16 A  Known
    Phase:           L123
    Arrival:         02/24/2026 19:36:48  PlannedDeparture: 02/25/2026 00:07:52
    Required Energy: 66.79999923706056 kWh  Critical
    Exclude after:   02/24/2026 23:29:45
    Ignored till:    
    Schedule:        [16.0,16.0,16.0,0.0,0.0,0.0,0.0,0.0,0.0,0.0,0.0,0.0,0.0,0.0,0.0,0.0,0.0,0.0,0.0,0.0,0.0,0.0,0.0,0.0]
2026-02-25 00:08:04 Verb  <#28> [Scheduler] - Instant solver finished in 130.2179 ms for 1/2 connectors
2026-02-25 00:08:04 Verb  <#28> [Scheduler] - Instant update result:
Available:   (32, 32, 32) A
Surplus:     (16, 16, 16)
Cluster Max: (32, 32, 32) A
Load Guard:
    Current:     (0, 0, 0; 0) A  Smoothed: (0, 0, 0) A
    Power:       (0, 0, 0: 0) kW
    Last Update: 01/01/0001 00:00:00  Offline
Connectors:
  22030428/1
    State:           Charging {Charging}
    Target:          16 A  Last: 16 A
    Current:         (15.746, 15.324, 15.213) A  Smoothed: (15.745983, 15.323991, 15.213036) A
    Vehicle Limits:  Min: 6 A  Max: 16 A  Known
    Phase:           L123
    Arrival:         02/24/2026 20:49:51  PlannedDeparture: 02/25/2026 00:07:52
    Required Energy: 69.10000038146974 kWh  Critical
    Exclude after:   
    Ignored till:    
    Schedule:        [16.0,16.0,16.0,0.0,0.0,0.0,0.0,0.0,0.0,0.0,0.0,0.0,0.0,0.0,0.0,0.0,0.0,0.0,0.0,0.0,0.0,0.0,0.0,0.0]
  22030428/2
    State:           Excluded {ChargingPausedByEv}
    Target:          0 A  Last: 0 A
    Current:         (0, 0, 0) A  Smoothed: (0, 0, 0) A
    Vehicle Limits:  Min: 6 A  Max: 16 A  Known
    Phase:           L123
    Arrival:         02/24/2026 19:36:48  PlannedDeparture: 02/25/2026 00:07:52
    Required Energy: 66.79999923706056 kWh  Critical
    Exclude after:   02/24/2026 23:29:45
    Ignored till:    
    Schedule:        [16.0,16.0,16.0,0.0,0.0,0.0,0.0,0.0,0.0,0.0,0.0,0.0,0.0,0.0,0.0,0.0,0.0,0.0,0.0,0.0,0.0,0.0,0.0,0.0]
2026-02-25 00:08:06 Verb  <#28> [Scheduler] - Instant solver finished in 119.6386 ms for 1/2 connectors
2026-02-25 00:08:06 Verb  <#28> [Scheduler] - Instant update result:
Available:   (32, 32, 32) A
Surplus:     (16, 16, 16)
Cluster Max: (32, 32, 32) A
Load Guard:
    Current:     (0, 0, 0; 0) A  Smoothed: (0, 0, 0) A
    Power:       (0, 0, 0: 0) kW
    Last Update: 01/01/0001 00:00:00  Offline
Connectors:
  22030428/1
    State:           Charging {Charging}
    Target:          16 A  Last: 16 A
    Current:         (15.746, 15.324, 15.213) A  Smoothed: (15.745994, 15.323997, 15.213015) A
    Vehicle Limits:  Min: 6 A  Max: 16 A  Known
    Phase:           L123
    Arrival:         02/24/2026 20:49:51  PlannedDeparture: 02/25/2026 00:07:52
    Required Energy: 69.10000038146974 kWh  Critical
    Exclude after:   
    Ignored till:    
    Schedule:        [16.0,16.0,16.0,0.0,0.0,0.0,0.0,0.0,0.0,0.0,0.0,0.0,0.0,0.0,0.0,0.0,0.0,0.0,0.0,0.0,0.0,0.0,0.0,0.0]
  22030428/2
    State:           Excluded {ChargingPausedByEv}
    Target:          0 A  Last: 0 A
    Current:         (0, 0, 0) A  Smoothed: (0, 0, 0) A
    Vehicle Limits:  Min: 6 A  Max: 16 A  Known
    Phase:           L123
    Arrival:         02/24/2026 19:36:48  PlannedDeparture: 02/25/2026 00:07:52
    Required Energy: 66.79999923706056 kWh  Critical
    Exclude after:   02/24/2026 23:29:45
    Ignored till:    
    Schedule:        [16.0,16.0,16.0,0.0,0.0,0.0,0.0,0.0,0.0,0.0,0.0,0.0,0.0,0.0,0.0,0.0,0.0,0.0,0.0,0.0,0.0,0.0,0.0,0.0]
2026-02-25 00:08:08 Verb  <#48> [Scheduler] - Instant solver finished in 96.3595 ms for 1/2 connectors
2026-02-25 00:08:08 Verb  <#48> [Scheduler] - Instant update result:
Available:   (32, 32, 32) A
Surplus:     (16, 16, 16)
Cluster Max: (32, 32, 32) A
Load Guard:
    Current:     (0, 0, 0; 0) A  Smoothed: (0, 0, 0) A
    Power:       (0, 0, 0: 0) kW
    Last Update: 01/01/0001 00:00:00  Offline
Connectors:
  22030428/1
    State:           Charging {Charging}
    Target:          16 A  Last: 16 A
    Current:         (15.746, 15.324, 15.213) A  Smoothed: (15.745997, 15.323998, 15.213006) A
    Vehicle Limits:  Min: 6 A  Max: 16 A  Known
    Phase:           L123
    Arrival:         02/24/2026 20:49:51  PlannedDeparture: 02/25/2026 00:07:52
    Required Energy: 69.10000038146974 kWh  Critical
    Exclude after:   
    Ignored till:    
    Schedule:        [16.0,16.0,16.0,0.0,0.0,0.0,0.0,0.0,0.0,0.0,0.0,0.0,0.0,0.0,0.0,0.0,0.0,0.0,0.0,0.0,0.0,0.0,0.0,0.0]
  22030428/2
    State:           Excluded {ChargingPausedByEv}
    Target:          0 A  Last: 0 A
    Current:         (0, 0, 0) A  Smoothed: (0, 0, 0) A
    Vehicle Limits:  Min: 6 A  Max: 16 A  Known
    Phase:           L123
    Arrival:         02/24/2026 19:36:48  PlannedDeparture: 02/25/2026 00:07:52
    Required Energy: 66.79999923706056 kWh  Critical
    Exclude after:   02/24/2026 23:29:45
    Ignored till:    
    Schedule:        [16.0,16.0,16.0,0.0,0.0,0.0,0.0,0.0,0.0,0.0,0.0,0.0,0.0,0.0,0.0,0.0,0.0,0.0,0.0,0.0,0.0,0.0,0.0,0.0]
2026-02-25 00:08:10 Verb  <#58> [Scheduler] - Instant solver finished in 81.213 ms for 1/2 connectors
2026-02-25 00:08:10 Verb  <#58> [Scheduler] - Instant update result:
Available:   (32, 32, 32) A
Surplus:     (16, 16, 16)
Cluster Max: (32, 32, 32) A
Load Guard:
    Current:     (0, 0, 0; 0) A  Smoothed: (0, 0, 0) A
    Power:       (0, 0, 0: 0) kW
    Last Update: 01/01/0001 00:00:00  Offline
Connectors:
  22030428/1
    State:           Charging {Charging}
    Target:          16 A  Last: 16 A
    Current:         (15.746, 15.324, 15.213) A  Smoothed: (15.745999, 15.323999, 15.213002) A
    Vehicle Limits:  Min: 6 A  Max: 16 A  Known
    Phase:           L123
    Arrival:         02/24/2026 20:49:51  PlannedDeparture: 02/25/2026 00:07:52
    Required Energy: 69.10000038146974 kWh  Critical
    Exclude after:   
    Ignored till:    
    Schedule:        [16.0,16.0,16.0,0.0,0.0,0.0,0.0,0.0,0.0,0.0,0.0,0.0,0.0,0.0,0.0,0.0,0.0,0.0,0.0,0.0,0.0,0.0,0.0,0.0]
  22030428/2
    State:           Excluded {ChargingPausedByEv}
    Target:          0 A  Last: 0 A
    Current:         (0, 0, 0) A  Smoothed: (0, 0, 0) A
    Vehicle Limits:  Min: 6 A  Max: 16 A  Known
    Phase:           L123
    Arrival:         02/24/2026 19:36:48  PlannedDeparture: 02/25/2026 00:07:52
    Required Energy: 66.79999923706056 kWh  Critical
    Exclude after:   02/24/2026 23:29:45
    Ignored till:    
    Schedule:        [16.0,16.0,16.0,0.0,0.0,0.0,0.0,0.0,0.0,0.0,0.0,0.0,0.0,0.0,0.0,0.0,0.0,0.0,0.0,0.0,0.0,0.0,0.0,0.0]
2026-02-25 00:08:13 Verb  <#65> [Scheduler] - Instant solver finished in 98.1631 ms for 1/2 connectors
2026-02-25 00:08:13 Verb  <#65> [Scheduler] - Instant update result:
Available:   (32, 32, 32) A
Surplus:     (16, 16, 16)
Cluster Max: (32, 32, 32) A
Load Guard:
    Current:     (0, 0, 0; 0) A  Smoothed: (0, 0, 0) A
    Power:       (0, 0, 0: 0) kW
    Last Update: 01/01/0001 00:00:00  Offline
Connectors:
  22030428/1
    State:           Charging {Charging}
    Target:          16 A  Last: 16 A
    Current:         (15.746, 15.324, 15.213) A  Smoothed: (15.746, 15.324, 15.213001) A
    Vehicle Limits:  Min: 6 A  Max: 16 A  Known
    Phase:           L123
    Arrival:         02/24/2026 20:49:51  PlannedDeparture: 02/25/2026 00:07:52
    Required Energy: 69.10000038146974 kWh  Critical
    Exclude after:   
    Ignored till:    
    Schedule:        [16.0,16.0,16.0,0.0,0.0,0.0,0.0,0.0,0.0,0.0,0.0,0.0,0.0,0.0,0.0,0.0,0.0,0.0,0.0,0.0,0.0,0.0,0.0,0.0]
  22030428/2
    State:           Excluded {ChargingPausedByEv}
    Target:          0 A  Last: 0 A
    Current:         (0, 0, 0) A  Smoothed: (0, 0, 0) A
    Vehicle Limits:  Min: 6 A  Max: 16 A  Known
    Phase:           L123
    Arrival:         02/24/2026 19:36:48  PlannedDeparture: 02/25/2026 00:07:52
    Required Energy: 66.79999923706056 kWh  Critical
    Exclude after:   02/24/2026 23:29:45
    Ignored till:    
    Schedule:        [16.0,16.0,16.0,0.0,0.0,0.0,0.0,0.0,0.0,0.0,0.0,0.0,0.0,0.0,0.0,0.0,0.0,0.0,0.0,0.0,0.0,0.0,0.0,0.0]
2026-02-25 00:08:15 Verb  <#65> [Scheduler] - Instant solver finished in 70.1808 ms for 1/2 connectors
2026-02-25 00:08:15 Verb  <#65> [Scheduler] - Instant update result:
Available:   (32, 32, 32) A
Surplus:     (16, 16, 16)
Cluster Max: (32, 32, 32) A
Load Guard:
    Current:     (0, 0, 0; 0) A  Smoothed: (0, 0, 0) A
    Power:       (0, 0, 0: 0) kW
    Last Update: 01/01/0001 00:00:00  Offline
Connectors:
  22030428/1
    State:           Charging {Charging}
    Target:          16 A  Last: 16 A
    Current:         (15.746, 15.324, 15.213) A  Smoothed: (15.746, 15.324, 15.213) A
    Vehicle Limits:  Min: 6 A  Max: 16 A  Known
    Phase:           L123
    Arrival:         02/24/2026 20:49:51  PlannedDeparture: 02/25/2026 00:07:52
    Required Energy: 69.10000038146974 kWh  Critical
    Exclude after:   
    Ignored till:    
    Schedule:        [16.0,16.0,16.0,0.0,0.0,0.0,0.0,0.0,0.0,0.0,0.0,0.0,0.0,0.0,0.0,0.0,0.0,0.0,0.0,0.0,0.0,0.0,0.0,0.0]
  22030428/2
    State:           Excluded {ChargingPausedByEv}
    Target:          0 A  Last: 0 A
    Current:         (0, 0, 0) A  Smoothed: (0, 0, 0) A
    Vehicle Limits:  Min: 6 A  Max: 16 A  Known
    Phase:           L123
    Arrival:         02/24/2026 19:36:48  PlannedDeparture: 02/25/2026 00:07:52
    Required Energy: 66.79999923706056 kWh  Critical
    Exclude after:   02/24/2026 23:29:45
    Ignored till:    
    Schedule:        [16.0,16.0,16.0,0.0,0.0,0.0,0.0,0.0,0.0,0.0,0.0,0.0,0.0,0.0,0.0,0.0,0.0,0.0,0.0,0.0,0.0,0.0,0.0,0.0]
2026-02-25 00:08:17 Verb  <#65> [Scheduler] - Instant solver finished in 186.3243 ms for 1/2 connectors
2026-02-25 00:08:17 Verb  <#65> [Scheduler] - Instant update result:
Available:   (32, 32, 32) A
Surplus:     (16, 16, 16)
Cluster Max: (32, 32, 32) A
Load Guard:
    Current:     (0, 0, 0; 0) A  Smoothed: (0, 0, 0) A
    Power:       (0, 0, 0: 0) kW
    Last Update: 01/01/0001 00:00:00  Offline
Connectors:
  22030428/1
    State:           Charging {Charging}
    Target:          16 A  Last: 16 A
    Current:         (15.746, 15.324, 15.213) A  Smoothed: (15.746, 15.324, 15.213) A
    Vehicle Limits:  Min: 6 A  Max: 16 A  Known
    Phase:           L123
    Arrival:         02/24/2026 20:49:51  PlannedDeparture: 02/25/2026 00:07:52
    Required Energy: 69.10000038146974 kWh  Critical
    Exclude after:   
    Ignored till:    
    Schedule:        [16.0,16.0,16.0,0.0,0.0,0.0,0.0,0.0,0.0,0.0,0.0,0.0,0.0,0.0,0.0,0.0,0.0,0.0,0.0,0.0,0.0,0.0,0.0,0.0]
  22030428/2
    State:           Excluded {ChargingPausedByEv}
    Target:          0 A  Last: 0 A
    Current:         (0, 0, 0) A  Smoothed: (0, 0, 0) A
    Vehicle Limits:  Min: 6 A  Max: 16 A  Known
    Phase:           L123
    Arrival:         02/24/2026 19:36:48  PlannedDeparture: 02/25/2026 00:07:52
    Required Energy: 66.79999923706056 kWh  Critical
    Exclude after:   02/24/2026 23:29:45
    Ignored till:    
    Schedule:        [16.0,16.0,16.0,0.0,0.0,0.0,0.0,0.0,0.0,0.0,0.0,0.0,0.0,0.0,0.0,0.0,0.0,0.0,0.0,0.0,0.0,0.0,0.0,0.0]
2026-02-25 00:08:19 Verb  <#65> [Scheduler] - Instant solver finished in 143.5865 ms for 1/2 connectors
2026-02-25 00:08:19 Verb  <#65> [Scheduler] - Instant update result:
Available:   (32, 32, 32) A
Surplus:     (16, 16, 16)
Cluster Max: (32, 32, 32) A
Load Guard:
    Current:     (0, 0, 0; 0) A  Smoothed: (0, 0, 0) A
    Power:       (0, 0, 0: 0) kW
    Last Update: 01/01/0001 00:00:00  Offline
Connectors:
  22030428/1
    State:           Charging {Charging}
    Target:          16 A  Last: 16 A
    Current:         (15.746, 15.324, 15.213) A  Smoothed: (15.746, 15.324, 15.213) A
    Vehicle Limits:  Min: 6 A  Max: 16 A  Known
    Phase:           L123
    Arrival:         02/24/2026 20:49:51  PlannedDeparture: 02/25/2026 00:07:52
    Required Energy: 69.10000038146974 kWh  Critical
    Exclude after:   
    Ignored till:    
    Schedule:        [16.0,16.0,16.0,0.0,0.0,0.0,0.0,0.0,0.0,0.0,0.0,0.0,0.0,0.0,0.0,0.0,0.0,0.0,0.0,0.0,0.0,0.0,0.0,0.0]
  22030428/2
    State:           Excluded {ChargingPausedByEv}
    Target:          0 A  Last: 0 A
    Current:         (0, 0, 0) A  Smoothed: (0, 0, 0) A
    Vehicle Limits:  Min: 6 A  Max: 16 A  Known
    Phase:           L123
    Arrival:         02/24/2026 19:36:48  PlannedDeparture: 02/25/2026 00:07:52
    Required Energy: 66.79999923706056 kWh  Critical
    Exclude after:   02/24/2026 23:29:45
    Ignored till:    
    Schedule:        [16.0,16.0,16.0,0.0,0.0,0.0,0.0,0.0,0.0,0.0,0.0,0.0,0.0,0.0,0.0,0.0,0.0,0.0,0.0,0.0,0.0,0.0,0.0,0.0]
2026-02-25 00:08:21 Verb  <#58> [Scheduler] - Instant solver finished in 151.5103 ms for 1/2 connectors
2026-02-25 00:08:21 Verb  <#58> [Scheduler] - Instant update result:
Available:   (32, 32, 32) A
Surplus:     (16, 16, 16)
Cluster Max: (32, 32, 32) A
Load Guard:
    Current:     (0, 0, 0; 0) A  Smoothed: (0, 0, 0) A
    Power:       (0, 0, 0: 0) kW
    Last Update: 01/01/0001 00:00:00  Offline
Connectors:
  22030428/1
    State:           Charging {Charging}
    Target:          16 A  Last: 16 A
    Current:         (15.746, 15.324, 15.213) A  Smoothed: (15.746, 15.324, 15.213) A
    Vehicle Limits:  Min: 6 A  Max: 16 A  Known
    Phase:           L123
    Arrival:         02/24/2026 20:49:51  PlannedDeparture: 02/25/2026 00:07:52
    Required Energy: 69.10000038146974 kWh  Critical
    Exclude after:   
    Ignored till:    
    Schedule:        [16.0,16.0,16.0,0.0,0.0,0.0,0.0,0.0,0.0,0.0,0.0,0.0,0.0,0.0,0.0,0.0,0.0,0.0,0.0,0.0,0.0,0.0,0.0,0.0]
  22030428/2
    State:           Excluded {ChargingPausedByEv}
    Target:          0 A  Last: 0 A
    Current:         (0, 0, 0) A  Smoothed: (0, 0, 0) A
    Vehicle Limits:  Min: 6 A  Max: 16 A  Known
    Phase:           L123
    Arrival:         02/24/2026 19:36:48  PlannedDeparture: 02/25/2026 00:07:52
    Required Energy: 66.79999923706056 kWh  Critical
    Exclude after:   02/24/2026 23:29:45
    Ignored till:    
    Schedule:        [16.0,16.0,16.0,0.0,0.0,0.0,0.0,0.0,0.0,0.0,0.0,0.0,0.0,0.0,0.0,0.0,0.0,0.0,0.0,0.0,0.0,0.0,0.0,0.0]
2026-02-25 00:08:23 Verb  <#65> [Scheduler] - Instant solver finished in 107.2441 ms for 1/2 connectors
2026-02-25 00:08:23 Verb  <#65> [Scheduler] - Instant update result:
Available:   (32, 32, 32) A
Surplus:     (16, 16, 16)
Cluster Max: (32, 32, 32) A
Load Guard:
    Current:     (0, 0, 0; 0) A  Smoothed: (0, 0, 0) A
    Power:       (0, 0, 0: 0) kW
    Last Update: 01/01/0001 00:00:00  Offline
Connectors:
  22030428/1
    State:           Charging {Charging}
    Target:          16 A  Last: 16 A
    Current:         (15.742, 15.327, 15.137) A  Smoothed: (15.74264, 15.32652, 15.14916) A
    Vehicle Limits:  Min: 6 A  Max: 16 A  Known
    Phase:           L123
    Arrival:         02/24/2026 20:49:51  PlannedDeparture: 02/25/2026 00:08:23
    Required Energy: 69 kWh  Critical
    Exclude after:   
    Ignored till:    
    Schedule:        [16.0,16.0,16.0,0.0,0.0,0.0,0.0,0.0,0.0,0.0,0.0,0.0,0.0,0.0,0.0,0.0,0.0,0.0,0.0,0.0,0.0,0.0,0.0,0.0]
  22030428/2
    State:           Excluded {ChargingPausedByEv}
    Target:          0 A  Last: 0 A
    Current:         (0, 0, 0) A  Smoothed: (0, 0, 0) A
    Vehicle Limits:  Min: 6 A  Max: 16 A  Known
    Phase:           L123
    Arrival:         02/24/2026 19:36:48  PlannedDeparture: 02/25/2026 00:08:23
    Required Energy: 66.79999923706056 kWh  Critical
    Exclude after:   02/24/2026 23:29:45
    Ignored till:    
    Schedule:        [16.0,16.0,16.0,0.0,0.0,0.0,0.0,0.0,0.0,0.0,0.0,0.0,0.0,0.0,0.0,0.0,0.0,0.0,0.0,0.0,0.0,0.0,0.0,0.0]
2026-02-25 00:08:25 Verb  <#65> [Scheduler] - Instant solver finished in 73.4955 ms for 1/2 connectors
2026-02-25 00:08:25 Verb  <#65> [Scheduler] - Instant update result:
Available:   (32, 32, 32) A
Surplus:     (16, 16, 16)
Cluster Max: (32, 32, 32) A
Load Guard:
    Current:     (0, 0, 0; 0) A  Smoothed: (0, 0, 0) A
    Power:       (0, 0, 0: 0) kW
    Last Update: 01/01/0001 00:00:00  Offline
Connectors:
  22030428/1
    State:           Charging {Charging}
    Target:          16 A  Last: 16 A
    Current:         (15.742, 15.327, 15.137) A  Smoothed: (15.742255, 15.326808, 15.141864) A
    Vehicle Limits:  Min: 6 A  Max: 16 A  Known
    Phase:           L123
    Arrival:         02/24/2026 20:49:51  PlannedDeparture: 02/25/2026 00:08:23
    Required Energy: 69 kWh  Critical
    Exclude after:   
    Ignored till:    
    Schedule:        [16.0,16.0,16.0,0.0,0.0,0.0,0.0,0.0,0.0,0.0,0.0,0.0,0.0,0.0,0.0,0.0,0.0,0.0,0.0,0.0,0.0,0.0,0.0,0.0]
  22030428/2
    State:           Excluded {ChargingPausedByEv}
    Target:          0 A  Last: 0 A
    Current:         (0, 0, 0) A  Smoothed: (0, 0, 0) A
    Vehicle Limits:  Min: 6 A  Max: 16 A  Known
    Phase:           L123
    Arrival:         02/24/2026 19:36:48  PlannedDeparture: 02/25/2026 00:08:23
    Required Energy: 66.79999923706056 kWh  Critical
    Exclude after:   02/24/2026 23:29:45
    Ignored till:    
    Schedule:        [16.0,16.0,16.0,0.0,0.0,0.0,0.0,0.0,0.0,0.0,0.0,0.0,0.0,0.0,0.0,0.0,0.0,0.0,0.0,0.0,0.0,0.0,0.0,0.0]
2026-02-25 00:08:28 Verb  <#66> [Scheduler] - Instant solver finished in 84.1247 ms for 1/2 connectors
2026-02-25 00:08:28 Verb  <#66> [Scheduler] - Instant update result:
Available:   (32, 32, 32) A
Surplus:     (16, 16, 16)
Cluster Max: (32, 32, 32) A
Load Guard:
    Current:     (0, 0, 0; 0) A  Smoothed: (0, 0, 0) A
    Power:       (0, 0, 0: 0) kW
    Last Update: 01/01/0001 00:00:00  Offline
Connectors:
  22030428/1
    State:           Charging {Charging}
    Target:          16 A  Last: 16 A
    Current:         (15.742, 15.327, 15.137) A  Smoothed: (15.742102, 15.326923, 15.138946) A
    Vehicle Limits:  Min: 6 A  Max: 16 A  Known
    Phase:           L123
    Arrival:         02/24/2026 20:49:51  PlannedDeparture: 02/25/2026 00:08:23
    Required Energy: 69 kWh  Critical
    Exclude after:   
    Ignored till:    
    Schedule:        [16.0,16.0,16.0,0.0,0.0,0.0,0.0,0.0,0.0,0.0,0.0,0.0,0.0,0.0,0.0,0.0,0.0,0.0,0.0,0.0,0.0,0.0,0.0,0.0]
  22030428/2
    State:           Excluded {ChargingPausedByEv}
    Target:          0 A  Last: 0 A
    Current:         (0, 0, 0) A  Smoothed: (0, 0, 0) A
    Vehicle Limits:  Min: 6 A  Max: 16 A  Known
    Phase:           L123
    Arrival:         02/24/2026 19:36:48  PlannedDeparture: 02/25/2026 00:08:23
    Required Energy: 66.79999923706056 kWh  Critical
    Exclude after:   02/24/2026 23:29:45
    Ignored till:    
    Schedule:        [16.0,16.0,16.0,0.0,0.0,0.0,0.0,0.0,0.0,0.0,0.0,0.0,0.0,0.0,0.0,0.0,0.0,0.0,0.0,0.0,0.0,0.0,0.0,0.0]
2026-02-25 00:08:30 Verb  <#66> [Scheduler] - Instant solver finished in 82.272 ms for 1/2 connectors
2026-02-25 00:08:30 Verb  <#66> [Scheduler] - Instant update result:
Available:   (32, 32, 32) A
Surplus:     (16, 16, 16)
Cluster Max: (32, 32, 32) A
Load Guard:
    Current:     (0, 0, 0; 0) A  Smoothed: (0, 0, 0) A
    Power:       (0, 0, 0: 0) kW
    Last Update: 01/01/0001 00:00:00  Offline
Connectors:
  22030428/1
    State:           Charging {Charging}
    Target:          16 A  Last: 16 A
    Current:         (15.742, 15.327, 15.137) A  Smoothed: (15.742041, 15.326969, 15.137778) A
    Vehicle Limits:  Min: 6 A  Max: 16 A  Known
    Phase:           L123
    Arrival:         02/24/2026 20:49:51  PlannedDeparture: 02/25/2026 00:08:23
    Required Energy: 69 kWh  Critical
    Exclude after:   
    Ignored till:    
    Schedule:        [16.0,16.0,16.0,0.0,0.0,0.0,0.0,0.0,0.0,0.0,0.0,0.0,0.0,0.0,0.0,0.0,0.0,0.0,0.0,0.0,0.0,0.0,0.0,0.0]
  22030428/2
    State:           Excluded {ChargingPausedByEv}
    Target:          0 A  Last: 0 A
    Current:         (0, 0, 0) A  Smoothed: (0, 0, 0) A
    Vehicle Limits:  Min: 6 A  Max: 16 A  Known
    Phase:           L123
    Arrival:         02/24/2026 19:36:48  PlannedDeparture: 02/25/2026 00:08:23
    Required Energy: 66.79999923706056 kWh  Critical
    Exclude after:   02/24/2026 23:29:45
    Ignored till:    
    Schedule:        [16.0,16.0,16.0,0.0,0.0,0.0,0.0,0.0,0.0,0.0,0.0,0.0,0.0,0.0,0.0,0.0,0.0,0.0,0.0,0.0,0.0,0.0,0.0,0.0]
2026-02-25 00:08:32 Verb  <#66> [Scheduler] - Instant solver finished in 107.4529 ms for 1/2 connectors
2026-02-25 00:08:32 Verb  <#66> [Scheduler] - Instant update result:
Available:   (32, 32, 32) A
Surplus:     (16, 16, 16)
Cluster Max: (32, 32, 32) A
Load Guard:
    Current:     (0, 0, 0; 0) A  Smoothed: (0, 0, 0) A
    Power:       (0, 0, 0: 0) kW
    Last Update: 01/01/0001 00:00:00  Offline
Connectors:
  22030428/1
    State:           Charging {Charging}
    Target:          16 A  Last: 16 A
    Current:         (15.742, 15.327, 15.137) A  Smoothed: (15.742016, 15.326987, 15.137311) A
    Vehicle Limits:  Min: 6 A  Max: 16 A  Known
    Phase:           L123
    Arrival:         02/24/2026 20:49:51  PlannedDeparture: 02/25/2026 00:08:23
    Required Energy: 69 kWh  Critical
    Exclude after:   
    Ignored till:    
    Schedule:        [16.0,16.0,16.0,0.0,0.0,0.0,0.0,0.0,0.0,0.0,0.0,0.0,0.0,0.0,0.0,0.0,0.0,0.0,0.0,0.0,0.0,0.0,0.0,0.0]
  22030428/2
    State:           Excluded {ChargingPausedByEv}
    Target:          0 A  Last: 0 A
    Current:         (0, 0, 0) A  Smoothed: (0, 0, 0) A
    Vehicle Limits:  Min: 6 A  Max: 16 A  Known
    Phase:           L123
    Arrival:         02/24/2026 19:36:48  PlannedDeparture: 02/25/2026 00:08:23
    Required Energy: 66.79999923706056 kWh  Critical
    Exclude after:   02/24/2026 23:29:45
    Ignored till:    
    Schedule:        [16.0,16.0,16.0,0.0,0.0,0.0,0.0,0.0,0.0,0.0,0.0,0.0,0.0,0.0,0.0,0.0,0.0,0.0,0.0,0.0,0.0,0.0,0.0,0.0]
2026-02-25 00:08:34 Verb  <#58> [Scheduler] - Instant solver finished in 106.4017 ms for 1/2 connectors
2026-02-25 00:08:34 Verb  <#58> [Scheduler] - Instant update result:
Available:   (32, 32, 32) A
Surplus:     (16, 16, 16)
Cluster Max: (32, 32, 32) A
Load Guard:
    Current:     (0, 0, 0; 0) A  Smoothed: (0, 0, 0) A
    Power:       (0, 0, 0: 0) kW
    Last Update: 01/01/0001 00:00:00  Offline
Connectors:
  22030428/1
    State:           Charging {Charging}
    Target:          16 A  Last: 16 A
    Current:         (15.742, 15.327, 15.137) A  Smoothed: (15.742006, 15.326995, 15.137124) A
    Vehicle Limits:  Min: 6 A  Max: 16 A  Known
    Phase:           L123
    Arrival:         02/24/2026 20:49:51  PlannedDeparture: 02/25/2026 00:08:23
    Required Energy: 69 kWh  Critical
    Exclude after:   
    Ignored till:    
    Schedule:        [16.0,16.0,16.0,0.0,0.0,0.0,0.0,0.0,0.0,0.0,0.0,0.0,0.0,0.0,0.0,0.0,0.0,0.0,0.0,0.0,0.0,0.0,0.0,0.0]
  22030428/2
    State:           Excluded {ChargingPausedByEv}
    Target:          0 A  Last: 0 A
    Current:         (0, 0, 0) A  Smoothed: (0, 0, 0) A
    Vehicle Limits:  Min: 6 A  Max: 16 A  Known
    Phase:           L123
    Arrival:         02/24/2026 19:36:48  PlannedDeparture: 02/25/2026 00:08:23
    Required Energy: 66.79999923706056 kWh  Critical
    Exclude after:   02/24/2026 23:29:45
    Ignored till:    
    Schedule:        [16.0,16.0,16.0,0.0,0.0,0.0,0.0,0.0,0.0,0.0,0.0,0.0,0.0,0.0,0.0,0.0,0.0,0.0,0.0,0.0,0.0,0.0,0.0,0.0]
2026-02-25 00:08:36 Verb  <#58> [Scheduler] - Instant solver finished in 83.7106 ms for 1/2 connectors
2026-02-25 00:08:36 Verb  <#58> [Scheduler] - Instant update result:
Available:   (32, 32, 32) A
Surplus:     (16, 16, 16)
Cluster Max: (32, 32, 32) A
Load Guard:
    Current:     (0, 0, 0; 0) A  Smoothed: (0, 0, 0) A
    Power:       (0, 0, 0: 0) kW
    Last Update: 01/01/0001 00:00:00  Offline
Connectors:
  22030428/1
    State:           Charging {Charging}
    Target:          16 A  Last: 16 A
    Current:         (15.742, 15.327, 15.137) A  Smoothed: (15.7420025, 15.326998, 15.13705) A
    Vehicle Limits:  Min: 6 A  Max: 16 A  Known
    Phase:           L123
    Arrival:         02/24/2026 20:49:51  PlannedDeparture: 02/25/2026 00:08:23
    Required Energy: 69 kWh  Critical
    Exclude after:   
    Ignored till:    
    Schedule:        [16.0,16.0,16.0,0.0,0.0,0.0,0.0,0.0,0.0,0.0,0.0,0.0,0.0,0.0,0.0,0.0,0.0,0.0,0.0,0.0,0.0,0.0,0.0,0.0]
  22030428/2
    State:           Excluded {ChargingPausedByEv}
    Target:          0 A  Last: 0 A
    Current:         (0, 0, 0) A  Smoothed: (0, 0, 0) A
    Vehicle Limits:  Min: 6 A  Max: 16 A  Known
    Phase:           L123
    Arrival:         02/24/2026 19:36:48  PlannedDeparture: 02/25/2026 00:08:23
    Required Energy: 66.79999923706056 kWh  Critical
    Exclude after:   02/24/2026 23:29:45
    Ignored till:    
    Schedule:        [16.0,16.0,16.0,0.0,0.0,0.0,0.0,0.0,0.0,0.0,0.0,0.0,0.0,0.0,0.0,0.0,0.0,0.0,0.0,0.0,0.0,0.0,0.0,0.0]
2026-02-25 00:08:38 Verb  <#66> [Scheduler] - Instant solver finished in 95.7216 ms for 1/2 connectors
2026-02-25 00:08:38 Verb  <#66> [Scheduler] - Instant update result:
Available:   (32, 32, 32) A
Surplus:     (16, 16, 16)
Cluster Max: (32, 32, 32) A
Load Guard:
    Current:     (0, 0, 0; 0) A  Smoothed: (0, 0, 0) A
    Power:       (0, 0, 0: 0) kW
    Last Update: 01/01/0001 00:00:00  Offline
Connectors:
  22030428/1
    State:           Charging {Charging}
    Target:          16 A  Last: 16 A
    Current:         (15.742, 15.327, 15.137) A  Smoothed: (15.742001, 15.326999, 15.13702) A
    Vehicle Limits:  Min: 6 A  Max: 16 A  Known
    Phase:           L123
    Arrival:         02/24/2026 20:49:51  PlannedDeparture: 02/25/2026 00:08:23
    Required Energy: 69 kWh  Critical
    Exclude after:   
    Ignored till:    
    Schedule:        [16.0,16.0,16.0,0.0,0.0,0.0,0.0,0.0,0.0,0.0,0.0,0.0,0.0,0.0,0.0,0.0,0.0,0.0,0.0,0.0,0.0,0.0,0.0,0.0]
  22030428/2
    State:           Excluded {ChargingPausedByEv}
    Target:          0 A  Last: 0 A
    Current:         (0, 0, 0) A  Smoothed: (0, 0, 0) A
    Vehicle Limits:  Min: 6 A  Max: 16 A  Known
    Phase:           L123
    Arrival:         02/24/2026 19:36:48  PlannedDeparture: 02/25/2026 00:08:23
    Required Energy: 66.79999923706056 kWh  Critical
    Exclude after:   02/24/2026 23:29:45
    Ignored till:    
    Schedule:        [16.0,16.0,16.0,0.0,0.0,0.0,0.0,0.0,0.0,0.0,0.0,0.0,0.0,0.0,0.0,0.0,0.0,0.0,0.0,0.0,0.0,0.0,0.0,0.0]
2026-02-25 00:08:40 Verb  <#66> [Scheduler] - Instant solver finished in 360.3642 ms for 1/2 connectors
2026-02-25 00:08:40 Verb  <#66> [Scheduler] - Instant update result:
Available:   (32, 32, 32) A
Surplus:     (16, 16, 16)
Cluster Max: (32, 32, 32) A
Load Guard:
    Current:     (0, 0, 0; 0) A  Smoothed: (0, 0, 0) A
    Power:       (0, 0, 0: 0) kW
    Last Update: 01/01/0001 00:00:00  Offline
Connectors:
  22030428/1
    State:           Charging {Charging}
    Target:          16 A  Last: 16 A
    Current:         (15.742, 15.327, 15.137) A  Smoothed: (15.742, 15.327, 15.137008) A
    Vehicle Limits:  Min: 6 A  Max: 16 A  Known
    Phase:           L123
    Arrival:         02/24/2026 20:49:51  PlannedDeparture: 02/25/2026 00:08:23
    Required Energy: 69 kWh  Critical
    Exclude after:   
    Ignored till:    
    Schedule:        [16.0,16.0,16.0,0.0,0.0,0.0,0.0,0.0,0.0,0.0,0.0,0.0,0.0,0.0,0.0,0.0,0.0,0.0,0.0,0.0,0.0,0.0,0.0,0.0]
  22030428/2
    State:           Excluded {ChargingPausedByEv}
    Target:          0 A  Last: 0 A
    Current:         (0, 0, 0) A  Smoothed: (0, 0, 0) A
    Vehicle Limits:  Min: 6 A  Max: 16 A  Known
    Phase:           L123
    Arrival:         02/24/2026 19:36:48  PlannedDeparture: 02/25/2026 00:08:23
    Required Energy: 66.79999923706056 kWh  Critical
    Exclude after:   02/24/2026 23:29:45
    Ignored till:    
    Schedule:        [16.0,16.0,16.0,0.0,0.0,0.0,0.0,0.0,0.0,0.0,0.0,0.0,0.0,0.0,0.0,0.0,0.0,0.0,0.0,0.0,0.0,0.0,0.0,0.0]
2026-02-25 00:08:43 Verb  <#66> [Scheduler] - Instant solver finished in 83.7451 ms for 1/2 connectors
2026-02-25 00:08:43 Verb  <#66> [Scheduler] - Instant update result:
Available:   (32, 32, 32) A
Surplus:     (16, 16, 16)
Cluster Max: (32, 32, 32) A
Load Guard:
    Current:     (0, 0, 0; 0) A  Smoothed: (0, 0, 0) A
    Power:       (0, 0, 0: 0) kW
    Last Update: 01/01/0001 00:00:00  Offline
Connectors:
  22030428/1
    State:           Charging {Charging}
    Target:          16 A  Last: 16 A
    Current:         (15.742, 15.327, 15.137) A  Smoothed: (15.742, 15.327, 15.137003) A
    Vehicle Limits:  Min: 6 A  Max: 16 A  Known
    Phase:           L123
    Arrival:         02/24/2026 20:49:51  PlannedDeparture: 02/25/2026 00:08:23
    Required Energy: 69 kWh  Critical
    Exclude after:   
    Ignored till:    
    Schedule:        [16.0,16.0,16.0,0.0,0.0,0.0,0.0,0.0,0.0,0.0,0.0,0.0,0.0,0.0,0.0,0.0,0.0,0.0,0.0,0.0,0.0,0.0,0.0,0.0]
  22030428/2
    State:           Excluded {ChargingPausedByEv}
    Target:          0 A  Last: 0 A
    Current:         (0, 0, 0) A  Smoothed: (0, 0, 0) A
    Vehicle Limits:  Min: 6 A  Max: 16 A  Known
    Phase:           L123
    Arrival:         02/24/2026 19:36:48  PlannedDeparture: 02/25/2026 00:08:23
    Required Energy: 66.79999923706056 kWh  Critical
    Exclude after:   02/24/2026 23:29:45
    Ignored till:    
    Schedule:        [16.0,16.0,16.0,0.0,0.0,0.0,0.0,0.0,0.0,0.0,0.0,0.0,0.0,0.0,0.0,0.0,0.0,0.0,0.0,0.0,0.0,0.0,0.0,0.0]
2026-02-25 00:08:45 Verb  <#66> [Scheduler] - Instant solver finished in 303.6552 ms for 1/2 connectors
2026-02-25 00:08:45 Verb  <#66> [Scheduler] - Instant update result:
Available:   (32, 32, 32) A
Surplus:     (16, 16, 16)
Cluster Max: (32, 32, 32) A
Load Guard:
    Current:     (0, 0, 0; 0) A  Smoothed: (0, 0, 0) A
    Power:       (0, 0, 0: 0) kW
    Last Update: 01/01/0001 00:00:00  Offline
Connectors:
  22030428/1
    State:           Charging {Charging}
    Target:          16 A  Last: 16 A
    Current:         (15.742, 15.327, 15.137) A  Smoothed: (15.742, 15.327, 15.137001) A
    Vehicle Limits:  Min: 6 A  Max: 16 A  Known
    Phase:           L123
    Arrival:         02/24/2026 20:49:51  PlannedDeparture: 02/25/2026 00:08:23
    Required Energy: 69 kWh  Critical
    Exclude after:   
    Ignored till:    
    Schedule:        [16.0,16.0,16.0,0.0,0.0,0.0,0.0,0.0,0.0,0.0,0.0,0.0,0.0,0.0,0.0,0.0,0.0,0.0,0.0,0.0,0.0,0.0,0.0,0.0]
  22030428/2
    State:           Excluded {ChargingPausedByEv}
    Target:          0 A  Last: 0 A
    Current:         (0, 0, 0) A  Smoothed: (0, 0, 0) A
    Vehicle Limits:  Min: 6 A  Max: 16 A  Known
    Phase:           L123
    Arrival:         02/24/2026 19:36:48  PlannedDeparture: 02/25/2026 00:08:23
    Required Energy: 66.79999923706056 kWh  Critical
    Exclude after:   02/24/2026 23:29:45
    Ignored till:    
    Schedule:        [16.0,16.0,16.0,0.0,0.0,0.0,0.0,0.0,0.0,0.0,0.0,0.0,0.0,0.0,0.0,0.0,0.0,0.0,0.0,0.0,0.0,0.0,0.0,0.0]
2026-02-25 00:08:47 Verb  <#58> [Scheduler] - Instant solver finished in 170.7358 ms for 1/2 connectors
2026-02-25 00:08:47 Verb  <#58> [Scheduler] - Instant update result:
Available:   (32, 32, 32) A
Surplus:     (16, 16, 16)
Cluster Max: (32, 32, 32) A
Load Guard:
    Current:     (0, 0, 0; 0) A  Smoothed: (0, 0, 0) A
    Power:       (0, 0, 0: 0) kW
    Last Update: 01/01/0001 00:00:00  Offline
Connectors:
  22030428/1
    State:           Charging {Charging}
    Target:          16 A  Last: 16 A
    Current:         (15.742, 15.327, 15.137) A  Smoothed: (15.742, 15.327, 15.137) A
    Vehicle Limits:  Min: 6 A  Max: 16 A  Known
    Phase:           L123
    Arrival:         02/24/2026 20:49:51  PlannedDeparture: 02/25/2026 00:08:23
    Required Energy: 69 kWh  Critical
    Exclude after:   
    Ignored till:    
    Schedule:        [16.0,16.0,16.0,0.0,0.0,0.0,0.0,0.0,0.0,0.0,0.0,0.0,0.0,0.0,0.0,0.0,0.0,0.0,0.0,0.0,0.0,0.0,0.0,0.0]
  22030428/2
    State:           Excluded {ChargingPausedByEv}
    Target:          0 A  Last: 0 A
    Current:         (0, 0, 0) A  Smoothed: (0, 0, 0) A
    Vehicle Limits:  Min: 6 A  Max: 16 A  Known
    Phase:           L123
    Arrival:         02/24/2026 19:36:48  PlannedDeparture: 02/25/2026 00:08:23
    Required Energy: 66.79999923706056 kWh  Critical
    Exclude after:   02/24/2026 23:29:45
    Ignored till:    
    Schedule:        [16.0,16.0,16.0,0.0,0.0,0.0,0.0,0.0,0.0,0.0,0.0,0.0,0.0,0.0,0.0,0.0,0.0,0.0,0.0,0.0,0.0,0.0,0.0,0.0]
2026-02-25 00:08:49 Verb  <#66> [Scheduler] - Instant solver finished in 342.4298 ms for 1/2 connectors
2026-02-25 00:08:49 Verb  <#66> [Scheduler] - Instant update result:
Available:   (32, 32, 32) A
Surplus:     (16, 16, 16)
Cluster Max: (32, 32, 32) A
Load Guard:
    Current:     (0, 0, 0; 0) A  Smoothed: (0, 0, 0) A
    Power:       (0, 0, 0: 0) kW
    Last Update: 01/01/0001 00:00:00  Offline
Connectors:
  22030428/1
    State:           Charging {Charging}
    Target:          16 A  Last: 16 A
    Current:         (15.742, 15.327, 15.137) A  Smoothed: (15.742, 15.327, 15.137) A
    Vehicle Limits:  Min: 6 A  Max: 16 A  Known
    Phase:           L123
    Arrival:         02/24/2026 20:49:51  PlannedDeparture: 02/25/2026 00:08:23
    Required Energy: 69 kWh  Critical
    Exclude after:   
    Ignored till:    
    Schedule:        [16.0,16.0,16.0,0.0,0.0,0.0,0.0,0.0,0.0,0.0,0.0,0.0,0.0,0.0,0.0,0.0,0.0,0.0,0.0,0.0,0.0,0.0,0.0,0.0]
  22030428/2
    State:           Excluded {ChargingPausedByEv}
    Target:          0 A  Last: 0 A
    Current:         (0, 0, 0) A  Smoothed: (0, 0, 0) A
    Vehicle Limits:  Min: 6 A  Max: 16 A  Known
    Phase:           L123
    Arrival:         02/24/2026 19:36:48  PlannedDeparture: 02/25/2026 00:08:23
    Required Energy: 66.79999923706056 kWh  Critical
    Exclude after:   02/24/2026 23:29:45
    Ignored till:    
    Schedule:        [16.0,16.0,16.0,0.0,0.0,0.0,0.0,0.0,0.0,0.0,0.0,0.0,0.0,0.0,0.0,0.0,0.0,0.0,0.0,0.0,0.0,0.0,0.0,0.0]
2026-02-25 00:08:52 Verb  <#66> [Scheduler] - Instant solver finished in 97.147 ms for 1/2 connectors
2026-02-25 00:08:52 Verb  <#66> [Scheduler] - Instant update result:
Available:   (32, 32, 32) A
Surplus:     (16, 16, 16)
Cluster Max: (32, 32, 32) A
Load Guard:
    Current:     (0, 0, 0; 0) A  Smoothed: (0, 0, 0) A
    Power:       (0, 0, 0: 0) kW
    Last Update: 01/01/0001 00:00:00  Offline
Connectors:
  22030428/1
    State:           Charging {Charging}
    Target:          16 A  Last: 16 A
    Current:         (15.742, 15.327, 15.137) A  Smoothed: (15.742, 15.327, 15.137) A
    Vehicle Limits:  Min: 6 A  Max: 16 A  Known
    Phase:           L123
    Arrival:         02/24/2026 20:49:51  PlannedDeparture: 02/25/2026 00:08:23
    Required Energy: 69 kWh  Critical
    Exclude after:   
    Ignored till:    
    Schedule:        [16.0,16.0,16.0,0.0,0.0,0.0,0.0,0.0,0.0,0.0,0.0,0.0,0.0,0.0,0.0,0.0,0.0,0.0,0.0,0.0,0.0,0.0,0.0,0.0]
  22030428/2
    State:           Excluded {ChargingPausedByEv}
    Target:          0 A  Last: 0 A
    Current:         (0, 0, 0) A  Smoothed: (0, 0, 0) A
    Vehicle Limits:  Min: 6 A  Max: 16 A  Known
    Phase:           L123
    Arrival:         02/24/2026 19:36:48  PlannedDeparture: 02/25/2026 00:08:23
    Required Energy: 66.79999923706056 kWh  Critical
    Exclude after:   02/24/2026 23:29:45
    Ignored till:    
    Schedule:        [16.0,16.0,16.0,0.0,0.0,0.0,0.0,0.0,0.0,0.0,0.0,0.0,0.0,0.0,0.0,0.0,0.0,0.0,0.0,0.0,0.0,0.0,0.0,0.0]
2026-02-25 00:08:54 Verb  <#66> [Scheduler] - Instant solver finished in 105.4734 ms for 1/2 connectors
2026-02-25 00:08:54 Verb  <#66> [Scheduler] - Instant update result:
Available:   (32, 32, 32) A
Surplus:     (16, 16, 16)
Cluster Max: (32, 32, 32) A
Load Guard:
    Current:     (0, 0, 0; 0) A  Smoothed: (0, 0, 0) A
    Power:       (0, 0, 0: 0) kW
    Last Update: 01/01/0001 00:00:00  Offline
Connectors:
  22030428/1
    State:           Charging {Charging}
    Target:          16 A  Last: 16 A
    Current:         (15.725, 15.311, 15.161) A  Smoothed: (15.72772, 15.31356, 15.157161) A
    Vehicle Limits:  Min: 6 A  Max: 16 A  Known
    Phase:           L123
    Arrival:         02/24/2026 20:49:51  PlannedDeparture: 02/25/2026 00:08:53
    Required Energy: 69 kWh  Critical
    Exclude after:   
    Ignored till:    
    Schedule:        [16.0,16.0,16.0,0.0,0.0,0.0,0.0,0.0,0.0,0.0,0.0,0.0,0.0,0.0,0.0,0.0,0.0,0.0,0.0,0.0,0.0,0.0,0.0,0.0]
  22030428/2
    State:           Excluded {ChargingPausedByEv}
    Target:          0 A  Last: 0 A
    Current:         (0, 0, 0) A  Smoothed: (0, 0, 0) A
    Vehicle Limits:  Min: 6 A  Max: 16 A  Known
    Phase:           L123
    Arrival:         02/24/2026 19:36:48  PlannedDeparture: 02/25/2026 00:08:53
    Required Energy: 66.79999923706056 kWh  Critical
    Exclude after:   02/24/2026 23:29:45
    Ignored till:    
    Schedule:        [16.0,16.0,16.0,0.0,0.0,0.0,0.0,0.0,0.0,0.0,0.0,0.0,0.0,0.0,0.0,0.0,0.0,0.0,0.0,0.0,0.0,0.0,0.0,0.0]
2026-02-25 00:08:56 Verb  <#66> [Scheduler] - Instant solver finished in 86.4635 ms for 1/2 connectors
2026-02-25 00:08:56 Verb  <#66> [Scheduler] - Instant update result:
Available:   (32, 32, 32) A
Surplus:     (16, 16, 16)
Cluster Max: (32, 32, 32) A
Load Guard:
    Current:     (0, 0, 0; 0) A  Smoothed: (0, 0, 0) A
    Power:       (0, 0, 0: 0) kW
    Last Update: 01/01/0001 00:00:00  Offline
Connectors:
  22030428/1
    State:           Charging {Charging}
    Target:          16 A  Last: 16 A
    Current:         (15.738, 15.309, 15.156) A  Smoothed: (15.736355, 15.30973, 15.156186) A
    Vehicle Limits:  Min: 6 A  Max: 16 A  Known
    Phase:           L123
    Arrival:         02/24/2026 20:49:51  PlannedDeparture: 02/25/2026 00:08:53
    Required Energy: 69 kWh  Critical
    Exclude after:   
    Ignored till:    
    Schedule:        [16.0,16.0,16.0,0.0,0.0,0.0,0.0,0.0,0.0,0.0,0.0,0.0,0.0,0.0,0.0,0.0,0.0,0.0,0.0,0.0,0.0,0.0,0.0,0.0]
  22030428/2
    State:           Excluded {ChargingPausedByEv}
    Target:          0 A  Last: 0 A
    Current:         (0, 0, 0) A  Smoothed: (0, 0, 0) A
    Vehicle Limits:  Min: 6 A  Max: 16 A  Known
    Phase:           L123
    Arrival:         02/24/2026 19:36:48  PlannedDeparture: 02/25/2026 00:08:53
    Required Energy: 66.79999923706056 kWh  Critical
    Exclude after:   02/24/2026 23:29:45
    Ignored till:    
    Schedule:        [16.0,16.0,16.0,0.0,0.0,0.0,0.0,0.0,0.0,0.0,0.0,0.0,0.0,0.0,0.0,0.0,0.0,0.0,0.0,0.0,0.0,0.0,0.0,0.0]
2026-02-25 00:08:58 Verb  <#66> [Scheduler] - Instant solver finished in 105.1532 ms for 1/2 connectors
2026-02-25 00:08:58 Verb  <#66> [Scheduler] - Instant update result:
Available:   (32, 32, 32) A
Surplus:     (16, 16, 16)
Cluster Max: (32, 32, 32) A
Load Guard:
    Current:     (0, 0, 0; 0) A  Smoothed: (0, 0, 0) A
    Power:       (0, 0, 0: 0) kW
    Last Update: 01/01/0001 00:00:00  Offline
Connectors:
  22030428/1
    State:           Charging {Charging}
    Target:          16 A  Last: 16 A
    Current:         (15.738, 15.309, 15.156) A  Smoothed: (15.737342, 15.309292, 15.156075) A
    Vehicle Limits:  Min: 6 A  Max: 16 A  Known
    Phase:           L123
    Arrival:         02/24/2026 20:49:51  PlannedDeparture: 02/25/2026 00:08:53
    Required Energy: 69 kWh  Critical
    Exclude after:   
    Ignored till:    
    Schedule:        [16.0,16.0,16.0,0.0,0.0,0.0,0.0,0.0,0.0,0.0,0.0,0.0,0.0,0.0,0.0,0.0,0.0,0.0,0.0,0.0,0.0,0.0,0.0,0.0]
  22030428/2
    State:           Excluded {ChargingPausedByEv}
    Target:          0 A  Last: 0 A
    Current:         (0, 0, 0) A  Smoothed: (0, 0, 0) A
    Vehicle Limits:  Min: 6 A  Max: 16 A  Known
    Phase:           L123
    Arrival:         02/24/2026 19:36:48  PlannedDeparture: 02/25/2026 00:08:53
    Required Energy: 66.79999923706056 kWh  Critical
    Exclude after:   02/24/2026 23:29:45
    Ignored till:    
    Schedule:        [16.0,16.0,16.0,0.0,0.0,0.0,0.0,0.0,0.0,0.0,0.0,0.0,0.0,0.0,0.0,0.0,0.0,0.0,0.0,0.0,0.0,0.0,0.0,0.0]
2026-02-25 00:09:00 Verb  <#66> [Scheduler] - Instant solver finished in 102.8191 ms for 1/2 connectors
2026-02-25 00:09:00 Verb  <#66> [Scheduler] - Instant update result:
Available:   (32, 32, 32) A
Surplus:     (16, 16, 16)
Cluster Max: (32, 32, 32) A
Load Guard:
    Current:     (0, 0, 0; 0) A  Smoothed: (0, 0, 0) A
    Power:       (0, 0, 0: 0) kW
    Last Update: 01/01/0001 00:00:00  Offline
Connectors:
  22030428/1
    State:           Charging {Charging}
    Target:          16 A  Last: 16 A
    Current:         (15.738, 15.309, 15.156) A  Smoothed: (15.737737, 15.309116, 15.15603) A
    Vehicle Limits:  Min: 6 A  Max: 16 A  Known
    Phase:           L123
    Arrival:         02/24/2026 20:49:51  PlannedDeparture: 02/25/2026 00:08:53
    Required Energy: 69 kWh  Critical
    Exclude after:   
    Ignored till:    
    Schedule:        [16.0,16.0,16.0,0.0,0.0,0.0,0.0,0.0,0.0,0.0,0.0,0.0,0.0,0.0,0.0,0.0,0.0,0.0,0.0,0.0,0.0,0.0,0.0,0.0]
  22030428/2
    State:           Excluded {ChargingPausedByEv}
    Target:          0 A  Last: 0 A
    Current:         (0, 0, 0) A  Smoothed: (0, 0, 0) A
    Vehicle Limits:  Min: 6 A  Max: 16 A  Known
    Phase:           L123
    Arrival:         02/24/2026 19:36:48  PlannedDeparture: 02/25/2026 00:08:53
    Required Energy: 66.79999923706056 kWh  Critical
    Exclude after:   02/24/2026 23:29:45
    Ignored till:    
    Schedule:        [16.0,16.0,16.0,0.0,0.0,0.0,0.0,0.0,0.0,0.0,0.0,0.0,0.0,0.0,0.0,0.0,0.0,0.0,0.0,0.0,0.0,0.0,0.0,0.0]
2026-02-25 00:09:02 Verb  <#66> [Scheduler] - Instant solver finished in 116.2073 ms for 1/2 connectors
2026-02-25 00:09:02 Verb  <#66> [Scheduler] - Instant update result:
Available:   (32, 32, 32) A
Surplus:     (16, 16, 16)
Cluster Max: (32, 32, 32) A
Load Guard:
    Current:     (0, 0, 0; 0) A  Smoothed: (0, 0, 0) A
    Power:       (0, 0, 0: 0) kW
    Last Update: 01/01/0001 00:00:00  Offline
Connectors:
  22030428/1
    State:           Charging {Charging}
    Target:          16 A  Last: 16 A
    Current:         (15.738, 15.309, 15.156) A  Smoothed: (15.737895, 15.309047, 15.156012) A
    Vehicle Limits:  Min: 6 A  Max: 16 A  Known
    Phase:           L123
    Arrival:         02/24/2026 20:49:51  PlannedDeparture: 02/25/2026 00:08:53
    Required Energy: 69 kWh  Critical
    Exclude after:   
    Ignored till:    
    Schedule:        [16.0,16.0,16.0,0.0,0.0,0.0,0.0,0.0,0.0,0.0,0.0,0.0,0.0,0.0,0.0,0.0,0.0,0.0,0.0,0.0,0.0,0.0,0.0,0.0]
  22030428/2
    State:           Excluded {ChargingPausedByEv}
    Target:          0 A  Last: 0 A
    Current:         (0, 0, 0) A  Smoothed: (0, 0, 0) A
    Vehicle Limits:  Min: 6 A  Max: 16 A  Known
    Phase:           L123
    Arrival:         02/24/2026 19:36:48  PlannedDeparture: 02/25/2026 00:08:53
    Required Energy: 66.79999923706056 kWh  Critical
    Exclude after:   02/24/2026 23:29:45
    Ignored till:    
    Schedule:        [16.0,16.0,16.0,0.0,0.0,0.0,0.0,0.0,0.0,0.0,0.0,0.0,0.0,0.0,0.0,0.0,0.0,0.0,0.0,0.0,0.0,0.0,0.0,0.0]
2026-02-25 00:09:04 Verb  <#66> [Scheduler] - Instant solver finished in 129.4702 ms for 1/2 connectors
2026-02-25 00:09:04 Verb  <#66> [Scheduler] - Instant update result:
Available:   (32, 32, 32) A
Surplus:     (16, 16, 16)
Cluster Max: (32, 32, 32) A
Load Guard:
    Current:     (0, 0, 0; 0) A  Smoothed: (0, 0, 0) A
    Power:       (0, 0, 0: 0) kW
    Last Update: 01/01/0001 00:00:00  Offline
Connectors:
  22030428/1
    State:           Charging {Charging}
    Target:          16 A  Last: 16 A
    Current:         (15.738, 15.309, 15.156) A  Smoothed: (15.737958, 15.309019, 15.156005) A
    Vehicle Limits:  Min: 6 A  Max: 16 A  Known
    Phase:           L123
    Arrival:         02/24/2026 20:49:51  PlannedDeparture: 02/25/2026 00:08:53
    Required Energy: 69 kWh  Critical
    Exclude after:   
    Ignored till:    
    Schedule:        [16.0,16.0,16.0,0.0,0.0,0.0,0.0,0.0,0.0,0.0,0.0,0.0,0.0,0.0,0.0,0.0,0.0,0.0,0.0,0.0,0.0,0.0,0.0,0.0]
  22030428/2
    State:           Excluded {ChargingPausedByEv}
    Target:          0 A  Last: 0 A
    Current:         (0, 0, 0) A  Smoothed: (0, 0, 0) A
    Vehicle Limits:  Min: 6 A  Max: 16 A  Known
    Phase:           L123
    Arrival:         02/24/2026 19:36:48  PlannedDeparture: 02/25/2026 00:08:53
    Required Energy: 66.79999923706056 kWh  Critical
    Exclude after:   02/24/2026 23:29:45
    Ignored till:    
    Schedule:        [16.0,16.0,16.0,0.0,0.0,0.0,0.0,0.0,0.0,0.0,0.0,0.0,0.0,0.0,0.0,0.0,0.0,0.0,0.0,0.0,0.0,0.0,0.0,0.0]
2026-02-25 00:09:06 Verb  <#48> [Scheduler] - Instant solver finished in 173.7062 ms for 1/2 connectors
2026-02-25 00:09:06 Verb  <#48> [Scheduler] - Instant update result:
Available:   (32, 32, 32) A
Surplus:     (16, 16, 16)
Cluster Max: (32, 32, 32) A
Load Guard:
    Current:     (0, 0, 0; 0) A  Smoothed: (0, 0, 0) A
    Power:       (0, 0, 0: 0) kW
    Last Update: 01/01/0001 00:00:00  Offline
Connectors:
  22030428/1
    State:           Charging {Charging}
    Target:          16 A  Last: 16 A
    Current:         (15.738, 15.309, 15.156) A  Smoothed: (15.737983, 15.309008, 15.156002) A
    Vehicle Limits:  Min: 6 A  Max: 16 A  Known
    Phase:           L123
    Arrival:         02/24/2026 20:49:51  PlannedDeparture: 02/25/2026 00:08:53
    Required Energy: 69 kWh  Critical
    Exclude after:   
    Ignored till:    
    Schedule:        [16.0,16.0,16.0,0.0,0.0,0.0,0.0,0.0,0.0,0.0,0.0,0.0,0.0,0.0,0.0,0.0,0.0,0.0,0.0,0.0,0.0,0.0,0.0,0.0]
  22030428/2
    State:           Excluded {ChargingPausedByEv}
    Target:          0 A  Last: 0 A
    Current:         (0, 0, 0) A  Smoothed: (0, 0, 0) A
    Vehicle Limits:  Min: 6 A  Max: 16 A  Known
    Phase:           L123
    Arrival:         02/24/2026 19:36:48  PlannedDeparture: 02/25/2026 00:08:53
    Required Energy: 66.79999923706056 kWh  Critical
    Exclude after:   02/24/2026 23:29:45
    Ignored till:    
    Schedule:        [16.0,16.0,16.0,0.0,0.0,0.0,0.0,0.0,0.0,0.0,0.0,0.0,0.0,0.0,0.0,0.0,0.0,0.0,0.0,0.0,0.0,0.0,0.0,0.0]
2026-02-25 00:09:09 Verb  <#48> [Scheduler] - Instant solver finished in 175.5182 ms for 1/2 connectors
2026-02-25 00:09:09 Verb  <#48> [Scheduler] - Instant update result:
Available:   (32, 32, 32) A
Surplus:     (16, 16, 16)
Cluster Max: (32, 32, 32) A
Load Guard:
    Current:     (0, 0, 0; 0) A  Smoothed: (0, 0, 0) A
    Power:       (0, 0, 0: 0) kW
    Last Update: 01/01/0001 00:00:00  Offline
Connectors:
  22030428/1
    State:           Charging {Charging}
    Target:          16 A  Last: 16 A
    Current:         (15.738, 15.309, 15.156) A  Smoothed: (15.737993, 15.309003, 15.156001) A
    Vehicle Limits:  Min: 6 A  Max: 16 A  Known
    Phase:           L123
    Arrival:         02/24/2026 20:49:51  PlannedDeparture: 02/25/2026 00:08:53
    Required Energy: 69 kWh  Critical
    Exclude after:   
    Ignored till:    
    Schedule:        [16.0,16.0,16.0,0.0,0.0,0.0,0.0,0.0,0.0,0.0,0.0,0.0,0.0,0.0,0.0,0.0,0.0,0.0,0.0,0.0,0.0,0.0,0.0,0.0]
  22030428/2
    State:           Excluded {ChargingPausedByEv}
    Target:          0 A  Last: 0 A
    Current:         (0, 0, 0) A  Smoothed: (0, 0, 0) A
    Vehicle Limits:  Min: 6 A  Max: 16 A  Known
    Phase:           L123
    Arrival:         02/24/2026 19:36:48  PlannedDeparture: 02/25/2026 00:08:53
    Required Energy: 66.79999923706056 kWh  Critical
    Exclude after:   02/24/2026 23:29:45
    Ignored till:    
    Schedule:        [16.0,16.0,16.0,0.0,0.0,0.0,0.0,0.0,0.0,0.0,0.0,0.0,0.0,0.0,0.0,0.0,0.0,0.0,0.0,0.0,0.0,0.0,0.0,0.0]
2026-02-25 00:09:11 Verb  <#66> [Scheduler] - Instant solver finished in 83.2334 ms for 1/2 connectors
2026-02-25 00:09:11 Verb  <#66> [Scheduler] - Instant update result:
Available:   (32, 32, 32) A
Surplus:     (16, 16, 16)
Cluster Max: (32, 32, 32) A
Load Guard:
    Current:     (0, 0, 0; 0) A  Smoothed: (0, 0, 0) A
    Power:       (0, 0, 0: 0) kW
    Last Update: 01/01/0001 00:00:00  Offline
Connectors:
  22030428/1
    State:           Charging {Charging}
    Target:          16 A  Last: 16 A
    Current:         (15.738, 15.309, 15.156) A  Smoothed: (15.737997, 15.309001, 15.156) A
    Vehicle Limits:  Min: 6 A  Max: 16 A  Known
    Phase:           L123
    Arrival:         02/24/2026 20:49:51  PlannedDeparture: 02/25/2026 00:08:53
    Required Energy: 69 kWh  Critical
    Exclude after:   
    Ignored till:    
    Schedule:        [16.0,16.0,16.0,0.0,0.0,0.0,0.0,0.0,0.0,0.0,0.0,0.0,0.0,0.0,0.0,0.0,0.0,0.0,0.0,0.0,0.0,0.0,0.0,0.0]
  22030428/2
    State:           Excluded {ChargingPausedByEv}
    Target:          0 A  Last: 0 A
    Current:         (0, 0, 0) A  Smoothed: (0, 0, 0) A
    Vehicle Limits:  Min: 6 A  Max: 16 A  Known
    Phase:           L123
    Arrival:         02/24/2026 19:36:48  PlannedDeparture: 02/25/2026 00:08:53
    Required Energy: 66.79999923706056 kWh  Critical
    Exclude after:   02/24/2026 23:29:45
    Ignored till:    
    Schedule:        [16.0,16.0,16.0,0.0,0.0,0.0,0.0,0.0,0.0,0.0,0.0,0.0,0.0,0.0,0.0,0.0,0.0,0.0,0.0,0.0,0.0,0.0,0.0,0.0]
2026-02-25 00:09:13 Verb  <#66> [Scheduler] - Instant solver finished in 146.4314 ms for 1/2 connectors
2026-02-25 00:09:13 Verb  <#66> [Scheduler] - Instant update result:
Available:   (32, 32, 32) A
Surplus:     (16, 16, 16)
Cluster Max: (32, 32, 32) A
Load Guard:
    Current:     (0, 0, 0; 0) A  Smoothed: (0, 0, 0) A
    Power:       (0, 0, 0: 0) kW
    Last Update: 01/01/0001 00:00:00  Offline
Connectors:
  22030428/1
    State:           Charging {Charging}
    Target:          16 A  Last: 16 A
    Current:         (15.738, 15.309, 15.156) A  Smoothed: (15.737999, 15.309, 15.156) A
    Vehicle Limits:  Min: 6 A  Max: 16 A  Known
    Phase:           L123
    Arrival:         02/24/2026 20:49:51  PlannedDeparture: 02/25/2026 00:08:53
    Required Energy: 69 kWh  Critical
    Exclude after:   
    Ignored till:    
    Schedule:        [16.0,16.0,16.0,0.0,0.0,0.0,0.0,0.0,0.0,0.0,0.0,0.0,0.0,0.0,0.0,0.0,0.0,0.0,0.0,0.0,0.0,0.0,0.0,0.0]
  22030428/2
    State:           Excluded {ChargingPausedByEv}
    Target:          0 A  Last: 0 A
    Current:         (0, 0, 0) A  Smoothed: (0, 0, 0) A
    Vehicle Limits:  Min: 6 A  Max: 16 A  Known
    Phase:           L123
    Arrival:         02/24/2026 19:36:48  PlannedDeparture: 02/25/2026 00:08:53
    Required Energy: 66.79999923706056 kWh  Critical
    Exclude after:   02/24/2026 23:29:45
    Ignored till:    
    Schedule:        [16.0,16.0,16.0,0.0,0.0,0.0,0.0,0.0,0.0,0.0,0.0,0.0,0.0,0.0,0.0,0.0,0.0,0.0,0.0,0.0,0.0,0.0,0.0,0.0]
2026-02-25 00:09:15 Verb  <#66> [Scheduler] - Instant solver finished in 240.2171 ms for 1/2 connectors
2026-02-25 00:09:15 Verb  <#66> [Scheduler] - Instant update result:
Available:   (32, 32, 32) A
Surplus:     (16, 16, 16)
Cluster Max: (32, 32, 32) A
Load Guard:
    Current:     (0, 0, 0; 0) A  Smoothed: (0, 0, 0) A
    Power:       (0, 0, 0: 0) kW
    Last Update: 01/01/0001 00:00:00  Offline
Connectors:
  22030428/1
    State:           Charging {Charging}
    Target:          16 A  Last: 16 A
    Current:         (15.738, 15.309, 15.156) A  Smoothed: (15.738, 15.309, 15.156) A
    Vehicle Limits:  Min: 6 A  Max: 16 A  Known
    Phase:           L123
    Arrival:         02/24/2026 20:49:51  PlannedDeparture: 02/25/2026 00:08:53
    Required Energy: 69 kWh  Critical
    Exclude after:   
    Ignored till:    
    Schedule:        [16.0,16.0,16.0,0.0,0.0,0.0,0.0,0.0,0.0,0.0,0.0,0.0,0.0,0.0,0.0,0.0,0.0,0.0,0.0,0.0,0.0,0.0,0.0,0.0]
  22030428/2
    State:           Excluded {ChargingPausedByEv}
    Target:          0 A  Last: 0 A
    Current:         (0, 0, 0) A  Smoothed: (0, 0, 0) A
    Vehicle Limits:  Min: 6 A  Max: 16 A  Known
    Phase:           L123
    Arrival:         02/24/2026 19:36:48  PlannedDeparture: 02/25/2026 00:08:53
    Required Energy: 66.79999923706056 kWh  Critical
    Exclude after:   02/24/2026 23:29:45
    Ignored till:    
    Schedule:        [16.0,16.0,16.0,0.0,0.0,0.0,0.0,0.0,0.0,0.0,0.0,0.0,0.0,0.0,0.0,0.0,0.0,0.0,0.0,0.0,0.0,0.0,0.0,0.0]
2026-02-25 00:09:17 Verb  <#58> [Scheduler] - Instant solver finished in 138.2821 ms for 1/2 connectors
2026-02-25 00:09:17 Verb  <#58> [Scheduler] - Instant update result:
Available:   (32, 32, 32) A
Surplus:     (16, 16, 16)
Cluster Max: (32, 32, 32) A
Load Guard:
    Current:     (0, 0, 0; 0) A  Smoothed: (0, 0, 0) A
    Power:       (0, 0, 0: 0) kW
    Last Update: 01/01/0001 00:00:00  Offline
Connectors:
  22030428/1
    State:           Charging {Charging}
    Target:          16 A  Last: 16 A
    Current:         (15.738, 15.309, 15.156) A  Smoothed: (15.738, 15.309, 15.156) A
    Vehicle Limits:  Min: 6 A  Max: 16 A  Known
    Phase:           L123
    Arrival:         02/24/2026 20:49:51  PlannedDeparture: 02/25/2026 00:08:53
    Required Energy: 69 kWh  Critical
    Exclude after:   
    Ignored till:    
    Schedule:        [16.0,16.0,16.0,0.0,0.0,0.0,0.0,0.0,0.0,0.0,0.0,0.0,0.0,0.0,0.0,0.0,0.0,0.0,0.0,0.0,0.0,0.0,0.0,0.0]
  22030428/2
    State:           Excluded {ChargingPausedByEv}
    Target:          0 A  Last: 0 A
    Current:         (0, 0, 0) A  Smoothed: (0, 0, 0) A
    Vehicle Limits:  Min: 6 A  Max: 16 A  Known
    Phase:           L123
    Arrival:         02/24/2026 19:36:48  PlannedDeparture: 02/25/2026 00:08:53
    Required Energy: 66.79999923706056 kWh  Critical
    Exclude after:   02/24/2026 23:29:45
    Ignored till:    
    Schedule:        [16.0,16.0,16.0,0.0,0.0,0.0,0.0,0.0,0.0,0.0,0.0,0.0,0.0,0.0,0.0,0.0,0.0,0.0,0.0,0.0,0.0,0.0,0.0,0.0]
2026-02-25 00:09:19 Verb  <#58> [Scheduler] - Instant solver finished in 137.479 ms for 1/2 connectors
2026-02-25 00:09:19 Verb  <#58> [Scheduler] - Instant update result:
Available:   (32, 32, 32) A
Surplus:     (16, 16, 16)
Cluster Max: (32, 32, 32) A
Load Guard:
    Current:     (0, 0, 0; 0) A  Smoothed: (0, 0, 0) A
    Power:       (0, 0, 0: 0) kW
    Last Update: 01/01/0001 00:00:00  Offline
Connectors:
  22030428/1
    State:           Charging {Charging}
    Target:          16 A  Last: 16 A
    Current:         (15.738, 15.309, 15.156) A  Smoothed: (15.738, 15.309, 15.156) A
    Vehicle Limits:  Min: 6 A  Max: 16 A  Known
    Phase:           L123
    Arrival:         02/24/2026 20:49:51  PlannedDeparture: 02/25/2026 00:08:53
    Required Energy: 69 kWh  Critical
    Exclude after:   
    Ignored till:    
    Schedule:        [16.0,16.0,16.0,0.0,0.0,0.0,0.0,0.0,0.0,0.0,0.0,0.0,0.0,0.0,0.0,0.0,0.0,0.0,0.0,0.0,0.0,0.0,0.0,0.0]
  22030428/2
    State:           Excluded {ChargingPausedByEv}
    Target:          0 A  Last: 0 A
    Current:         (0, 0, 0) A  Smoothed: (0, 0, 0) A
    Vehicle Limits:  Min: 6 A  Max: 16 A  Known
    Phase:           L123
    Arrival:         02/24/2026 19:36:48  PlannedDeparture: 02/25/2026 00:08:53
    Required Energy: 66.79999923706056 kWh  Critical
    Exclude after:   02/24/2026 23:29:45
    Ignored till:    
    Schedule:        [16.0,16.0,16.0,0.0,0.0,0.0,0.0,0.0,0.0,0.0,0.0,0.0,0.0,0.0,0.0,0.0,0.0,0.0,0.0,0.0,0.0,0.0,0.0,0.0]
2026-02-25 00:09:22 Verb  <#66> [Scheduler] - Instant solver finished in 81.3669 ms for 1/2 connectors
2026-02-25 00:09:22 Verb  <#66> [Scheduler] - Instant update result:
Available:   (32, 32, 32) A
Surplus:     (16, 16, 16)
Cluster Max: (32, 32, 32) A
Load Guard:
    Current:     (0, 0, 0; 0) A  Smoothed: (0, 0, 0) A
    Power:       (0, 0, 0: 0) kW
    Last Update: 01/01/0001 00:00:00  Offline
Connectors:
  22030428/1
    State:           Charging {Charging}
    Target:          16 A  Last: 16 A
    Current:         (15.738, 15.309, 15.156) A  Smoothed: (15.738, 15.309, 15.156) A
    Vehicle Limits:  Min: 6 A  Max: 16 A  Known
    Phase:           L123
    Arrival:         02/24/2026 20:49:51  PlannedDeparture: 02/25/2026 00:08:53
    Required Energy: 69 kWh  Critical
    Exclude after:   
    Ignored till:    
    Schedule:        [16.0,16.0,16.0,0.0,0.0,0.0,0.0,0.0,0.0,0.0,0.0,0.0,0.0,0.0,0.0,0.0,0.0,0.0,0.0,0.0,0.0,0.0,0.0,0.0]
  22030428/2
    State:           Excluded {ChargingPausedByEv}
    Target:          0 A  Last: 0 A
    Current:         (0, 0, 0) A  Smoothed: (0, 0, 0) A
    Vehicle Limits:  Min: 6 A  Max: 16 A  Known
    Phase:           L123
    Arrival:         02/24/2026 19:36:48  PlannedDeparture: 02/25/2026 00:08:53
    Required Energy: 66.79999923706056 kWh  Critical
    Exclude after:   02/24/2026 23:29:45
    Ignored till:    
    Schedule:        [16.0,16.0,16.0,0.0,0.0,0.0,0.0,0.0,0.0,0.0,0.0,0.0,0.0,0.0,0.0,0.0,0.0,0.0,0.0,0.0,0.0,0.0,0.0,0.0]
2026-02-25 00:09:24 Verb  <#58> [Scheduler] - Instant solver finished in 86.4195 ms for 1/2 connectors
2026-02-25 00:09:24 Verb  <#58> [Scheduler] - Instant update result:
Available:   (32, 32, 32) A
Surplus:     (16, 16, 16)
Cluster Max: (32, 32, 32) A
Load Guard:
    Current:     (0, 0, 0; 0) A  Smoothed: (0, 0, 0) A
    Power:       (0, 0, 0: 0) kW
    Last Update: 01/01/0001 00:00:00  Offline
Connectors:
  22030428/1
    State:           Charging {Charging}
    Target:          16 A  Last: 16 A
    Current:         (15.754, 15.312, 15.144) A  Smoothed: (15.75144, 15.311521, 15.14592) A
    Vehicle Limits:  Min: 6 A  Max: 16 A  Known
    Phase:           L123
    Arrival:         02/24/2026 20:49:51  PlannedDeparture: 02/25/2026 00:09:23
    Required Energy: 68.89999961853029 kWh  Critical
    Exclude after:   
    Ignored till:    
    Schedule:        [16.0,16.0,16.0,0.0,0.0,0.0,0.0,0.0,0.0,0.0,0.0,0.0,0.0,0.0,0.0,0.0,0.0,0.0,0.0,0.0,0.0,0.0,0.0,0.0]
  22030428/2
    State:           Excluded {ChargingPausedByEv}
    Target:          0 A  Last: 0 A
    Current:         (0, 0, 0) A  Smoothed: (0, 0, 0) A
    Vehicle Limits:  Min: 6 A  Max: 16 A  Known
    Phase:           L123
    Arrival:         02/24/2026 19:36:48  PlannedDeparture: 02/25/2026 00:09:23
    Required Energy: 66.79999923706056 kWh  Critical
    Exclude after:   02/24/2026 23:29:45
    Ignored till:    
    Schedule:        [16.0,16.0,16.0,0.0,0.0,0.0,0.0,0.0,0.0,0.0,0.0,0.0,0.0,0.0,0.0,0.0,0.0,0.0,0.0,0.0,0.0,0.0,0.0,0.0]
2026-02-25 00:09:26 Verb  <#36> [Scheduler] - Instant solver finished in 136.1024 ms for 1/2 connectors
2026-02-25 00:09:26 Verb  <#36> [Scheduler] - Instant update result:
Available:   (32, 32, 32) A
Surplus:     (16, 16, 16)
Cluster Max: (32, 32, 32) A
Load Guard:
    Current:     (0, 0, 0; 0) A  Smoothed: (0, 0, 0) A
    Power:       (0, 0, 0: 0) kW
    Last Update: 01/01/0001 00:00:00  Offline
Connectors:
  22030428/1
    State:           Charging {Charging}
    Target:          16 A  Last: 16 A
    Current:         (15.754, 15.312, 15.144) A  Smoothed: (15.752975, 15.311809, 15.144768) A
    Vehicle Limits:  Min: 6 A  Max: 16 A  Known
    Phase:           L123
    Arrival:         02/24/2026 20:49:51  PlannedDeparture: 02/25/2026 00:09:23
    Required Energy: 68.89999961853029 kWh  Critical
    Exclude after:   
    Ignored till:    
    Schedule:        [16.0,16.0,16.0,0.0,0.0,0.0,0.0,0.0,0.0,0.0,0.0,0.0,0.0,0.0,0.0,0.0,0.0,0.0,0.0,0.0,0.0,0.0,0.0,0.0]
  22030428/2
    State:           Excluded {ChargingPausedByEv}
    Target:          0 A  Last: 0 A
    Current:         (0, 0, 0) A  Smoothed: (0, 0, 0) A
    Vehicle Limits:  Min: 6 A  Max: 16 A  Known
    Phase:           L123
    Arrival:         02/24/2026 19:36:48  PlannedDeparture: 02/25/2026 00:09:23
    Required Energy: 66.79999923706056 kWh  Critical
    Exclude after:   02/24/2026 23:29:45
    Ignored till:    
    Schedule:        [16.0,16.0,16.0,0.0,0.0,0.0,0.0,0.0,0.0,0.0,0.0,0.0,0.0,0.0,0.0,0.0,0.0,0.0,0.0,0.0,0.0,0.0,0.0,0.0]
2026-02-25 00:09:28 Verb  <#36> [Scheduler] - Instant solver finished in 292.08 ms for 1/2 connectors
2026-02-25 00:09:28 Verb  <#36> [Scheduler] - Instant update result:
Available:   (32, 32, 32) A
Surplus:     (16, 16, 16)
Cluster Max: (32, 32, 32) A
Load Guard:
    Current:     (0, 0, 0; 0) A  Smoothed: (0, 0, 0) A
    Power:       (0, 0, 0: 0) kW
    Last Update: 01/01/0001 00:00:00  Offline
Connectors:
  22030428/1
    State:           Charging {Charging}
    Target:          16 A  Last: 16 A
    Current:         (15.754, 15.312, 15.144) A  Smoothed: (15.75359, 15.311924, 15.144307) A
    Vehicle Limits:  Min: 6 A  Max: 16 A  Known
    Phase:           L123
    Arrival:         02/24/2026 20:49:51  PlannedDeparture: 02/25/2026 00:09:23
    Required Energy: 68.89999961853029 kWh  Critical
    Exclude after:   
    Ignored till:    
    Schedule:        [16.0,16.0,16.0,0.0,0.0,0.0,0.0,0.0,0.0,0.0,0.0,0.0,0.0,0.0,0.0,0.0,0.0,0.0,0.0,0.0,0.0,0.0,0.0,0.0]
  22030428/2
    State:           Excluded {ChargingPausedByEv}
    Target:          0 A  Last: 0 A
    Current:         (0, 0, 0) A  Smoothed: (0, 0, 0) A
    Vehicle Limits:  Min: 6 A  Max: 16 A  Known
    Phase:           L123
    Arrival:         02/24/2026 19:36:48  PlannedDeparture: 02/25/2026 00:09:23
    Required Energy: 66.79999923706056 kWh  Critical
    Exclude after:   02/24/2026 23:29:45
    Ignored till:    
    Schedule:        [16.0,16.0,16.0,0.0,0.0,0.0,0.0,0.0,0.0,0.0,0.0,0.0,0.0,0.0,0.0,0.0,0.0,0.0,0.0,0.0,0.0,0.0,0.0,0.0]
2026-02-25 00:09:30 Verb  <#36> [Scheduler] - Instant solver finished in 83.8076 ms for 1/2 connectors
2026-02-25 00:09:30 Verb  <#36> [Scheduler] - Instant update result:
Available:   (32, 32, 32) A
Surplus:     (16, 16, 16)
Cluster Max: (32, 32, 32) A
Load Guard:
    Current:     (0, 0, 0; 0) A  Smoothed: (0, 0, 0) A
    Power:       (0, 0, 0: 0) kW
    Last Update: 01/01/0001 00:00:00  Offline
Connectors:
  22030428/1
    State:           Charging {Charging}
    Target:          16 A  Last: 16 A
    Current:         (15.727, 15.27, 15.124) A  Smoothed: (15.731255, 15.276709, 15.127249) A
    Vehicle Limits:  Min: 6 A  Max: 16 A  Known
    Phase:           L123
    Arrival:         02/24/2026 20:49:51  PlannedDeparture: 02/25/2026 00:09:23
    Required Energy: 68.89999961853029 kWh  Critical
    Exclude after:   
    Ignored till:    
    Schedule:        [16.0,16.0,16.0,0.0,0.0,0.0,0.0,0.0,0.0,0.0,0.0,0.0,0.0,0.0,0.0,0.0,0.0,0.0,0.0,0.0,0.0,0.0,0.0,0.0]
  22030428/2
    State:           Excluded {ChargingPausedByEv}
    Target:          0 A  Last: 0 A
    Current:         (0, 0, 0) A  Smoothed: (0, 0, 0) A
    Vehicle Limits:  Min: 6 A  Max: 16 A  Known
    Phase:           L123
    Arrival:         02/24/2026 19:36:48  PlannedDeparture: 02/25/2026 00:09:23
    Required Energy: 66.79999923706056 kWh  Critical
    Exclude after:   02/24/2026 23:29:45
    Ignored till:    
    Schedule:        [16.0,16.0,16.0,0.0,0.0,0.0,0.0,0.0,0.0,0.0,0.0,0.0,0.0,0.0,0.0,0.0,0.0,0.0,0.0,0.0,0.0,0.0,0.0,0.0]
2026-02-25 00:09:33 Verb  <#58> [Scheduler] - Instant solver finished in 205.889 ms for 1/2 connectors
2026-02-25 00:09:33 Verb  <#58> [Scheduler] - Instant update result:
Available:   (32, 32, 32) A
Surplus:     (16, 16, 16)
Cluster Max: (32, 32, 32) A
Load Guard:
    Current:     (0, 0, 0; 0) A  Smoothed: (0, 0, 0) A
    Power:       (0, 0, 0: 0) kW
    Last Update: 01/01/0001 00:00:00  Offline
Connectors:
  22030428/1
    State:           Charging {Charging}
    Target:          16 A  Last: 16 A
    Current:         (15.727, 15.27, 15.124) A  Smoothed: (15.728702, 15.272684, 15.125299) A
    Vehicle Limits:  Min: 6 A  Max: 16 A  Known
    Phase:           L123
    Arrival:         02/24/2026 20:49:51  PlannedDeparture: 02/25/2026 00:09:23
    Required Energy: 68.89999961853029 kWh  Critical
    Exclude after:   
    Ignored till:    
    Schedule:        [16.0,16.0,16.0,0.0,0.0,0.0,0.0,0.0,0.0,0.0,0.0,0.0,0.0,0.0,0.0,0.0,0.0,0.0,0.0,0.0,0.0,0.0,0.0,0.0]
  22030428/2
    State:           Excluded {ChargingPausedByEv}
    Target:          0 A  Last: 0 A
    Current:         (0, 0, 0) A  Smoothed: (0, 0, 0) A
    Vehicle Limits:  Min: 6 A  Max: 16 A  Known
    Phase:           L123
    Arrival:         02/24/2026 19:36:48  PlannedDeparture: 02/25/2026 00:09:23
    Required Energy: 66.79999923706056 kWh  Critical
    Exclude after:   02/24/2026 23:29:45
    Ignored till:    
    Schedule:        [16.0,16.0,16.0,0.0,0.0,0.0,0.0,0.0,0.0,0.0,0.0,0.0,0.0,0.0,0.0,0.0,0.0,0.0,0.0,0.0,0.0,0.0,0.0,0.0]
2026-02-25 00:09:35 Verb  <#58> [Scheduler] - Instant solver finished in 85.7184 ms for 1/2 connectors
2026-02-25 00:09:35 Verb  <#58> [Scheduler] - Instant update result:
Available:   (32, 32, 32) A
Surplus:     (16, 16, 16)
Cluster Max: (32, 32, 32) A
Load Guard:
    Current:     (0, 0, 0; 0) A  Smoothed: (0, 0, 0) A
    Power:       (0, 0, 0: 0) kW
    Last Update: 01/01/0001 00:00:00  Offline
Connectors:
  22030428/1
    State:           Charging {Charging}
    Target:          16 A  Last: 16 A
    Current:         (15.727, 15.27, 15.124) A  Smoothed: (15.727681, 15.271074, 15.124519) A
    Vehicle Limits:  Min: 6 A  Max: 16 A  Known
    Phase:           L123
    Arrival:         02/24/2026 20:49:51  PlannedDeparture: 02/25/2026 00:09:23
    Required Energy: 68.89999961853029 kWh  Critical
    Exclude after:   
    Ignored till:    
    Schedule:        [16.0,16.0,16.0,0.0,0.0,0.0,0.0,0.0,0.0,0.0,0.0,0.0,0.0,0.0,0.0,0.0,0.0,0.0,0.0,0.0,0.0,0.0,0.0,0.0]
  22030428/2
    State:           Excluded {ChargingPausedByEv}
    Target:          0 A  Last: 0 A
    Current:         (0, 0, 0) A  Smoothed: (0, 0, 0) A
    Vehicle Limits:  Min: 6 A  Max: 16 A  Known
    Phase:           L123
    Arrival:         02/24/2026 19:36:48  PlannedDeparture: 02/25/2026 00:09:23
    Required Energy: 66.79999923706056 kWh  Critical
    Exclude after:   02/24/2026 23:29:45
    Ignored till:    
    Schedule:        [16.0,16.0,16.0,0.0,0.0,0.0,0.0,0.0,0.0,0.0,0.0,0.0,0.0,0.0,0.0,0.0,0.0,0.0,0.0,0.0,0.0,0.0,0.0,0.0]
2026-02-25 00:09:37 Verb  <#58> [Scheduler] - Instant solver finished in 107.5778 ms for 1/2 connectors
2026-02-25 00:09:37 Verb  <#58> [Scheduler] - Instant update result:
Available:   (32, 32, 32) A
Surplus:     (16, 16, 16)
Cluster Max: (32, 32, 32) A
Load Guard:
    Current:     (0, 0, 0; 0) A  Smoothed: (0, 0, 0) A
    Power:       (0, 0, 0: 0) kW
    Last Update: 01/01/0001 00:00:00  Offline
Connectors:
  22030428/1
    State:           Charging {Charging}
    Target:          16 A  Last: 16 A
    Current:         (15.727, 15.27, 15.124) A  Smoothed: (15.727273, 15.27043, 15.1242075) A
    Vehicle Limits:  Min: 6 A  Max: 16 A  Known
    Phase:           L123
    Arrival:         02/24/2026 20:49:51  PlannedDeparture: 02/25/2026 00:09:23
    Required Energy: 68.89999961853029 kWh  Critical
    Exclude after:   
    Ignored till:    
    Schedule:        [16.0,16.0,16.0,0.0,0.0,0.0,0.0,0.0,0.0,0.0,0.0,0.0,0.0,0.0,0.0,0.0,0.0,0.0,0.0,0.0,0.0,0.0,0.0,0.0]
  22030428/2
    State:           Excluded {ChargingPausedByEv}
    Target:          0 A  Last: 0 A
    Current:         (0, 0, 0) A  Smoothed: (0, 0, 0) A
    Vehicle Limits:  Min: 6 A  Max: 16 A  Known
    Phase:           L123
    Arrival:         02/24/2026 19:36:48  PlannedDeparture: 02/25/2026 00:09:23
    Required Energy: 66.79999923706056 kWh  Critical
    Exclude after:   02/24/2026 23:29:45
    Ignored till:    
    Schedule:        [16.0,16.0,16.0,0.0,0.0,0.0,0.0,0.0,0.0,0.0,0.0,0.0,0.0,0.0,0.0,0.0,0.0,0.0,0.0,0.0,0.0,0.0,0.0,0.0]
2026-02-25 00:09:39 Verb  <#58> [Scheduler] - Instant solver finished in 84.2814 ms for 1/2 connectors
2026-02-25 00:09:39 Verb  <#58> [Scheduler] - Instant update result:
Available:   (32, 32, 32) A
Surplus:     (16, 16, 16)
Cluster Max: (32, 32, 32) A
Load Guard:
    Current:     (0, 0, 0; 0) A  Smoothed: (0, 0, 0) A
    Power:       (0, 0, 0: 0) kW
    Last Update: 01/01/0001 00:00:00  Offline
Connectors:
  22030428/1
    State:           Charging {Charging}
    Target:          16 A  Last: 16 A
    Current:         (15.727, 15.27, 15.124) A  Smoothed: (15.727109, 15.270172, 15.124083) A
    Vehicle Limits:  Min: 6 A  Max: 16 A  Known
    Phase:           L123
    Arrival:         02/24/2026 20:49:51  PlannedDeparture: 02/25/2026 00:09:23
    Required Energy: 68.89999961853029 kWh  Critical
    Exclude after:   
    Ignored till:    
    Schedule:        [16.0,16.0,16.0,0.0,0.0,0.0,0.0,0.0,0.0,0.0,0.0,0.0,0.0,0.0,0.0,0.0,0.0,0.0,0.0,0.0,0.0,0.0,0.0,0.0]
  22030428/2
    State:           Excluded {ChargingPausedByEv}
    Target:          0 A  Last: 0 A
    Current:         (0, 0, 0) A  Smoothed: (0, 0, 0) A
    Vehicle Limits:  Min: 6 A  Max: 16 A  Known
    Phase:           L123
    Arrival:         02/24/2026 19:36:48  PlannedDeparture: 02/25/2026 00:09:23
    Required Energy: 66.79999923706056 kWh  Critical
    Exclude after:   02/24/2026 23:29:45
    Ignored till:    
    Schedule:        [16.0,16.0,16.0,0.0,0.0,0.0,0.0,0.0,0.0,0.0,0.0,0.0,0.0,0.0,0.0,0.0,0.0,0.0,0.0,0.0,0.0,0.0,0.0,0.0]
2026-02-25 00:09:41 Verb  <#58> [Scheduler] - Instant solver finished in 90.2078 ms for 1/2 connectors
2026-02-25 00:09:41 Verb  <#58> [Scheduler] - Instant update result:
Available:   (32, 32, 32) A
Surplus:     (16, 16, 16)
Cluster Max: (32, 32, 32) A
Load Guard:
    Current:     (0, 0, 0; 0) A  Smoothed: (0, 0, 0) A
    Power:       (0, 0, 0: 0) kW
    Last Update: 01/01/0001 00:00:00  Offline
Connectors:
  22030428/1
    State:           Charging {Charging}
    Target:          16 A  Last: 16 A
    Current:         (15.727, 15.27, 15.124) A  Smoothed: (15.727044, 15.270069, 15.124033) A
    Vehicle Limits:  Min: 6 A  Max: 16 A  Known
    Phase:           L123
    Arrival:         02/24/2026 20:49:51  PlannedDeparture: 02/25/2026 00:09:23
    Required Energy: 68.89999961853029 kWh  Critical
    Exclude after:   
    Ignored till:    
    Schedule:        [16.0,16.0,16.0,0.0,0.0,0.0,0.0,0.0,0.0,0.0,0.0,0.0,0.0,0.0,0.0,0.0,0.0,0.0,0.0,0.0,0.0,0.0,0.0,0.0]
  22030428/2
    State:           Excluded {ChargingPausedByEv}
    Target:          0 A  Last: 0 A
    Current:         (0, 0, 0) A  Smoothed: (0, 0, 0) A
    Vehicle Limits:  Min: 6 A  Max: 16 A  Known
    Phase:           L123
    Arrival:         02/24/2026 19:36:48  PlannedDeparture: 02/25/2026 00:09:23
    Required Energy: 66.79999923706056 kWh  Critical
    Exclude after:   02/24/2026 23:29:45
    Ignored till:    
    Schedule:        [16.0,16.0,16.0,0.0,0.0,0.0,0.0,0.0,0.0,0.0,0.0,0.0,0.0,0.0,0.0,0.0,0.0,0.0,0.0,0.0,0.0,0.0,0.0,0.0]
2026-02-25 00:09:43 Verb  <#58> [Scheduler] - Instant solver finished in 227.6468 ms for 1/2 connectors
2026-02-25 00:09:43 Verb  <#58> [Scheduler] - Instant update result:
Available:   (32, 32, 32) A
Surplus:     (16, 16, 16)
Cluster Max: (32, 32, 32) A
Load Guard:
    Current:     (0, 0, 0; 0) A  Smoothed: (0, 0, 0) A
    Power:       (0, 0, 0: 0) kW
    Last Update: 01/01/0001 00:00:00  Offline
Connectors:
  22030428/1
    State:           Charging {Charging}
    Target:          16 A  Last: 16 A
    Current:         (15.727, 15.27, 15.124) A  Smoothed: (15.727017, 15.270028, 15.124013) A
    Vehicle Limits:  Min: 6 A  Max: 16 A  Known
    Phase:           L123
    Arrival:         02/24/2026 20:49:51  PlannedDeparture: 02/25/2026 00:09:23
    Required Energy: 68.89999961853029 kWh  Critical
    Exclude after:   
    Ignored till:    
    Schedule:        [16.0,16.0,16.0,0.0,0.0,0.0,0.0,0.0,0.0,0.0,0.0,0.0,0.0,0.0,0.0,0.0,0.0,0.0,0.0,0.0,0.0,0.0,0.0,0.0]
  22030428/2
    State:           Excluded {ChargingPausedByEv}
    Target:          0 A  Last: 0 A
    Current:         (0, 0, 0) A  Smoothed: (0, 0, 0) A
    Vehicle Limits:  Min: 6 A  Max: 16 A  Known
    Phase:           L123
    Arrival:         02/24/2026 19:36:48  PlannedDeparture: 02/25/2026 00:09:23
    Required Energy: 66.79999923706056 kWh  Critical
    Exclude after:   02/24/2026 23:29:45
    Ignored till:    
    Schedule:        [16.0,16.0,16.0,0.0,0.0,0.0,0.0,0.0,0.0,0.0,0.0,0.0,0.0,0.0,0.0,0.0,0.0,0.0,0.0,0.0,0.0,0.0,0.0,0.0]
2026-02-25 00:09:45 Verb  <#58> [Scheduler] - Instant solver finished in 133.3851 ms for 1/2 connectors
2026-02-25 00:09:45 Verb  <#58> [Scheduler] - Instant update result:
Available:   (32, 32, 32) A
Surplus:     (16, 16, 16)
Cluster Max: (32, 32, 32) A
Load Guard:
    Current:     (0, 0, 0; 0) A  Smoothed: (0, 0, 0) A
    Power:       (0, 0, 0: 0) kW
    Last Update: 01/01/0001 00:00:00  Offline
Connectors:
  22030428/1
    State:           Charging {Charging}
    Target:          16 A  Last: 16 A
    Current:         (15.727, 15.27, 15.124) A  Smoothed: (15.727007, 15.270012, 15.124005) A
    Vehicle Limits:  Min: 6 A  Max: 16 A  Known
    Phase:           L123
    Arrival:         02/24/2026 20:49:51  PlannedDeparture: 02/25/2026 00:09:23
    Required Energy: 68.89999961853029 kWh  Critical
    Exclude after:   
    Ignored till:    
    Schedule:        [16.0,16.0,16.0,0.0,0.0,0.0,0.0,0.0,0.0,0.0,0.0,0.0,0.0,0.0,0.0,0.0,0.0,0.0,0.0,0.0,0.0,0.0,0.0,0.0]
  22030428/2
    State:           Excluded {ChargingPausedByEv}
    Target:          0 A  Last: 0 A
    Current:         (0, 0, 0) A  Smoothed: (0, 0, 0) A
    Vehicle Limits:  Min: 6 A  Max: 16 A  Known
    Phase:           L123
    Arrival:         02/24/2026 19:36:48  PlannedDeparture: 02/25/2026 00:09:23
    Required Energy: 66.79999923706056 kWh  Critical
    Exclude after:   02/24/2026 23:29:45
    Ignored till:    
    Schedule:        [16.0,16.0,16.0,0.0,0.0,0.0,0.0,0.0,0.0,0.0,0.0,0.0,0.0,0.0,0.0,0.0,0.0,0.0,0.0,0.0,0.0,0.0,0.0,0.0]
2026-02-25 00:09:47 Verb  <#36> [Scheduler] - Instant solver finished in 165.5516 ms for 1/2 connectors
2026-02-25 00:09:47 Verb  <#36> [Scheduler] - Instant update result:
Available:   (32, 32, 32) A
Surplus:     (16, 16, 16)
Cluster Max: (32, 32, 32) A
Load Guard:
    Current:     (0, 0, 0; 0) A  Smoothed: (0, 0, 0) A
    Power:       (0, 0, 0: 0) kW
    Last Update: 01/01/0001 00:00:00  Offline
Connectors:
  22030428/1
    State:           Charging {Charging}
    Target:          16 A  Last: 16 A
    Current:         (15.727, 15.27, 15.124) A  Smoothed: (15.727003, 15.270005, 15.1240015) A
    Vehicle Limits:  Min: 6 A  Max: 16 A  Known
    Phase:           L123
    Arrival:         02/24/2026 20:49:51  PlannedDeparture: 02/25/2026 00:09:23
    Required Energy: 68.89999961853029 kWh  Critical
    Exclude after:   
    Ignored till:    
    Schedule:        [16.0,16.0,16.0,0.0,0.0,0.0,0.0,0.0,0.0,0.0,0.0,0.0,0.0,0.0,0.0,0.0,0.0,0.0,0.0,0.0,0.0,0.0,0.0,0.0]
  22030428/2
    State:           Excluded {ChargingPausedByEv}
    Target:          0 A  Last: 0 A
    Current:         (0, 0, 0) A  Smoothed: (0, 0, 0) A
    Vehicle Limits:  Min: 6 A  Max: 16 A  Known
    Phase:           L123
    Arrival:         02/24/2026 19:36:48  PlannedDeparture: 02/25/2026 00:09:23
    Required Energy: 66.79999923706056 kWh  Critical
    Exclude after:   02/24/2026 23:29:45
    Ignored till:    
    Schedule:        [16.0,16.0,16.0,0.0,0.0,0.0,0.0,0.0,0.0,0.0,0.0,0.0,0.0,0.0,0.0,0.0,0.0,0.0,0.0,0.0,0.0,0.0,0.0,0.0]
2026-02-25 00:09:50 Verb  <#36> [Scheduler] - Instant solver finished in 74.2771 ms for 1/2 connectors
2026-02-25 00:09:50 Verb  <#36> [Scheduler] - Instant update result:
Available:   (32, 32, 32) A
Surplus:     (16, 16, 16)
Cluster Max: (32, 32, 32) A
Load Guard:
    Current:     (0, 0, 0; 0) A  Smoothed: (0, 0, 0) A
    Power:       (0, 0, 0: 0) kW
    Last Update: 01/01/0001 00:00:00  Offline
Connectors:
  22030428/1
    State:           Charging {Charging}
    Target:          16 A  Last: 16 A
    Current:         (15.727, 15.27, 15.124) A  Smoothed: (15.727001, 15.270002, 15.124001) A
    Vehicle Limits:  Min: 6 A  Max: 16 A  Known
    Phase:           L123
    Arrival:         02/24/2026 20:49:51  PlannedDeparture: 02/25/2026 00:09:23
    Required Energy: 68.89999961853029 kWh  Critical
    Exclude after:   
    Ignored till:    
    Schedule:        [16.0,16.0,16.0,0.0,0.0,0.0,0.0,0.0,0.0,0.0,0.0,0.0,0.0,0.0,0.0,0.0,0.0,0.0,0.0,0.0,0.0,0.0,0.0,0.0]
  22030428/2
    State:           Excluded {ChargingPausedByEv}
    Target:          0 A  Last: 0 A
    Current:         (0, 0, 0) A  Smoothed: (0, 0, 0) A
    Vehicle Limits:  Min: 6 A  Max: 16 A  Known
    Phase:           L123
    Arrival:         02/24/2026 19:36:48  PlannedDeparture: 02/25/2026 00:09:23
    Required Energy: 66.79999923706056 kWh  Critical
    Exclude after:   02/24/2026 23:29:45
    Ignored till:    
    Schedule:        [16.0,16.0,16.0,0.0,0.0,0.0,0.0,0.0,0.0,0.0,0.0,0.0,0.0,0.0,0.0,0.0,0.0,0.0,0.0,0.0,0.0,0.0,0.0,0.0]
2026-02-25 00:09:52 Verb  <#36> [Scheduler] - Instant solver finished in 76.8927 ms for 1/2 connectors
2026-02-25 00:09:52 Verb  <#36> [Scheduler] - Instant update result:
Available:   (32, 32, 32) A
Surplus:     (16, 16, 16)
Cluster Max: (32, 32, 32) A
Load Guard:
    Current:     (0, 0, 0; 0) A  Smoothed: (0, 0, 0) A
    Power:       (0, 0, 0: 0) kW
    Last Update: 01/01/0001 00:00:00  Offline
Connectors:
  22030428/1
    State:           Charging {Charging}
    Target:          16 A  Last: 16 A
    Current:         (15.727, 15.27, 15.124) A  Smoothed: (15.727, 15.270001, 15.124) A
    Vehicle Limits:  Min: 6 A  Max: 16 A  Known
    Phase:           L123
    Arrival:         02/24/2026 20:49:51  PlannedDeparture: 02/25/2026 00:09:23
    Required Energy: 68.89999961853029 kWh  Critical
    Exclude after:   
    Ignored till:    
    Schedule:        [16.0,16.0,16.0,0.0,0.0,0.0,0.0,0.0,0.0,0.0,0.0,0.0,0.0,0.0,0.0,0.0,0.0,0.0,0.0,0.0,0.0,0.0,0.0,0.0]
  22030428/2
    State:           Excluded {ChargingPausedByEv}
    Target:          0 A  Last: 0 A
    Current:         (0, 0, 0) A  Smoothed: (0, 0, 0) A
    Vehicle Limits:  Min: 6 A  Max: 16 A  Known
    Phase:           L123
    Arrival:         02/24/2026 19:36:48  PlannedDeparture: 02/25/2026 00:09:23
    Required Energy: 66.79999923706056 kWh  Critical
    Exclude after:   02/24/2026 23:29:45
    Ignored till:    
    Schedule:        [16.0,16.0,16.0,0.0,0.0,0.0,0.0,0.0,0.0,0.0,0.0,0.0,0.0,0.0,0.0,0.0,0.0,0.0,0.0,0.0,0.0,0.0,0.0,0.0]
2026-02-25 00:09:54 Verb  <#58> [Scheduler] - Instant solver finished in 136.996 ms for 1/2 connectors
2026-02-25 00:09:54 Verb  <#58> [Scheduler] - Instant update result:
Available:   (32, 32, 32) A
Surplus:     (16, 16, 16)
Cluster Max: (32, 32, 32) A
Load Guard:
    Current:     (0, 0, 0; 0) A  Smoothed: (0, 0, 0) A
    Power:       (0, 0, 0: 0) kW
    Last Update: 01/01/0001 00:00:00  Offline
Connectors:
  22030428/1
    State:           Charging {Charging}
    Target:          16 A  Last: 16 A
    Current:         (15.724, 15.269, 15.147) A  Smoothed: (15.72448, 15.26916, 15.14332) A
    Vehicle Limits:  Min: 6 A  Max: 16 A  Known
    Phase:           L123
    Arrival:         02/24/2026 20:49:51  PlannedDeparture: 02/25/2026 00:09:53
    Required Energy: 68.79999923706056 kWh  Critical
    Exclude after:   
    Ignored till:    
    Schedule:        [16.0,16.0,16.0,0.0,0.0,0.0,0.0,0.0,0.0,0.0,0.0,0.0,0.0,0.0,0.0,0.0,0.0,0.0,0.0,0.0,0.0,0.0,0.0,0.0]
  22030428/2
    State:           Excluded {ChargingPausedByEv}
    Target:          0 A  Last: 0 A
    Current:         (0, 0, 0) A  Smoothed: (0, 0, 0) A
    Vehicle Limits:  Min: 6 A  Max: 16 A  Known
    Phase:           L123
    Arrival:         02/24/2026 19:36:48  PlannedDeparture: 02/25/2026 00:09:53
    Required Energy: 66.79999923706056 kWh  Critical
    Exclude after:   02/24/2026 23:29:45
    Ignored till:    
    Schedule:        [16.0,16.0,16.0,0.0,0.0,0.0,0.0,0.0,0.0,0.0,0.0,0.0,0.0,0.0,0.0,0.0,0.0,0.0,0.0,0.0,0.0,0.0,0.0,0.0]
2026-02-25 00:09:56 Verb  <#36> [Scheduler] - Instant solver finished in 76.6025 ms for 1/2 connectors
2026-02-25 00:09:56 Verb  <#36> [Scheduler] - Instant update result:
Available:   (32, 32, 32) A
Surplus:     (16, 16, 16)
Cluster Max: (32, 32, 32) A
Load Guard:
    Current:     (0, 0, 0; 0) A  Smoothed: (0, 0, 0) A
    Power:       (0, 0, 0: 0) kW
    Last Update: 01/01/0001 00:00:00  Offline
Connectors:
  22030428/1
    State:           Charging {Charging}
    Target:          16 A  Last: 16 A
    Current:         (15.724, 15.269, 15.147) A  Smoothed: (15.724192, 15.269064, 15.145528) A
    Vehicle Limits:  Min: 6 A  Max: 16 A  Known
    Phase:           L123
    Arrival:         02/24/2026 20:49:51  PlannedDeparture: 02/25/2026 00:09:53
    Required Energy: 68.79999923706056 kWh  Critical
    Exclude after:   
    Ignored till:    
    Schedule:        [16.0,16.0,16.0,0.0,0.0,0.0,0.0,0.0,0.0,0.0,0.0,0.0,0.0,0.0,0.0,0.0,0.0,0.0,0.0,0.0,0.0,0.0,0.0,0.0]
  22030428/2
    State:           Excluded {ChargingPausedByEv}
    Target:          0 A  Last: 0 A
    Current:         (0, 0, 0) A  Smoothed: (0, 0, 0) A
    Vehicle Limits:  Min: 6 A  Max: 16 A  Known
    Phase:           L123
    Arrival:         02/24/2026 19:36:48  PlannedDeparture: 02/25/2026 00:09:53
    Required Energy: 66.79999923706056 kWh  Critical
    Exclude after:   02/24/2026 23:29:45
    Ignored till:    
    Schedule:        [16.0,16.0,16.0,0.0,0.0,0.0,0.0,0.0,0.0,0.0,0.0,0.0,0.0,0.0,0.0,0.0,0.0,0.0,0.0,0.0,0.0,0.0,0.0,0.0]
2026-02-25 00:09:58 Verb  <#58> [Scheduler] - Instant solver finished in 200.7461 ms for 1/2 connectors
2026-02-25 00:09:58 Verb  <#58> [Scheduler] - Instant update result:
Available:   (32, 32, 32) A
Surplus:     (16, 16, 16)
Cluster Max: (32, 32, 32) A
Load Guard:
    Current:     (0, 0, 0; 0) A  Smoothed: (0, 0, 0) A
    Power:       (0, 0, 0: 0) kW
    Last Update: 01/01/0001 00:00:00  Offline
Connectors:
  22030428/1
    State:           Charging {Charging}
    Target:          16 A  Last: 16 A
    Current:         (15.724, 15.269, 15.147) A  Smoothed: (15.724076, 15.269026, 15.146411) A
    Vehicle Limits:  Min: 6 A  Max: 16 A  Known
    Phase:           L123
    Arrival:         02/24/2026 20:49:51  PlannedDeparture: 02/25/2026 00:09:53
    Required Energy: 68.79999923706056 kWh  Critical
    Exclude after:   
    Ignored till:    
    Schedule:        [16.0,16.0,16.0,0.0,0.0,0.0,0.0,0.0,0.0,0.0,0.0,0.0,0.0,0.0,0.0,0.0,0.0,0.0,0.0,0.0,0.0,0.0,0.0,0.0]
  22030428/2
    State:           Excluded {ChargingPausedByEv}
    Target:          0 A  Last: 0 A
    Current:         (0, 0, 0) A  Smoothed: (0, 0, 0) A
    Vehicle Limits:  Min: 6 A  Max: 16 A  Known
    Phase:           L123
    Arrival:         02/24/2026 19:36:48  PlannedDeparture: 02/25/2026 00:09:53
    Required Energy: 66.79999923706056 kWh  Critical
    Exclude after:   02/24/2026 23:29:45
    Ignored till:    
    Schedule:        [16.0,16.0,16.0,0.0,0.0,0.0,0.0,0.0,0.0,0.0,0.0,0.0,0.0,0.0,0.0,0.0,0.0,0.0,0.0,0.0,0.0,0.0,0.0,0.0]
2026-02-25 00:10:00 Verb  <#58> [Scheduler] - Create schedule finished in 105.1857 ms
2026-02-25 00:10:00 Verb  <#58> [Scheduler] - Instant solver finished in 67.5944 ms for 1/2 connectors
2026-02-25 00:10:00 Verb  <#58> [Scheduler] - Instant update result:
Available:   (32, 32, 32) A
Surplus:     (16, 16, 16)
Cluster Max: (32, 32, 32) A
Load Guard:
    Current:     (0, 0, 0; 0) A  Smoothed: (0, 0, 0) A
    Power:       (0, 0, 0: 0) kW
    Last Update: 01/01/0001 00:00:00  Offline
Connectors:
  22030428/1
    State:           Charging {Charging}
    Target:          16 A  Last: 16 A
    Current:         (15.724, 15.269, 15.147) A  Smoothed: (15.7240305, 15.269011, 15.146765) A
    Vehicle Limits:  Min: 6 A  Max: 16 A  Known
    Phase:           L123
    Arrival:         02/24/2026 20:49:51  PlannedDeparture: 02/25/2026 00:09:53
    Required Energy: 68.79999923706056 kWh  Critical
    Exclude after:   
    Ignored till:    
    Schedule:        [16.0,16.0,16.0,0.0,0.0,0.0,0.0,0.0,0.0,0.0,0.0,0.0,0.0,0.0,0.0,0.0,0.0,0.0,0.0,0.0,0.0,0.0,0.0,0.0]
  22030428/2
    State:           Excluded {ChargingPausedByEv}
    Target:          0 A  Last: 0 A
    Current:         (0, 0, 0) A  Smoothed: (0, 0, 0) A
    Vehicle Limits:  Min: 6 A  Max: 16 A  Known
    Phase:           L123
    Arrival:         02/24/2026 19:36:48  PlannedDeparture: 02/25/2026 00:09:53
    Required Energy: 66.79999923706056 kWh  Critical
    Exclude after:   02/24/2026 23:29:45
    Ignored till:    
    Schedule:        [16.0,16.0,16.0,0.0,0.0,0.0,0.0,0.0,0.0,0.0,0.0,0.0,0.0,0.0,0.0,0.0,0.0,0.0,0.0,0.0,0.0,0.0,0.0,0.0]
2026-02-25 00:10:02 Verb  <#58> [Scheduler] - Instant solver finished in 76.9202 ms for 1/2 connectors
2026-02-25 00:10:02 Verb  <#58> [Scheduler] - Instant update result:
Available:   (32, 32, 32) A
Surplus:     (16, 16, 16)
Cluster Max: (32, 32, 32) A
Load Guard:
    Current:     (0, 0, 0; 0) A  Smoothed: (0, 0, 0) A
    Power:       (0, 0, 0: 0) kW
    Last Update: 01/01/0001 00:00:00  Offline
Connectors:
  22030428/1
    State:           Charging {Charging}
    Target:          16 A  Last: 16 A
    Current:         (15.724, 15.269, 15.147) A  Smoothed: (15.724012, 15.269004, 15.146906) A
    Vehicle Limits:  Min: 6 A  Max: 16 A  Known
    Phase:           L123
    Arrival:         02/24/2026 20:49:51  PlannedDeparture: 02/25/2026 00:09:53
    Required Energy: 68.79999923706056 kWh  Critical
    Exclude after:   
    Ignored till:    
    Schedule:        [16.0,16.0,16.0,0.0,0.0,0.0,0.0,0.0,0.0,0.0,0.0,0.0,0.0,0.0,0.0,0.0,0.0,0.0,0.0,0.0,0.0,0.0,0.0,0.0]
  22030428/2
    State:           Excluded {ChargingPausedByEv}
    Target:          0 A  Last: 0 A
    Current:         (0, 0, 0) A  Smoothed: (0, 0, 0) A
    Vehicle Limits:  Min: 6 A  Max: 16 A  Known
    Phase:           L123
    Arrival:         02/24/2026 19:36:48  PlannedDeparture: 02/25/2026 00:09:53
    Required Energy: 66.79999923706056 kWh  Critical
    Exclude after:   02/24/2026 23:29:45
    Ignored till:    
    Schedule:        [16.0,16.0,16.0,0.0,0.0,0.0,0.0,0.0,0.0,0.0,0.0,0.0,0.0,0.0,0.0,0.0,0.0,0.0,0.0,0.0,0.0,0.0,0.0,0.0]
2026-02-25 00:10:04 Verb  <#58> [Scheduler] - Instant solver finished in 149.9488 ms for 1/2 connectors
2026-02-25 00:10:04 Verb  <#58> [Scheduler] - Instant update result:
Available:   (32, 32, 32) A
Surplus:     (16, 16, 16)
Cluster Max: (32, 32, 32) A
Load Guard:
    Current:     (0, 0, 0; 0) A  Smoothed: (0, 0, 0) A
    Power:       (0, 0, 0: 0) kW
    Last Update: 01/01/0001 00:00:00  Offline
Connectors:
  22030428/1
    State:           Charging {Charging}
    Target:          16 A  Last: 16 A
    Current:         (15.724, 15.269, 15.147) A  Smoothed: (15.724005, 15.269002, 15.146962) A
    Vehicle Limits:  Min: 6 A  Max: 16 A  Known
    Phase:           L123
    Arrival:         02/24/2026 20:49:51  PlannedDeparture: 02/25/2026 00:09:53
    Required Energy: 68.79999923706056 kWh  Critical
    Exclude after:   
    Ignored till:    
    Schedule:        [16.0,16.0,16.0,0.0,0.0,0.0,0.0,0.0,0.0,0.0,0.0,0.0,0.0,0.0,0.0,0.0,0.0,0.0,0.0,0.0,0.0,0.0,0.0,0.0]
  22030428/2
    State:           Excluded {ChargingPausedByEv}
    Target:          0 A  Last: 0 A
    Current:         (0, 0, 0) A  Smoothed: (0, 0, 0) A
    Vehicle Limits:  Min: 6 A  Max: 16 A  Known
    Phase:           L123
    Arrival:         02/24/2026 19:36:48  PlannedDeparture: 02/25/2026 00:09:53
    Required Energy: 66.79999923706056 kWh  Critical
    Exclude after:   02/24/2026 23:29:45
    Ignored till:    
    Schedule:        [16.0,16.0,16.0,0.0,0.0,0.0,0.0,0.0,0.0,0.0,0.0,0.0,0.0,0.0,0.0,0.0,0.0,0.0,0.0,0.0,0.0,0.0,0.0,0.0]
2026-02-25 00:10:07 Verb  <#71> [Scheduler] - Instant solver finished in 64.9075 ms for 1/2 connectors
2026-02-25 00:10:07 Verb  <#71> [Scheduler] - Instant update result:
Available:   (32, 32, 32) A
Surplus:     (16, 16, 16)
Cluster Max: (32, 32, 32) A
Load Guard:
    Current:     (0, 0, 0; 0) A  Smoothed: (0, 0, 0) A
    Power:       (0, 0, 0: 0) kW
    Last Update: 01/01/0001 00:00:00  Offline
Connectors:
  22030428/1
    State:           Charging {Charging}
    Target:          16 A  Last: 16 A
    Current:         (15.701, 15.271, 15.157) A  Smoothed: (15.704681, 15.27068, 15.155394) A
    Vehicle Limits:  Min: 6 A  Max: 16 A  Known
    Phase:           L123
    Arrival:         02/24/2026 20:49:51  PlannedDeparture: 02/25/2026 00:09:53
    Required Energy: 68.79999923706056 kWh  Critical
    Exclude after:   
    Ignored till:    
    Schedule:        [16.0,16.0,16.0,0.0,0.0,0.0,0.0,0.0,0.0,0.0,0.0,0.0,0.0,0.0,0.0,0.0,0.0,0.0,0.0,0.0,0.0,0.0,0.0,0.0]
  22030428/2
    State:           Excluded {ChargingPausedByEv}
    Target:          0 A  Last: 0 A
    Current:         (0, 0, 0) A  Smoothed: (0, 0, 0) A
    Vehicle Limits:  Min: 6 A  Max: 16 A  Known
    Phase:           L123
    Arrival:         02/24/2026 19:36:48  PlannedDeparture: 02/25/2026 00:09:53
    Required Energy: 66.79999923706056 kWh  Critical
    Exclude after:   02/24/2026 23:29:45
    Ignored till:    
    Schedule:        [16.0,16.0,16.0,0.0,0.0,0.0,0.0,0.0,0.0,0.0,0.0,0.0,0.0,0.0,0.0,0.0,0.0,0.0,0.0,0.0,0.0,0.0,0.0,0.0]
2026-02-25 00:10:09 Verb  <#71> [Scheduler] - Instant solver finished in 81.8074 ms for 1/2 connectors
2026-02-25 00:10:09 Verb  <#71> [Scheduler] - Instant update result:
Available:   (32, 32, 32) A
Surplus:     (16, 16, 16)
Cluster Max: (32, 32, 32) A
Load Guard:
    Current:     (0, 0, 0; 0) A  Smoothed: (0, 0, 0) A
    Power:       (0, 0, 0: 0) kW
    Last Update: 01/01/0001 00:00:00  Offline
Connectors:
  22030428/1
    State:           Charging {Charging}
    Target:          16 A  Last: 16 A
    Current:         (15.701, 15.271, 15.157) A  Smoothed: (15.702473, 15.270872, 15.156357) A
    Vehicle Limits:  Min: 6 A  Max: 16 A  Known
    Phase:           L123
    Arrival:         02/24/2026 20:49:51  PlannedDeparture: 02/25/2026 00:09:53
    Required Energy: 68.79999923706056 kWh  Critical
    Exclude after:   
    Ignored till:    
    Schedule:        [16.0,16.0,16.0,0.0,0.0,0.0,0.0,0.0,0.0,0.0,0.0,0.0,0.0,0.0,0.0,0.0,0.0,0.0,0.0,0.0,0.0,0.0,0.0,0.0]
  22030428/2
    State:           Excluded {ChargingPausedByEv}
    Target:          0 A  Last: 0 A
    Current:         (0, 0, 0) A  Smoothed: (0, 0, 0) A
    Vehicle Limits:  Min: 6 A  Max: 16 A  Known
    Phase:           L123
    Arrival:         02/24/2026 19:36:48  PlannedDeparture: 02/25/2026 00:09:53
    Required Energy: 66.79999923706056 kWh  Critical
    Exclude after:   02/24/2026 23:29:45
    Ignored till:    
    Schedule:        [16.0,16.0,16.0,0.0,0.0,0.0,0.0,0.0,0.0,0.0,0.0,0.0,0.0,0.0,0.0,0.0,0.0,0.0,0.0,0.0,0.0,0.0,0.0,0.0]
2026-02-25 00:10:11 Verb  <#71> [Scheduler] - Instant solver finished in 82.4888 ms for 1/2 connectors
2026-02-25 00:10:11 Verb  <#71> [Scheduler] - Instant update result:
Available:   (32, 32, 32) A
Surplus:     (16, 16, 16)
Cluster Max: (32, 32, 32) A
Load Guard:
    Current:     (0, 0, 0; 0) A  Smoothed: (0, 0, 0) A
    Power:       (0, 0, 0: 0) kW
    Last Update: 01/01/0001 00:00:00  Offline
Connectors:
  22030428/1
    State:           Charging {Charging}
    Target:          16 A  Last: 16 A
    Current:         (15.701, 15.271, 15.157) A  Smoothed: (15.70159, 15.270948, 15.156742) A
    Vehicle Limits:  Min: 6 A  Max: 16 A  Known
    Phase:           L123
    Arrival:         02/24/2026 20:49:51  PlannedDeparture: 02/25/2026 00:09:53
    Required Energy: 68.79999923706056 kWh  Critical
    Exclude after:   
    Ignored till:    
    Schedule:        [16.0,16.0,16.0,0.0,0.0,0.0,0.0,0.0,0.0,0.0,0.0,0.0,0.0,0.0,0.0,0.0,0.0,0.0,0.0,0.0,0.0,0.0,0.0,0.0]
  22030428/2
    State:           Excluded {ChargingPausedByEv}
    Target:          0 A  Last: 0 A
    Current:         (0, 0, 0) A  Smoothed: (0, 0, 0) A
    Vehicle Limits:  Min: 6 A  Max: 16 A  Known
    Phase:           L123
    Arrival:         02/24/2026 19:36:48  PlannedDeparture: 02/25/2026 00:09:53
    Required Energy: 66.79999923706056 kWh  Critical
    Exclude after:   02/24/2026 23:29:45
    Ignored till:    
    Schedule:        [16.0,16.0,16.0,0.0,0.0,0.0,0.0,0.0,0.0,0.0,0.0,0.0,0.0,0.0,0.0,0.0,0.0,0.0,0.0,0.0,0.0,0.0,0.0,0.0]
2026-02-25 00:10:13 Verb  <#71> [Scheduler] - Instant solver finished in 83.8243 ms for 1/2 connectors
2026-02-25 00:10:13 Verb  <#71> [Scheduler] - Instant update result:
Available:   (32, 32, 32) A
Surplus:     (16, 16, 16)
Cluster Max: (32, 32, 32) A
Load Guard:
    Current:     (0, 0, 0; 0) A  Smoothed: (0, 0, 0) A
    Power:       (0, 0, 0: 0) kW
    Last Update: 01/01/0001 00:00:00  Offline
Connectors:
  22030428/1
    State:           Charging {Charging}
    Target:          16 A  Last: 16 A
    Current:         (15.701, 15.271, 15.157) A  Smoothed: (15.701236, 15.270979, 15.156897) A
    Vehicle Limits:  Min: 6 A  Max: 16 A  Known
    Phase:           L123
    Arrival:         02/24/2026 20:49:51  PlannedDeparture: 02/25/2026 00:09:53
    Required Energy: 68.79999923706056 kWh  Critical
    Exclude after:   
    Ignored till:    
    Schedule:        [16.0,16.0,16.0,0.0,0.0,0.0,0.0,0.0,0.0,0.0,0.0,0.0,0.0,0.0,0.0,0.0,0.0,0.0,0.0,0.0,0.0,0.0,0.0,0.0]
  22030428/2
    State:           Excluded {ChargingPausedByEv}
    Target:          0 A  Last: 0 A
    Current:         (0, 0, 0) A  Smoothed: (0, 0, 0) A
    Vehicle Limits:  Min: 6 A  Max: 16 A  Known
    Phase:           L123
    Arrival:         02/24/2026 19:36:48  PlannedDeparture: 02/25/2026 00:09:53
    Required Energy: 66.79999923706056 kWh  Critical
    Exclude after:   02/24/2026 23:29:45
    Ignored till:    
    Schedule:        [16.0,16.0,16.0,0.0,0.0,0.0,0.0,0.0,0.0,0.0,0.0,0.0,0.0,0.0,0.0,0.0,0.0,0.0,0.0,0.0,0.0,0.0,0.0,0.0]
2026-02-25 00:10:15 Verb  <#71> [Scheduler] - Instant solver finished in 83.1655 ms for 1/2 connectors
2026-02-25 00:10:15 Verb  <#71> [Scheduler] - Instant update result:
Available:   (32, 32, 32) A
Surplus:     (16, 16, 16)
Cluster Max: (32, 32, 32) A
Load Guard:
    Current:     (0, 0, 0; 0) A  Smoothed: (0, 0, 0) A
    Power:       (0, 0, 0: 0) kW
    Last Update: 01/01/0001 00:00:00  Offline
Connectors:
  22030428/1
    State:           Charging {Charging}
    Target:          16 A  Last: 16 A
    Current:         (15.701, 15.271, 15.157) A  Smoothed: (15.701095, 15.270991, 15.156959) A
    Vehicle Limits:  Min: 6 A  Max: 16 A  Known
    Phase:           L123
    Arrival:         02/24/2026 20:49:51  PlannedDeparture: 02/25/2026 00:09:53
    Required Energy: 68.79999923706056 kWh  Critical
    Exclude after:   
    Ignored till:    
    Schedule:        [16.0,16.0,16.0,0.0,0.0,0.0,0.0,0.0,0.0,0.0,0.0,0.0,0.0,0.0,0.0,0.0,0.0,0.0,0.0,0.0,0.0,0.0,0.0,0.0]
  22030428/2
    State:           Excluded {ChargingPausedByEv}
    Target:          0 A  Last: 0 A
    Current:         (0, 0, 0) A  Smoothed: (0, 0, 0) A
    Vehicle Limits:  Min: 6 A  Max: 16 A  Known
    Phase:           L123
    Arrival:         02/24/2026 19:36:48  PlannedDeparture: 02/25/2026 00:09:53
    Required Energy: 66.79999923706056 kWh  Critical
    Exclude after:   02/24/2026 23:29:45
    Ignored till:    
    Schedule:        [16.0,16.0,16.0,0.0,0.0,0.0,0.0,0.0,0.0,0.0,0.0,0.0,0.0,0.0,0.0,0.0,0.0,0.0,0.0,0.0,0.0,0.0,0.0,0.0]
2026-02-25 00:10:17 Verb  <#48> [Scheduler] - Instant solver finished in 244.0462 ms for 1/2 connectors
2026-02-25 00:10:17 Verb  <#48> [Scheduler] - Instant update result:
Available:   (32, 32, 32) A
Surplus:     (16, 16, 16)
Cluster Max: (32, 32, 32) A
Load Guard:
    Current:     (0, 0, 0; 0) A  Smoothed: (0, 0, 0) A
    Power:       (0, 0, 0: 0) kW
    Last Update: 01/01/0001 00:00:00  Offline
Connectors:
  22030428/1
    State:           Charging {Charging}
    Target:          16 A  Last: 16 A
    Current:         (15.701, 15.271, 15.157) A  Smoothed: (15.701038, 15.270996, 15.156983) A
    Vehicle Limits:  Min: 6 A  Max: 16 A  Known
    Phase:           L123
    Arrival:         02/24/2026 20:49:51  PlannedDeparture: 02/25/2026 00:09:53
    Required Energy: 68.79999923706056 kWh  Critical
    Exclude after:   
    Ignored till:    
    Schedule:        [16.0,16.0,16.0,0.0,0.0,0.0,0.0,0.0,0.0,0.0,0.0,0.0,0.0,0.0,0.0,0.0,0.0,0.0,0.0,0.0,0.0,0.0,0.0,0.0]
  22030428/2
    State:           Excluded {ChargingPausedByEv}
    Target:          0 A  Last: 0 A
    Current:         (0, 0, 0) A  Smoothed: (0, 0, 0) A
    Vehicle Limits:  Min: 6 A  Max: 16 A  Known
    Phase:           L123
    Arrival:         02/24/2026 19:36:48  PlannedDeparture: 02/25/2026 00:09:53
    Required Energy: 66.79999923706056 kWh  Critical
    Exclude after:   02/24/2026 23:29:45
    Ignored till:    
    Schedule:        [16.0,16.0,16.0,0.0,0.0,0.0,0.0,0.0,0.0,0.0,0.0,0.0,0.0,0.0,0.0,0.0,0.0,0.0,0.0,0.0,0.0,0.0,0.0,0.0]
2026-02-25 00:10:19 Verb  <#36> [Scheduler] - Instant solver finished in 109.1053 ms for 1/2 connectors
2026-02-25 00:10:19 Verb  <#36> [Scheduler] - Instant update result:
Available:   (32, 32, 32) A
Surplus:     (16, 16, 16)
Cluster Max: (32, 32, 32) A
Load Guard:
    Current:     (0, 0, 0; 0) A  Smoothed: (0, 0, 0) A
    Power:       (0, 0, 0: 0) kW
    Last Update: 01/01/0001 00:00:00  Offline
Connectors:
  22030428/1
    State:           Charging {Charging}
    Target:          16 A  Last: 16 A
    Current:         (15.701, 15.271, 15.157) A  Smoothed: (15.701015, 15.270998, 15.156993) A
    Vehicle Limits:  Min: 6 A  Max: 16 A  Known
    Phase:           L123
    Arrival:         02/24/2026 20:49:51  PlannedDeparture: 02/25/2026 00:09:53
    Required Energy: 68.79999923706056 kWh  Critical
    Exclude after:   
    Ignored till:    
    Schedule:        [16.0,16.0,16.0,0.0,0.0,0.0,0.0,0.0,0.0,0.0,0.0,0.0,0.0,0.0,0.0,0.0,0.0,0.0,0.0,0.0,0.0,0.0,0.0,0.0]
  22030428/2
    State:           Excluded {ChargingPausedByEv}
    Target:          0 A  Last: 0 A
    Current:         (0, 0, 0) A  Smoothed: (0, 0, 0) A
    Vehicle Limits:  Min: 6 A  Max: 16 A  Known
    Phase:           L123
    Arrival:         02/24/2026 19:36:48  PlannedDeparture: 02/25/2026 00:09:53
    Required Energy: 66.79999923706056 kWh  Critical
    Exclude after:   02/24/2026 23:29:45
    Ignored till:    
    Schedule:        [16.0,16.0,16.0,0.0,0.0,0.0,0.0,0.0,0.0,0.0,0.0,0.0,0.0,0.0,0.0,0.0,0.0,0.0,0.0,0.0,0.0,0.0,0.0,0.0]
2026-02-25 00:10:21 Verb  <#36> [Scheduler] - Instant solver finished in 75.8104 ms for 1/2 connectors
2026-02-25 00:10:21 Verb  <#36> [Scheduler] - Instant update result:
Available:   (32, 32, 32) A
Surplus:     (16, 16, 16)
Cluster Max: (32, 32, 32) A
Load Guard:
    Current:     (0, 0, 0; 0) A  Smoothed: (0, 0, 0) A
    Power:       (0, 0, 0: 0) kW
    Last Update: 01/01/0001 00:00:00  Offline
Connectors:
  22030428/1
    State:           Charging {Charging}
    Target:          16 A  Last: 16 A
    Current:         (15.701, 15.271, 15.157) A  Smoothed: (15.701006, 15.270999, 15.156997) A
    Vehicle Limits:  Min: 6 A  Max: 16 A  Known
    Phase:           L123
    Arrival:         02/24/2026 20:49:51  PlannedDeparture: 02/25/2026 00:09:53
    Required Energy: 68.79999923706056 kWh  Critical
    Exclude after:   
    Ignored till:    
    Schedule:        [16.0,16.0,16.0,0.0,0.0,0.0,0.0,0.0,0.0,0.0,0.0,0.0,0.0,0.0,0.0,0.0,0.0,0.0,0.0,0.0,0.0,0.0,0.0,0.0]
  22030428/2
    State:           Excluded {ChargingPausedByEv}
    Target:          0 A  Last: 0 A
    Current:         (0, 0, 0) A  Smoothed: (0, 0, 0) A
    Vehicle Limits:  Min: 6 A  Max: 16 A  Known
    Phase:           L123
    Arrival:         02/24/2026 19:36:48  PlannedDeparture: 02/25/2026 00:09:53
    Required Energy: 66.79999923706056 kWh  Critical
    Exclude after:   02/24/2026 23:29:45
    Ignored till:    
    Schedule:        [16.0,16.0,16.0,0.0,0.0,0.0,0.0,0.0,0.0,0.0,0.0,0.0,0.0,0.0,0.0,0.0,0.0,0.0,0.0,0.0,0.0,0.0,0.0,0.0]
2026-02-25 00:10:23 Verb  <#36> [Scheduler] - Instant solver finished in 77.0592 ms for 1/2 connectors
2026-02-25 00:10:24 Verb  <#36> [Scheduler] - Instant update result:
Available:   (32, 32, 32) A
Surplus:     (16, 16, 16)
Cluster Max: (32, 32, 32) A
Load Guard:
    Current:     (0, 0, 0; 0) A  Smoothed: (0, 0, 0) A
    Power:       (0, 0, 0: 0) kW
    Last Update: 01/01/0001 00:00:00  Offline
Connectors:
  22030428/1
    State:           Charging {Charging}
    Target:          16 A  Last: 16 A
    Current:         (15.708, 15.27, 15.196) A  Smoothed: (15.706881, 15.270161, 15.189759) A
    Vehicle Limits:  Min: 6 A  Max: 16 A  Known
    Phase:           L123
    Arrival:         02/24/2026 20:49:51  PlannedDeparture: 02/25/2026 00:10:23
    Required Energy: 68.70000076293947 kWh  Critical
    Exclude after:   
    Ignored till:    
    Schedule:        [16.0,16.0,16.0,0.0,0.0,0.0,0.0,0.0,0.0,0.0,0.0,0.0,0.0,0.0,0.0,0.0,0.0,0.0,0.0,0.0,0.0,0.0,0.0,0.0]
  22030428/2
    State:           Excluded {ChargingPausedByEv}
    Target:          0 A  Last: 0 A
    Current:         (0, 0, 0) A  Smoothed: (0, 0, 0) A
    Vehicle Limits:  Min: 6 A  Max: 16 A  Known
    Phase:           L123
    Arrival:         02/24/2026 19:36:48  PlannedDeparture: 02/25/2026 00:10:23
    Required Energy: 66.79999923706056 kWh  Critical
    Exclude after:   02/24/2026 23:29:45
    Ignored till:    
    Schedule:        [16.0,16.0,16.0,0.0,0.0,0.0,0.0,0.0,0.0,0.0,0.0,0.0,0.0,0.0,0.0,0.0,0.0,0.0,0.0,0.0,0.0,0.0,0.0,0.0]
2026-02-25 00:10:26 Verb  <#48> [Scheduler] - Instant solver finished in 150.7632 ms for 1/2 connectors
2026-02-25 00:10:26 Verb  <#48> [Scheduler] - Instant update result:
Available:   (32, 32, 32) A
Surplus:     (16, 16, 16)
Cluster Max: (32, 32, 32) A
Load Guard:
    Current:     (0, 0, 0; 0) A  Smoothed: (0, 0, 0) A
    Power:       (0, 0, 0: 0) kW
    Last Update: 01/01/0001 00:00:00  Offline
Connectors:
  22030428/1
    State:           Charging {Charging}
    Target:          16 A  Last: 16 A
    Current:         (15.708, 15.27, 15.196) A  Smoothed: (15.707552, 15.270064, 15.193503) A
    Vehicle Limits:  Min: 6 A  Max: 16 A  Known
    Phase:           L123
    Arrival:         02/24/2026 20:49:51  PlannedDeparture: 02/25/2026 00:10:23
    Required Energy: 68.70000076293947 kWh  Critical
    Exclude after:   
    Ignored till:    
    Schedule:        [16.0,16.0,16.0,0.0,0.0,0.0,0.0,0.0,0.0,0.0,0.0,0.0,0.0,0.0,0.0,0.0,0.0,0.0,0.0,0.0,0.0,0.0,0.0,0.0]
  22030428/2
    State:           Excluded {ChargingPausedByEv}
    Target:          0 A  Last: 0 A
    Current:         (0, 0, 0) A  Smoothed: (0, 0, 0) A
    Vehicle Limits:  Min: 6 A  Max: 16 A  Known
    Phase:           L123
    Arrival:         02/24/2026 19:36:48  PlannedDeparture: 02/25/2026 00:10:23
    Required Energy: 66.79999923706056 kWh  Critical
    Exclude after:   02/24/2026 23:29:45
    Ignored till:    
    Schedule:        [16.0,16.0,16.0,0.0,0.0,0.0,0.0,0.0,0.0,0.0,0.0,0.0,0.0,0.0,0.0,0.0,0.0,0.0,0.0,0.0,0.0,0.0,0.0,0.0]
2026-02-25 00:10:28 Verb  <#48> [Scheduler] - Instant solver finished in 148.3148 ms for 1/2 connectors
2026-02-25 00:10:28 Verb  <#48> [Scheduler] - Instant update result:
Available:   (32, 32, 32) A
Surplus:     (16, 16, 16)
Cluster Max: (32, 32, 32) A
Load Guard:
    Current:     (0, 0, 0; 0) A  Smoothed: (0, 0, 0) A
    Power:       (0, 0, 0: 0) kW
    Last Update: 01/01/0001 00:00:00  Offline
Connectors:
  22030428/1
    State:           Charging {Charging}
    Target:          16 A  Last: 16 A
    Current:         (15.708, 15.27, 15.196) A  Smoothed: (15.707821, 15.270026, 15.195002) A
    Vehicle Limits:  Min: 6 A  Max: 16 A  Known
    Phase:           L123
    Arrival:         02/24/2026 20:49:51  PlannedDeparture: 02/25/2026 00:10:23
    Required Energy: 68.70000076293947 kWh  Critical
    Exclude after:   
    Ignored till:    
    Schedule:        [16.0,16.0,16.0,0.0,0.0,0.0,0.0,0.0,0.0,0.0,0.0,0.0,0.0,0.0,0.0,0.0,0.0,0.0,0.0,0.0,0.0,0.0,0.0,0.0]
  22030428/2
    State:           Excluded {ChargingPausedByEv}
    Target:          0 A  Last: 0 A
    Current:         (0, 0, 0) A  Smoothed: (0, 0, 0) A
    Vehicle Limits:  Min: 6 A  Max: 16 A  Known
    Phase:           L123
    Arrival:         02/24/2026 19:36:48  PlannedDeparture: 02/25/2026 00:10:23
    Required Energy: 66.79999923706056 kWh  Critical
    Exclude after:   02/24/2026 23:29:45
    Ignored till:    
    Schedule:        [16.0,16.0,16.0,0.0,0.0,0.0,0.0,0.0,0.0,0.0,0.0,0.0,0.0,0.0,0.0,0.0,0.0,0.0,0.0,0.0,0.0,0.0,0.0,0.0]
2026-02-25 00:10:30 Verb  <#36> [Scheduler] - Instant solver finished in 146.7305 ms for 1/2 connectors
2026-02-25 00:10:30 Verb  <#36> [Scheduler] - Instant update result:
Available:   (32, 32, 32) A
Surplus:     (16, 16, 16)
Cluster Max: (32, 32, 32) A
Load Guard:
    Current:     (0, 0, 0; 0) A  Smoothed: (0, 0, 0) A
    Power:       (0, 0, 0: 0) kW
    Last Update: 01/01/0001 00:00:00  Offline
Connectors:
  22030428/1
    State:           Charging {Charging}
    Target:          16 A  Last: 16 A
    Current:         (15.708, 15.27, 15.196) A  Smoothed: (15.707929, 15.270011, 15.1956005) A
    Vehicle Limits:  Min: 6 A  Max: 16 A  Known
    Phase:           L123
    Arrival:         02/24/2026 20:49:51  PlannedDeparture: 02/25/2026 00:10:23
    Required Energy: 68.70000076293947 kWh  Critical
    Exclude after:   
    Ignored till:    
    Schedule:        [16.0,16.0,16.0,0.0,0.0,0.0,0.0,0.0,0.0,0.0,0.0,0.0,0.0,0.0,0.0,0.0,0.0,0.0,0.0,0.0,0.0,0.0,0.0,0.0]
  22030428/2
    State:           Excluded {ChargingPausedByEv}
    Target:          0 A  Last: 0 A
    Current:         (0, 0, 0) A  Smoothed: (0, 0, 0) A
    Vehicle Limits:  Min: 6 A  Max: 16 A  Known
    Phase:           L123
    Arrival:         02/24/2026 19:36:48  PlannedDeparture: 02/25/2026 00:10:23
    Required Energy: 66.79999923706056 kWh  Critical
    Exclude after:   02/24/2026 23:29:45
    Ignored till:    
    Schedule:        [16.0,16.0,16.0,0.0,0.0,0.0,0.0,0.0,0.0,0.0,0.0,0.0,0.0,0.0,0.0,0.0,0.0,0.0,0.0,0.0,0.0,0.0,0.0,0.0]
2026-02-25 00:10:32 Verb  <#71> [Scheduler] - Instant solver finished in 151.627 ms for 1/2 connectors
2026-02-25 00:10:32 Verb  <#71> [Scheduler] - Instant update result:
Available:   (32, 32, 32) A
Surplus:     (16, 16, 16)
Cluster Max: (32, 32, 32) A
Load Guard:
    Current:     (0, 0, 0; 0) A  Smoothed: (0, 0, 0) A
    Power:       (0, 0, 0: 0) kW
    Last Update: 01/01/0001 00:00:00  Offline
Connectors:
  22030428/1
    State:           Charging {Charging}
    Target:          16 A  Last: 16 A
    Current:         (15.708, 15.27, 15.196) A  Smoothed: (15.707972, 15.270004, 15.19584) A
    Vehicle Limits:  Min: 6 A  Max: 16 A  Known
    Phase:           L123
    Arrival:         02/24/2026 20:49:51  PlannedDeparture: 02/25/2026 00:10:23
    Required Energy: 68.70000076293947 kWh  Critical
    Exclude after:   
    Ignored till:    
    Schedule:        [16.0,16.0,16.0,0.0,0.0,0.0,0.0,0.0,0.0,0.0,0.0,0.0,0.0,0.0,0.0,0.0,0.0,0.0,0.0,0.0,0.0,0.0,0.0,0.0]
  22030428/2
    State:           Excluded {ChargingPausedByEv}
    Target:          0 A  Last: 0 A
    Current:         (0, 0, 0) A  Smoothed: (0, 0, 0) A
    Vehicle Limits:  Min: 6 A  Max: 16 A  Known
    Phase:           L123
    Arrival:         02/24/2026 19:36:48  PlannedDeparture: 02/25/2026 00:10:23
    Required Energy: 66.79999923706056 kWh  Critical
    Exclude after:   02/24/2026 23:29:45
    Ignored till:    
    Schedule:        [16.0,16.0,16.0,0.0,0.0,0.0,0.0,0.0,0.0,0.0,0.0,0.0,0.0,0.0,0.0,0.0,0.0,0.0,0.0,0.0,0.0,0.0,0.0,0.0]
2026-02-25 00:10:34 Verb  <#71> [Scheduler] - Instant solver finished in 227.7374 ms for 1/2 connectors
2026-02-25 00:10:34 Verb  <#71> [Scheduler] - Instant update result:
Available:   (32, 32, 32) A
Surplus:     (16, 16, 16)
Cluster Max: (32, 32, 32) A
Load Guard:
    Current:     (0, 0, 0; 0) A  Smoothed: (0, 0, 0) A
    Power:       (0, 0, 0: 0) kW
    Last Update: 01/01/0001 00:00:00  Offline
Connectors:
  22030428/1
    State:           Charging {Charging}
    Target:          16 A  Last: 16 A
    Current:         (15.708, 15.27, 15.196) A  Smoothed: (15.707989, 15.270002, 15.195936) A
    Vehicle Limits:  Min: 6 A  Max: 16 A  Known
    Phase:           L123
    Arrival:         02/24/2026 20:49:51  PlannedDeparture: 02/25/2026 00:10:23
    Required Energy: 68.70000076293947 kWh  Critical
    Exclude after:   
    Ignored till:    
    Schedule:        [16.0,16.0,16.0,0.0,0.0,0.0,0.0,0.0,0.0,0.0,0.0,0.0,0.0,0.0,0.0,0.0,0.0,0.0,0.0,0.0,0.0,0.0,0.0,0.0]
  22030428/2
    State:           Excluded {ChargingPausedByEv}
    Target:          0 A  Last: 0 A
    Current:         (0, 0, 0) A  Smoothed: (0, 0, 0) A
    Vehicle Limits:  Min: 6 A  Max: 16 A  Known
    Phase:           L123
    Arrival:         02/24/2026 19:36:48  PlannedDeparture: 02/25/2026 00:10:23
    Required Energy: 66.79999923706056 kWh  Critical
    Exclude after:   02/24/2026 23:29:45
    Ignored till:    
    Schedule:        [16.0,16.0,16.0,0.0,0.0,0.0,0.0,0.0,0.0,0.0,0.0,0.0,0.0,0.0,0.0,0.0,0.0,0.0,0.0,0.0,0.0,0.0,0.0,0.0]
2026-02-25 00:10:37 Verb  <#71> [Scheduler] - Instant solver finished in 75.7094 ms for 1/2 connectors
2026-02-25 00:10:37 Verb  <#71> [Scheduler] - Instant update result:
Available:   (32, 32, 32) A
Surplus:     (16, 16, 16)
Cluster Max: (32, 32, 32) A
Load Guard:
    Current:     (0, 0, 0; 0) A  Smoothed: (0, 0, 0) A
    Power:       (0, 0, 0: 0) kW
    Last Update: 01/01/0001 00:00:00  Offline
Connectors:
  22030428/1
    State:           Charging {Charging}
    Target:          16 A  Last: 16 A
    Current:         (15.77, 15.3, 15.222) A  Smoothed: (15.760078, 15.2952, 15.21783) A
    Vehicle Limits:  Min: 6 A  Max: 16 A  Known
    Phase:           L123
    Arrival:         02/24/2026 20:49:51  PlannedDeparture: 02/25/2026 00:10:23
    Required Energy: 68.70000076293947 kWh  Critical
    Exclude after:   
    Ignored till:    
    Schedule:        [16.0,16.0,16.0,0.0,0.0,0.0,0.0,0.0,0.0,0.0,0.0,0.0,0.0,0.0,0.0,0.0,0.0,0.0,0.0,0.0,0.0,0.0,0.0,0.0]
  22030428/2
    State:           Excluded {ChargingPausedByEv}
    Target:          0 A  Last: 0 A
    Current:         (0, 0, 0) A  Smoothed: (0, 0, 0) A
    Vehicle Limits:  Min: 6 A  Max: 16 A  Known
    Phase:           L123
    Arrival:         02/24/2026 19:36:48  PlannedDeparture: 02/25/2026 00:10:23
    Required Energy: 66.79999923706056 kWh  Critical
    Exclude after:   02/24/2026 23:29:45
    Ignored till:    
    Schedule:        [16.0,16.0,16.0,0.0,0.0,0.0,0.0,0.0,0.0,0.0,0.0,0.0,0.0,0.0,0.0,0.0,0.0,0.0,0.0,0.0,0.0,0.0,0.0,0.0]
2026-02-25 00:10:39 Verb  <#58> [Scheduler] - Instant solver finished in 160.1475 ms for 1/2 connectors
2026-02-25 00:10:39 Verb  <#58> [Scheduler] - Instant update result:
Available:   (32, 32, 32) A
Surplus:     (16, 16, 16)
Cluster Max: (32, 32, 32) A
Load Guard:
    Current:     (0, 0, 0; 0) A  Smoothed: (0, 0, 0) A
    Power:       (0, 0, 0: 0) kW
    Last Update: 01/01/0001 00:00:00  Offline
Connectors:
  22030428/1
    State:           Charging {Charging}
    Target:          16 A  Last: 16 A
    Current:         (15.77, 15.3, 15.222) A  Smoothed: (15.766031, 15.29808, 15.220332) A
    Vehicle Limits:  Min: 6 A  Max: 16 A  Known
    Phase:           L123
    Arrival:         02/24/2026 20:49:51  PlannedDeparture: 02/25/2026 00:10:23
    Required Energy: 68.70000076293947 kWh  Critical
    Exclude after:   
    Ignored till:    
    Schedule:        [16.0,16.0,16.0,0.0,0.0,0.0,0.0,0.0,0.0,0.0,0.0,0.0,0.0,0.0,0.0,0.0,0.0,0.0,0.0,0.0,0.0,0.0,0.0,0.0]
  22030428/2
    State:           Excluded {ChargingPausedByEv}
    Target:          0 A  Last: 0 A
    Current:         (0, 0, 0) A  Smoothed: (0, 0, 0) A
    Vehicle Limits:  Min: 6 A  Max: 16 A  Known
    Phase:           L123
    Arrival:         02/24/2026 19:36:48  PlannedDeparture: 02/25/2026 00:10:23
    Required Energy: 66.79999923706056 kWh  Critical
    Exclude after:   02/24/2026 23:29:45
    Ignored till:    
    Schedule:        [16.0,16.0,16.0,0.0,0.0,0.0,0.0,0.0,0.0,0.0,0.0,0.0,0.0,0.0,0.0,0.0,0.0,0.0,0.0,0.0,0.0,0.0,0.0,0.0]
2026-02-25 00:10:41 Verb  <#58> [Scheduler] - Instant solver finished in 66.3762 ms for 1/2 connectors
2026-02-25 00:10:41 Verb  <#58> [Scheduler] - Instant update result:
Available:   (32, 32, 32) A
Surplus:     (16, 16, 16)
Cluster Max: (32, 32, 32) A
Load Guard:
    Current:     (0, 0, 0; 0) A  Smoothed: (0, 0, 0) A
    Power:       (0, 0, 0: 0) kW
    Last Update: 01/01/0001 00:00:00  Offline
Connectors:
  22030428/1
    State:           Charging {Charging}
    Target:          16 A  Last: 16 A
    Current:         (15.77, 15.3, 15.222) A  Smoothed: (15.768413, 15.2992325, 15.221333) A
    Vehicle Limits:  Min: 6 A  Max: 16 A  Known
    Phase:           L123
    Arrival:         02/24/2026 20:49:51  PlannedDeparture: 02/25/2026 00:10:23
    Required Energy: 68.70000076293947 kWh  Critical
    Exclude after:   
    Ignored till:    
    Schedule:        [16.0,16.0,16.0,0.0,0.0,0.0,0.0,0.0,0.0,0.0,0.0,0.0,0.0,0.0,0.0,0.0,0.0,0.0,0.0,0.0,0.0,0.0,0.0,0.0]
  22030428/2
    State:           Excluded {ChargingPausedByEv}
    Target:          0 A  Last: 0 A
    Current:         (0, 0, 0) A  Smoothed: (0, 0, 0) A
    Vehicle Limits:  Min: 6 A  Max: 16 A  Known
    Phase:           L123
    Arrival:         02/24/2026 19:36:48  PlannedDeparture: 02/25/2026 00:10:23
    Required Energy: 66.79999923706056 kWh  Critical
    Exclude after:   02/24/2026 23:29:45
    Ignored till:    
    Schedule:        [16.0,16.0,16.0,0.0,0.0,0.0,0.0,0.0,0.0,0.0,0.0,0.0,0.0,0.0,0.0,0.0,0.0,0.0,0.0,0.0,0.0,0.0,0.0,0.0]
2026-02-25 00:10:43 Verb  <#58> [Scheduler] - Instant solver finished in 85.8355 ms for 1/2 connectors
2026-02-25 00:10:43 Verb  <#58> [Scheduler] - Instant update result:
Available:   (32, 32, 32) A
Surplus:     (16, 16, 16)
Cluster Max: (32, 32, 32) A
Load Guard:
    Current:     (0, 0, 0; 0) A  Smoothed: (0, 0, 0) A
    Power:       (0, 0, 0: 0) kW
    Last Update: 01/01/0001 00:00:00  Offline
Connectors:
  22030428/1
    State:           Charging {Charging}
    Target:          16 A  Last: 16 A
    Current:         (15.77, 15.3, 15.222) A  Smoothed: (15.769365, 15.299693, 15.221733) A
    Vehicle Limits:  Min: 6 A  Max: 16 A  Known
    Phase:           L123
    Arrival:         02/24/2026 20:49:51  PlannedDeparture: 02/25/2026 00:10:23
    Required Energy: 68.70000076293947 kWh  Critical
    Exclude after:   
    Ignored till:    
    Schedule:        [16.0,16.0,16.0,0.0,0.0,0.0,0.0,0.0,0.0,0.0,0.0,0.0,0.0,0.0,0.0,0.0,0.0,0.0,0.0,0.0,0.0,0.0,0.0,0.0]
  22030428/2
    State:           Excluded {ChargingPausedByEv}
    Target:          0 A  Last: 0 A
    Current:         (0, 0, 0) A  Smoothed: (0, 0, 0) A
    Vehicle Limits:  Min: 6 A  Max: 16 A  Known
    Phase:           L123
    Arrival:         02/24/2026 19:36:48  PlannedDeparture: 02/25/2026 00:10:23
    Required Energy: 66.79999923706056 kWh  Critical
    Exclude after:   02/24/2026 23:29:45
    Ignored till:    
    Schedule:        [16.0,16.0,16.0,0.0,0.0,0.0,0.0,0.0,0.0,0.0,0.0,0.0,0.0,0.0,0.0,0.0,0.0,0.0,0.0,0.0,0.0,0.0,0.0,0.0]
2026-02-25 00:10:45 Verb  <#71> [Scheduler] - Instant solver finished in 170.8395 ms for 1/2 connectors
2026-02-25 00:10:45 Verb  <#71> [Scheduler] - Instant update result:
Available:   (32, 32, 32) A
Surplus:     (16, 16, 16)
Cluster Max: (32, 32, 32) A
Load Guard:
    Current:     (0, 0, 0; 0) A  Smoothed: (0, 0, 0) A
    Power:       (0, 0, 0: 0) kW
    Last Update: 01/01/0001 00:00:00  Offline
Connectors:
  22030428/1
    State:           Charging {Charging}
    Target:          16 A  Last: 16 A
    Current:         (15.77, 15.3, 15.222) A  Smoothed: (15.769747, 15.299877, 15.221893) A
    Vehicle Limits:  Min: 6 A  Max: 16 A  Known
    Phase:           L123
    Arrival:         02/24/2026 20:49:51  PlannedDeparture: 02/25/2026 00:10:23
    Required Energy: 68.70000076293947 kWh  Critical
    Exclude after:   
    Ignored till:    
    Schedule:        [16.0,16.0,16.0,0.0,0.0,0.0,0.0,0.0,0.0,0.0,0.0,0.0,0.0,0.0,0.0,0.0,0.0,0.0,0.0,0.0,0.0,0.0,0.0,0.0]
  22030428/2
    State:           Excluded {ChargingPausedByEv}
    Target:          0 A  Last: 0 A
    Current:         (0, 0, 0) A  Smoothed: (0, 0, 0) A
    Vehicle Limits:  Min: 6 A  Max: 16 A  Known
    Phase:           L123
    Arrival:         02/24/2026 19:36:48  PlannedDeparture: 02/25/2026 00:10:23
    Required Energy: 66.79999923706056 kWh  Critical
    Exclude after:   02/24/2026 23:29:45
    Ignored till:    
    Schedule:        [16.0,16.0,16.0,0.0,0.0,0.0,0.0,0.0,0.0,0.0,0.0,0.0,0.0,0.0,0.0,0.0,0.0,0.0,0.0,0.0,0.0,0.0,0.0,0.0]
2026-02-25 00:10:47 Verb  <#71> [Scheduler] - Instant solver finished in 170.0217 ms for 1/2 connectors
2026-02-25 00:10:47 Verb  <#71> [Scheduler] - Instant update result:
Available:   (32, 32, 32) A
Surplus:     (16, 16, 16)
Cluster Max: (32, 32, 32) A
Load Guard:
    Current:     (0, 0, 0; 0) A  Smoothed: (0, 0, 0) A
    Power:       (0, 0, 0: 0) kW
    Last Update: 01/01/0001 00:00:00  Offline
Connectors:
  22030428/1
    State:           Charging {Charging}
    Target:          16 A  Last: 16 A
    Current:         (15.77, 15.3, 15.222) A  Smoothed: (15.769899, 15.299951, 15.221957) A
    Vehicle Limits:  Min: 6 A  Max: 16 A  Known
    Phase:           L123
    Arrival:         02/24/2026 20:49:51  PlannedDeparture: 02/25/2026 00:10:23
    Required Energy: 68.70000076293947 kWh  Critical
    Exclude after:   
    Ignored till:    
    Schedule:        [16.0,16.0,16.0,0.0,0.0,0.0,0.0,0.0,0.0,0.0,0.0,0.0,0.0,0.0,0.0,0.0,0.0,0.0,0.0,0.0,0.0,0.0,0.0,0.0]
  22030428/2
    State:           Excluded {ChargingPausedByEv}
    Target:          0 A  Last: 0 A
    Current:         (0, 0, 0) A  Smoothed: (0, 0, 0) A
    Vehicle Limits:  Min: 6 A  Max: 16 A  Known
    Phase:           L123
    Arrival:         02/24/2026 19:36:48  PlannedDeparture: 02/25/2026 00:10:23
    Required Energy: 66.79999923706056 kWh  Critical
    Exclude after:   02/24/2026 23:29:45
    Ignored till:    
    Schedule:        [16.0,16.0,16.0,0.0,0.0,0.0,0.0,0.0,0.0,0.0,0.0,0.0,0.0,0.0,0.0,0.0,0.0,0.0,0.0,0.0,0.0,0.0,0.0,0.0]
2026-02-25 00:10:49 Verb  <#71> [Scheduler] - Instant solver finished in 80.9806 ms for 1/2 connectors
2026-02-25 00:10:49 Verb  <#71> [Scheduler] - Instant update result:
Available:   (32, 32, 32) A
Surplus:     (16, 16, 16)
Cluster Max: (32, 32, 32) A
Load Guard:
    Current:     (0, 0, 0; 0) A  Smoothed: (0, 0, 0) A
    Power:       (0, 0, 0: 0) kW
    Last Update: 01/01/0001 00:00:00  Offline
Connectors:
  22030428/1
    State:           Charging {Charging}
    Target:          16 A  Last: 16 A
    Current:         (15.77, 15.3, 15.222) A  Smoothed: (15.76996, 15.29998, 15.221983) A
    Vehicle Limits:  Min: 6 A  Max: 16 A  Known
    Phase:           L123
    Arrival:         02/24/2026 20:49:51  PlannedDeparture: 02/25/2026 00:10:23
    Required Energy: 68.70000076293947 kWh  Critical
    Exclude after:   
    Ignored till:    
    Schedule:        [16.0,16.0,16.0,0.0,0.0,0.0,0.0,0.0,0.0,0.0,0.0,0.0,0.0,0.0,0.0,0.0,0.0,0.0,0.0,0.0,0.0,0.0,0.0,0.0]
  22030428/2
    State:           Excluded {ChargingPausedByEv}
    Target:          0 A  Last: 0 A
    Current:         (0, 0, 0) A  Smoothed: (0, 0, 0) A
    Vehicle Limits:  Min: 6 A  Max: 16 A  Known
    Phase:           L123
    Arrival:         02/24/2026 19:36:48  PlannedDeparture: 02/25/2026 00:10:23
    Required Energy: 66.79999923706056 kWh  Critical
    Exclude after:   02/24/2026 23:29:45
    Ignored till:    
    Schedule:        [16.0,16.0,16.0,0.0,0.0,0.0,0.0,0.0,0.0,0.0,0.0,0.0,0.0,0.0,0.0,0.0,0.0,0.0,0.0,0.0,0.0,0.0,0.0,0.0]
2026-02-25 00:10:52 Verb  <#71> [Scheduler] - Instant solver finished in 81.7209 ms for 1/2 connectors
2026-02-25 00:10:52 Verb  <#71> [Scheduler] - Instant update result:
Available:   (32, 32, 32) A
Surplus:     (16, 16, 16)
Cluster Max: (32, 32, 32) A
Load Guard:
    Current:     (0, 0, 0; 0) A  Smoothed: (0, 0, 0) A
    Power:       (0, 0, 0: 0) kW
    Last Update: 01/01/0001 00:00:00  Offline
Connectors:
  22030428/1
    State:           Charging {Charging}
    Target:          16 A  Last: 16 A
    Current:         (15.77, 15.3, 15.222) A  Smoothed: (15.769984, 15.299993, 15.221993) A
    Vehicle Limits:  Min: 6 A  Max: 16 A  Known
    Phase:           L123
    Arrival:         02/24/2026 20:49:51  PlannedDeparture: 02/25/2026 00:10:23
    Required Energy: 68.70000076293947 kWh  Critical
    Exclude after:   
    Ignored till:    
    Schedule:        [16.0,16.0,16.0,0.0,0.0,0.0,0.0,0.0,0.0,0.0,0.0,0.0,0.0,0.0,0.0,0.0,0.0,0.0,0.0,0.0,0.0,0.0,0.0,0.0]
  22030428/2
    State:           Excluded {ChargingPausedByEv}
    Target:          0 A  Last: 0 A
    Current:         (0, 0, 0) A  Smoothed: (0, 0, 0) A
    Vehicle Limits:  Min: 6 A  Max: 16 A  Known
    Phase:           L123
    Arrival:         02/24/2026 19:36:48  PlannedDeparture: 02/25/2026 00:10:23
    Required Energy: 66.79999923706056 kWh  Critical
    Exclude after:   02/24/2026 23:29:45
    Ignored till:    
    Schedule:        [16.0,16.0,16.0,0.0,0.0,0.0,0.0,0.0,0.0,0.0,0.0,0.0,0.0,0.0,0.0,0.0,0.0,0.0,0.0,0.0,0.0,0.0,0.0,0.0]
2026-02-25 00:10:54 Verb  <#58> [Scheduler] - Instant solver finished in 79.0597 ms for 1/2 connectors
2026-02-25 00:10:54 Verb  <#58> [Scheduler] - Instant update result:
Available:   (32, 32, 32) A
Surplus:     (16, 16, 16)
Cluster Max: (32, 32, 32) A
Load Guard:
    Current:     (0, 0, 0; 0) A  Smoothed: (0, 0, 0) A
    Power:       (0, 0, 0: 0) kW
    Last Update: 01/01/0001 00:00:00  Offline
Connectors:
  22030428/1
    State:           Charging {Charging}
    Target:          16 A  Last: 16 A
    Current:         (15.711, 15.303, 15.2) A  Smoothed: (15.720438, 15.302519, 15.203519) A
    Vehicle Limits:  Min: 6 A  Max: 16 A  Known
    Phase:           L123
    Arrival:         02/24/2026 20:49:51  PlannedDeparture: 02/25/2026 00:10:53
    Required Energy: 68.60000038146974 kWh  Critical
    Exclude after:   
    Ignored till:    
    Schedule:        [16.0,16.0,16.0,0.0,0.0,0.0,0.0,0.0,0.0,0.0,0.0,0.0,0.0,0.0,0.0,0.0,0.0,0.0,0.0,0.0,0.0,0.0,0.0,0.0]
  22030428/2
    State:           Excluded {ChargingPausedByEv}
    Target:          0 A  Last: 0 A
    Current:         (0, 0, 0) A  Smoothed: (0, 0, 0) A
    Vehicle Limits:  Min: 6 A  Max: 16 A  Known
    Phase:           L123
    Arrival:         02/24/2026 19:36:48  PlannedDeparture: 02/25/2026 00:10:53
    Required Energy: 66.79999923706056 kWh  Critical
    Exclude after:   02/24/2026 23:29:45
    Ignored till:    
    Schedule:        [16.0,16.0,16.0,0.0,0.0,0.0,0.0,0.0,0.0,0.0,0.0,0.0,0.0,0.0,0.0,0.0,0.0,0.0,0.0,0.0,0.0,0.0,0.0,0.0]
2026-02-25 00:10:56 Verb  <#58> [Scheduler] - Instant solver finished in 172.0739 ms for 1/2 connectors
2026-02-25 00:10:56 Verb  <#58> [Scheduler] - Instant update result:
Available:   (32, 32, 32) A
Surplus:     (16, 16, 16)
Cluster Max: (32, 32, 32) A
Load Guard:
    Current:     (0, 0, 0; 0) A  Smoothed: (0, 0, 0) A
    Power:       (0, 0, 0: 0) kW
    Last Update: 01/01/0001 00:00:00  Offline
Connectors:
  22030428/1
    State:           Charging {Charging}
    Target:          16 A  Last: 16 A
    Current:         (15.711, 15.303, 15.2) A  Smoothed: (15.714775, 15.302808, 15.201407) A
    Vehicle Limits:  Min: 6 A  Max: 16 A  Known
    Phase:           L123
    Arrival:         02/24/2026 20:49:51  PlannedDeparture: 02/25/2026 00:10:53
    Required Energy: 68.60000038146974 kWh  Critical
    Exclude after:   
    Ignored till:    
    Schedule:        [16.0,16.0,16.0,0.0,0.0,0.0,0.0,0.0,0.0,0.0,0.0,0.0,0.0,0.0,0.0,0.0,0.0,0.0,0.0,0.0,0.0,0.0,0.0,0.0]
  22030428/2
    State:           Excluded {ChargingPausedByEv}
    Target:          0 A  Last: 0 A
    Current:         (0, 0, 0) A  Smoothed: (0, 0, 0) A
    Vehicle Limits:  Min: 6 A  Max: 16 A  Known
    Phase:           L123
    Arrival:         02/24/2026 19:36:48  PlannedDeparture: 02/25/2026 00:10:53
    Required Energy: 66.79999923706056 kWh  Critical
    Exclude after:   02/24/2026 23:29:45
    Ignored till:    
    Schedule:        [16.0,16.0,16.0,0.0,0.0,0.0,0.0,0.0,0.0,0.0,0.0,0.0,0.0,0.0,0.0,0.0,0.0,0.0,0.0,0.0,0.0,0.0,0.0,0.0]
2026-02-25 00:10:58 Verb  <#58> [Scheduler] - Instant solver finished in 196.9615 ms for 1/2 connectors
2026-02-25 00:10:58 Verb  <#58> [Scheduler] - Instant update result:
Available:   (32, 32, 32) A
Surplus:     (16, 16, 16)
Cluster Max: (32, 32, 32) A
Load Guard:
    Current:     (0, 0, 0; 0) A  Smoothed: (0, 0, 0) A
    Power:       (0, 0, 0: 0) kW
    Last Update: 01/01/0001 00:00:00  Offline
Connectors:
  22030428/1
    State:           Charging {Charging}
    Target:          16 A  Last: 16 A
    Current:         (15.711, 15.303, 15.2) A  Smoothed: (15.71251, 15.302923, 15.2005625) A
    Vehicle Limits:  Min: 6 A  Max: 16 A  Known
    Phase:           L123
    Arrival:         02/24/2026 20:49:51  PlannedDeparture: 02/25/2026 00:10:53
    Required Energy: 68.60000038146974 kWh  Critical
    Exclude after:   
    Ignored till:    
    Schedule:        [16.0,16.0,16.0,0.0,0.0,0.0,0.0,0.0,0.0,0.0,0.0,0.0,0.0,0.0,0.0,0.0,0.0,0.0,0.0,0.0,0.0,0.0,0.0,0.0]
  22030428/2
    State:           Excluded {ChargingPausedByEv}
    Target:          0 A  Last: 0 A
    Current:         (0, 0, 0) A  Smoothed: (0, 0, 0) A
    Vehicle Limits:  Min: 6 A  Max: 16 A  Known
    Phase:           L123
    Arrival:         02/24/2026 19:36:48  PlannedDeparture: 02/25/2026 00:10:53
    Required Energy: 66.79999923706056 kWh  Critical
    Exclude after:   02/24/2026 23:29:45
    Ignored till:    
    Schedule:        [16.0,16.0,16.0,0.0,0.0,0.0,0.0,0.0,0.0,0.0,0.0,0.0,0.0,0.0,0.0,0.0,0.0,0.0,0.0,0.0,0.0,0.0,0.0,0.0]
2026-02-25 00:11:00 Verb  <#71> [Scheduler] - Instant solver finished in 171.0705 ms for 1/2 connectors
2026-02-25 00:11:00 Verb  <#71> [Scheduler] - Instant update result:
Available:   (32, 32, 32) A
Surplus:     (16, 16, 16)
Cluster Max: (32, 32, 32) A
Load Guard:
    Current:     (0, 0, 0; 0) A  Smoothed: (0, 0, 0) A
    Power:       (0, 0, 0: 0) kW
    Last Update: 01/01/0001 00:00:00  Offline
Connectors:
  22030428/1
    State:           Charging {Charging}
    Target:          16 A  Last: 16 A
    Current:         (15.711, 15.303, 15.2) A  Smoothed: (15.711604, 15.30297, 15.200225) A
    Vehicle Limits:  Min: 6 A  Max: 16 A  Known
    Phase:           L123
    Arrival:         02/24/2026 20:49:51  PlannedDeparture: 02/25/2026 00:10:53
    Required Energy: 68.60000038146974 kWh  Critical
    Exclude after:   
    Ignored till:    
    Schedule:        [16.0,16.0,16.0,0.0,0.0,0.0,0.0,0.0,0.0,0.0,0.0,0.0,0.0,0.0,0.0,0.0,0.0,0.0,0.0,0.0,0.0,0.0,0.0,0.0]
  22030428/2
    State:           Excluded {ChargingPausedByEv}
    Target:          0 A  Last: 0 A
    Current:         (0, 0, 0) A  Smoothed: (0, 0, 0) A
    Vehicle Limits:  Min: 6 A  Max: 16 A  Known
    Phase:           L123
    Arrival:         02/24/2026 19:36:48  PlannedDeparture: 02/25/2026 00:10:53
    Required Energy: 66.79999923706056 kWh  Critical
    Exclude after:   02/24/2026 23:29:45
    Ignored till:    
    Schedule:        [16.0,16.0,16.0,0.0,0.0,0.0,0.0,0.0,0.0,0.0,0.0,0.0,0.0,0.0,0.0,0.0,0.0,0.0,0.0,0.0,0.0,0.0,0.0,0.0]
2026-02-25 00:11:02 Verb  <#71> [Scheduler] - Instant solver finished in 237.4518 ms for 1/2 connectors
2026-02-25 00:11:02 Verb  <#71> [Scheduler] - Instant update result:
Available:   (32, 32, 32) A
Surplus:     (16, 16, 16)
Cluster Max: (32, 32, 32) A
Load Guard:
    Current:     (0, 0, 0; 0) A  Smoothed: (0, 0, 0) A
    Power:       (0, 0, 0: 0) kW
    Last Update: 01/01/0001 00:00:00  Offline
Connectors:
  22030428/1
    State:           Charging {Charging}
    Target:          16 A  Last: 16 A
    Current:         (15.711, 15.303, 15.2) A  Smoothed: (15.711242, 15.302988, 15.200089) A
    Vehicle Limits:  Min: 6 A  Max: 16 A  Known
    Phase:           L123
    Arrival:         02/24/2026 20:49:51  PlannedDeparture: 02/25/2026 00:10:53
    Required Energy: 68.60000038146974 kWh  Critical
    Exclude after:   
    Ignored till:    
    Schedule:        [16.0,16.0,16.0,0.0,0.0,0.0,0.0,0.0,0.0,0.0,0.0,0.0,0.0,0.0,0.0,0.0,0.0,0.0,0.0,0.0,0.0,0.0,0.0,0.0]
  22030428/2
    State:           Excluded {ChargingPausedByEv}
    Target:          0 A  Last: 0 A
    Current:         (0, 0, 0) A  Smoothed: (0, 0, 0) A
    Vehicle Limits:  Min: 6 A  Max: 16 A  Known
    Phase:           L123
    Arrival:         02/24/2026 19:36:48  PlannedDeparture: 02/25/2026 00:10:53
    Required Energy: 66.79999923706056 kWh  Critical
    Exclude after:   02/24/2026 23:29:45
    Ignored till:    
    Schedule:        [16.0,16.0,16.0,0.0,0.0,0.0,0.0,0.0,0.0,0.0,0.0,0.0,0.0,0.0,0.0,0.0,0.0,0.0,0.0,0.0,0.0,0.0,0.0,0.0]
2026-02-25 00:11:05 Verb  <#71> [Scheduler] - Instant solver finished in 76.4831 ms for 1/2 connectors
2026-02-25 00:11:05 Verb  <#71> [Scheduler] - Instant update result:
Available:   (32, 32, 32) A
Surplus:     (16, 16, 16)
Cluster Max: (32, 32, 32) A
Load Guard:
    Current:     (0, 0, 0; 0) A  Smoothed: (0, 0, 0) A
    Power:       (0, 0, 0: 0) kW
    Last Update: 01/01/0001 00:00:00  Offline
Connectors:
  22030428/1
    State:           Charging {Charging}
    Target:          16 A  Last: 16 A
    Current:         (15.711, 15.303, 15.2) A  Smoothed: (15.711097, 15.302996, 15.200036) A
    Vehicle Limits:  Min: 6 A  Max: 16 A  Known
    Phase:           L123
    Arrival:         02/24/2026 20:49:51  PlannedDeparture: 02/25/2026 00:10:53
    Required Energy: 68.60000038146974 kWh  Critical
    Exclude after:   
    Ignored till:    
    Schedule:        [16.0,16.0,16.0,0.0,0.0,0.0,0.0,0.0,0.0,0.0,0.0,0.0,0.0,0.0,0.0,0.0,0.0,0.0,0.0,0.0,0.0,0.0,0.0,0.0]
  22030428/2
    State:           Excluded {ChargingPausedByEv}
    Target:          0 A  Last: 0 A
    Current:         (0, 0, 0) A  Smoothed: (0, 0, 0) A
    Vehicle Limits:  Min: 6 A  Max: 16 A  Known
    Phase:           L123
    Arrival:         02/24/2026 19:36:48  PlannedDeparture: 02/25/2026 00:10:53
    Required Energy: 66.79999923706056 kWh  Critical
    Exclude after:   02/24/2026 23:29:45
    Ignored till:    
    Schedule:        [16.0,16.0,16.0,0.0,0.0,0.0,0.0,0.0,0.0,0.0,0.0,0.0,0.0,0.0,0.0,0.0,0.0,0.0,0.0,0.0,0.0,0.0,0.0,0.0]
2026-02-25 00:11:07 Verb  <#71> [Scheduler] - Instant solver finished in 85.2078 ms for 1/2 connectors
2026-02-25 00:11:07 Verb  <#71> [Scheduler] - Instant update result:
Available:   (32, 32, 32) A
Surplus:     (16, 16, 16)
Cluster Max: (32, 32, 32) A
Load Guard:
    Current:     (0, 0, 0; 0) A  Smoothed: (0, 0, 0) A
    Power:       (0, 0, 0: 0) kW
    Last Update: 01/01/0001 00:00:00  Offline
Connectors:
  22030428/1
    State:           Charging {Charging}
    Target:          16 A  Last: 16 A
    Current:         (15.711, 15.303, 15.2) A  Smoothed: (15.711039, 15.302999, 15.200014) A
    Vehicle Limits:  Min: 6 A  Max: 16 A  Known
    Phase:           L123
    Arrival:         02/24/2026 20:49:51  PlannedDeparture: 02/25/2026 00:10:53
    Required Energy: 68.60000038146974 kWh  Critical
    Exclude after:   
    Ignored till:    
    Schedule:        [16.0,16.0,16.0,0.0,0.0,0.0,0.0,0.0,0.0,0.0,0.0,0.0,0.0,0.0,0.0,0.0,0.0,0.0,0.0,0.0,0.0,0.0,0.0,0.0]
  22030428/2
    State:           Excluded {ChargingPausedByEv}
    Target:          0 A  Last: 0 A
    Current:         (0, 0, 0) A  Smoothed: (0, 0, 0) A
    Vehicle Limits:  Min: 6 A  Max: 16 A  Known
    Phase:           L123
    Arrival:         02/24/2026 19:36:48  PlannedDeparture: 02/25/2026 00:10:53
    Required Energy: 66.79999923706056 kWh  Critical
    Exclude after:   02/24/2026 23:29:45
    Ignored till:    
    Schedule:        [16.0,16.0,16.0,0.0,0.0,0.0,0.0,0.0,0.0,0.0,0.0,0.0,0.0,0.0,0.0,0.0,0.0,0.0,0.0,0.0,0.0,0.0,0.0,0.0]
2026-02-25 00:11:09 Verb  <#71> [Scheduler] - Instant solver finished in 71.1646 ms for 1/2 connectors
2026-02-25 00:11:09 Verb  <#71> [Scheduler] - Instant update result:
Available:   (32, 32, 32) A
Surplus:     (16, 16, 16)
Cluster Max: (32, 32, 32) A
Load Guard:
    Current:     (0, 0, 0; 0) A  Smoothed: (0, 0, 0) A
    Power:       (0, 0, 0: 0) kW
    Last Update: 01/01/0001 00:00:00  Offline
Connectors:
  22030428/1
    State:           Charging {Charging}
    Target:          16 A  Last: 16 A
    Current:         (15.711, 15.303, 15.2) A  Smoothed: (15.711016, 15.3029995, 15.200006) A
    Vehicle Limits:  Min: 6 A  Max: 16 A  Known
    Phase:           L123
    Arrival:         02/24/2026 20:49:51  PlannedDeparture: 02/25/2026 00:10:53
    Required Energy: 68.60000038146974 kWh  Critical
    Exclude after:   
    Ignored till:    
    Schedule:        [16.0,16.0,16.0,0.0,0.0,0.0,0.0,0.0,0.0,0.0,0.0,0.0,0.0,0.0,0.0,0.0,0.0,0.0,0.0,0.0,0.0,0.0,0.0,0.0]
  22030428/2
    State:           Excluded {ChargingPausedByEv}
    Target:          0 A  Last: 0 A
    Current:         (0, 0, 0) A  Smoothed: (0, 0, 0) A
    Vehicle Limits:  Min: 6 A  Max: 16 A  Known
    Phase:           L123
    Arrival:         02/24/2026 19:36:48  PlannedDeparture: 02/25/2026 00:10:53
    Required Energy: 66.79999923706056 kWh  Critical
    Exclude after:   02/24/2026 23:29:45
    Ignored till:    
    Schedule:        [16.0,16.0,16.0,0.0,0.0,0.0,0.0,0.0,0.0,0.0,0.0,0.0,0.0,0.0,0.0,0.0,0.0,0.0,0.0,0.0,0.0,0.0,0.0,0.0]
2026-02-25 00:11:11 Verb  <#71> [Scheduler] - Instant solver finished in 228.9907 ms for 1/2 connectors
2026-02-25 00:11:11 Verb  <#71> [Scheduler] - Instant update result:
Available:   (32, 32, 32) A
Surplus:     (16, 16, 16)
Cluster Max: (32, 32, 32) A
Load Guard:
    Current:     (0, 0, 0; 0) A  Smoothed: (0, 0, 0) A
    Power:       (0, 0, 0: 0) kW
    Last Update: 01/01/0001 00:00:00  Offline
Connectors:
  22030428/1
    State:           Charging {Charging}
    Target:          16 A  Last: 16 A
    Current:         (15.714, 15.305, 15.196) A  Smoothed: (15.713522, 15.30468, 15.196641) A
    Vehicle Limits:  Min: 6 A  Max: 16 A  Known
    Phase:           L123
    Arrival:         02/24/2026 20:49:51  PlannedDeparture: 02/25/2026 00:10:53
    Required Energy: 68.60000038146974 kWh  Critical
    Exclude after:   
    Ignored till:    
    Schedule:        [16.0,16.0,16.0,0.0,0.0,0.0,0.0,0.0,0.0,0.0,0.0,0.0,0.0,0.0,0.0,0.0,0.0,0.0,0.0,0.0,0.0,0.0,0.0,0.0]
  22030428/2
    State:           Excluded {ChargingPausedByEv}
    Target:          0 A  Last: 0 A
    Current:         (0, 0, 0) A  Smoothed: (0, 0, 0) A
    Vehicle Limits:  Min: 6 A  Max: 16 A  Known
    Phase:           L123
    Arrival:         02/24/2026 19:36:48  PlannedDeparture: 02/25/2026 00:10:53
    Required Energy: 66.79999923706056 kWh  Critical
    Exclude after:   02/24/2026 23:29:45
    Ignored till:    
    Schedule:        [16.0,16.0,16.0,0.0,0.0,0.0,0.0,0.0,0.0,0.0,0.0,0.0,0.0,0.0,0.0,0.0,0.0,0.0,0.0,0.0,0.0,0.0,0.0,0.0]
2026-02-25 00:11:13 Verb  <#71> [Scheduler] - Instant solver finished in 87.2133 ms for 1/2 connectors
2026-02-25 00:11:13 Verb  <#71> [Scheduler] - Instant update result:
Available:   (32, 32, 32) A
Surplus:     (16, 16, 16)
Cluster Max: (32, 32, 32) A
Load Guard:
    Current:     (0, 0, 0; 0) A  Smoothed: (0, 0, 0) A
    Power:       (0, 0, 0: 0) kW
    Last Update: 01/01/0001 00:00:00  Offline
Connectors:
  22030428/1
    State:           Charging {Charging}
    Target:          16 A  Last: 16 A
    Current:         (15.714, 15.305, 15.196) A  Smoothed: (15.713809, 15.3048725, 15.196257) A
    Vehicle Limits:  Min: 6 A  Max: 16 A  Known
    Phase:           L123
    Arrival:         02/24/2026 20:49:51  PlannedDeparture: 02/25/2026 00:10:53
    Required Energy: 68.60000038146974 kWh  Critical
    Exclude after:   
    Ignored till:    
    Schedule:        [16.0,16.0,16.0,0.0,0.0,0.0,0.0,0.0,0.0,0.0,0.0,0.0,0.0,0.0,0.0,0.0,0.0,0.0,0.0,0.0,0.0,0.0,0.0,0.0]
  22030428/2
    State:           Excluded {ChargingPausedByEv}
    Target:          0 A  Last: 0 A
    Current:         (0, 0, 0) A  Smoothed: (0, 0, 0) A
    Vehicle Limits:  Min: 6 A  Max: 16 A  Known
    Phase:           L123
    Arrival:         02/24/2026 19:36:48  PlannedDeparture: 02/25/2026 00:10:53
    Required Energy: 66.79999923706056 kWh  Critical
    Exclude after:   02/24/2026 23:29:45
    Ignored till:    
    Schedule:        [16.0,16.0,16.0,0.0,0.0,0.0,0.0,0.0,0.0,0.0,0.0,0.0,0.0,0.0,0.0,0.0,0.0,0.0,0.0,0.0,0.0,0.0,0.0,0.0]
2026-02-25 00:11:15 Verb  <#71> [Scheduler] - Instant solver finished in 91.4605 ms for 1/2 connectors
2026-02-25 00:11:15 Verb  <#71> [Scheduler] - Instant update result:
Available:   (32, 32, 32) A
Surplus:     (16, 16, 16)
Cluster Max: (32, 32, 32) A
Load Guard:
    Current:     (0, 0, 0; 0) A  Smoothed: (0, 0, 0) A
    Power:       (0, 0, 0: 0) kW
    Last Update: 01/01/0001 00:00:00  Offline
Connectors:
  22030428/1
    State:           Charging {Charging}
    Target:          16 A  Last: 16 A
    Current:         (15.714, 15.305, 15.196) A  Smoothed: (15.713923, 15.304949, 15.196103) A
    Vehicle Limits:  Min: 6 A  Max: 16 A  Known
    Phase:           L123
    Arrival:         02/24/2026 20:49:51  PlannedDeparture: 02/25/2026 00:10:53
    Required Energy: 68.60000038146974 kWh  Critical
    Exclude after:   
    Ignored till:    
    Schedule:        [16.0,16.0,16.0,0.0,0.0,0.0,0.0,0.0,0.0,0.0,0.0,0.0,0.0,0.0,0.0,0.0,0.0,0.0,0.0,0.0,0.0,0.0,0.0,0.0]
  22030428/2
    State:           Excluded {ChargingPausedByEv}
    Target:          0 A  Last: 0 A
    Current:         (0, 0, 0) A  Smoothed: (0, 0, 0) A
    Vehicle Limits:  Min: 6 A  Max: 16 A  Known
    Phase:           L123
    Arrival:         02/24/2026 19:36:48  PlannedDeparture: 02/25/2026 00:10:53
    Required Energy: 66.79999923706056 kWh  Critical
    Exclude after:   02/24/2026 23:29:45
    Ignored till:    
    Schedule:        [16.0,16.0,16.0,0.0,0.0,0.0,0.0,0.0,0.0,0.0,0.0,0.0,0.0,0.0,0.0,0.0,0.0,0.0,0.0,0.0,0.0,0.0,0.0,0.0]
2026-02-25 00:11:17 Verb  <#65> [Scheduler] - Instant solver finished in 124.8868 ms for 1/2 connectors
2026-02-25 00:11:17 Verb  <#65> [Scheduler] - Instant update result:
Available:   (32, 32, 32) A
Surplus:     (16, 16, 16)
Cluster Max: (32, 32, 32) A
Load Guard:
    Current:     (0, 0, 0; 0) A  Smoothed: (0, 0, 0) A
    Power:       (0, 0, 0: 0) kW
    Last Update: 01/01/0001 00:00:00  Offline
Connectors:
  22030428/1
    State:           Charging {Charging}
    Target:          16 A  Last: 16 A
    Current:         (15.714, 15.305, 15.196) A  Smoothed: (15.713969, 15.304979, 15.196041) A
    Vehicle Limits:  Min: 6 A  Max: 16 A  Known
    Phase:           L123
    Arrival:         02/24/2026 20:49:51  PlannedDeparture: 02/25/2026 00:10:53
    Required Energy: 68.60000038146974 kWh  Critical
    Exclude after:   
    Ignored till:    
    Schedule:        [16.0,16.0,16.0,0.0,0.0,0.0,0.0,0.0,0.0,0.0,0.0,0.0,0.0,0.0,0.0,0.0,0.0,0.0,0.0,0.0,0.0,0.0,0.0,0.0]
  22030428/2
    State:           Excluded {ChargingPausedByEv}
    Target:          0 A  Last: 0 A
    Current:         (0, 0, 0) A  Smoothed: (0, 0, 0) A
    Vehicle Limits:  Min: 6 A  Max: 16 A  Known
    Phase:           L123
    Arrival:         02/24/2026 19:36:48  PlannedDeparture: 02/25/2026 00:10:53
    Required Energy: 66.79999923706056 kWh  Critical
    Exclude after:   02/24/2026 23:29:45
    Ignored till:    
    Schedule:        [16.0,16.0,16.0,0.0,0.0,0.0,0.0,0.0,0.0,0.0,0.0,0.0,0.0,0.0,0.0,0.0,0.0,0.0,0.0,0.0,0.0,0.0,0.0,0.0]
2026-02-25 00:11:19 Verb  <#65> [Scheduler] - Instant solver finished in 82.2253 ms for 1/2 connectors
2026-02-25 00:11:19 Verb  <#65> [Scheduler] - Instant update result:
Available:   (32, 32, 32) A
Surplus:     (16, 16, 16)
Cluster Max: (32, 32, 32) A
Load Guard:
    Current:     (0, 0, 0; 0) A  Smoothed: (0, 0, 0) A
    Power:       (0, 0, 0: 0) kW
    Last Update: 01/01/0001 00:00:00  Offline
Connectors:
  22030428/1
    State:           Charging {Charging}
    Target:          16 A  Last: 16 A
    Current:         (15.714, 15.305, 15.196) A  Smoothed: (15.713987, 15.304992, 15.196016) A
    Vehicle Limits:  Min: 6 A  Max: 16 A  Known
    Phase:           L123
    Arrival:         02/24/2026 20:49:51  PlannedDeparture: 02/25/2026 00:10:53
    Required Energy: 68.60000038146974 kWh  Critical
    Exclude after:   
    Ignored till:    
    Schedule:        [16.0,16.0,16.0,0.0,0.0,0.0,0.0,0.0,0.0,0.0,0.0,0.0,0.0,0.0,0.0,0.0,0.0,0.0,0.0,0.0,0.0,0.0,0.0,0.0]
  22030428/2
    State:           Excluded {ChargingPausedByEv}
    Target:          0 A  Last: 0 A
    Current:         (0, 0, 0) A  Smoothed: (0, 0, 0) A
    Vehicle Limits:  Min: 6 A  Max: 16 A  Known
    Phase:           L123
    Arrival:         02/24/2026 19:36:48  PlannedDeparture: 02/25/2026 00:10:53
    Required Energy: 66.79999923706056 kWh  Critical
    Exclude after:   02/24/2026 23:29:45
    Ignored till:    
    Schedule:        [16.0,16.0,16.0,0.0,0.0,0.0,0.0,0.0,0.0,0.0,0.0,0.0,0.0,0.0,0.0,0.0,0.0,0.0,0.0,0.0,0.0,0.0,0.0,0.0]
2026-02-25 00:11:22 Verb  <#65> [Scheduler] - Instant solver finished in 164.5645 ms for 1/2 connectors
2026-02-25 00:11:22 Verb  <#65> [Scheduler] - Instant update result:
Available:   (32, 32, 32) A
Surplus:     (16, 16, 16)
Cluster Max: (32, 32, 32) A
Load Guard:
    Current:     (0, 0, 0; 0) A  Smoothed: (0, 0, 0) A
    Power:       (0, 0, 0: 0) kW
    Last Update: 01/01/0001 00:00:00  Offline
Connectors:
  22030428/1
    State:           Charging {Charging}
    Target:          16 A  Last: 16 A
    Current:         (15.714, 15.305, 15.196) A  Smoothed: (15.713995, 15.3049965, 15.196007) A
    Vehicle Limits:  Min: 6 A  Max: 16 A  Known
    Phase:           L123
    Arrival:         02/24/2026 20:49:51  PlannedDeparture: 02/25/2026 00:10:53
    Required Energy: 68.60000038146974 kWh  Critical
    Exclude after:   
    Ignored till:    
    Schedule:        [16.0,16.0,16.0,0.0,0.0,0.0,0.0,0.0,0.0,0.0,0.0,0.0,0.0,0.0,0.0,0.0,0.0,0.0,0.0,0.0,0.0,0.0,0.0,0.0]
  22030428/2
    State:           Excluded {ChargingPausedByEv}
    Target:          0 A  Last: 0 A
    Current:         (0, 0, 0) A  Smoothed: (0, 0, 0) A
    Vehicle Limits:  Min: 6 A  Max: 16 A  Known
    Phase:           L123
    Arrival:         02/24/2026 19:36:48  PlannedDeparture: 02/25/2026 00:10:53
    Required Energy: 66.79999923706056 kWh  Critical
    Exclude after:   02/24/2026 23:29:45
    Ignored till:    
    Schedule:        [16.0,16.0,16.0,0.0,0.0,0.0,0.0,0.0,0.0,0.0,0.0,0.0,0.0,0.0,0.0,0.0,0.0,0.0,0.0,0.0,0.0,0.0,0.0,0.0]
2026-02-25 00:11:24 Verb  <#65> [Scheduler] - Instant solver finished in 106.4502 ms for 1/2 connectors
2026-02-25 00:11:24 Verb  <#65> [Scheduler] - Instant update result:
Available:   (32, 32, 32) A
Surplus:     (16, 16, 16)
Cluster Max: (32, 32, 32) A
Load Guard:
    Current:     (0, 0, 0; 0) A  Smoothed: (0, 0, 0) A
    Power:       (0, 0, 0: 0) kW
    Last Update: 01/01/0001 00:00:00  Offline
Connectors:
  22030428/1
    State:           Charging {Charging}
    Target:          16 A  Last: 16 A
    Current:         (15.73, 15.306, 15.187) A  Smoothed: (15.727439, 15.30584, 15.188441) A
    Vehicle Limits:  Min: 6 A  Max: 16 A  Known
    Phase:           L123
    Arrival:         02/24/2026 20:49:51  PlannedDeparture: 02/25/2026 00:11:23
    Required Energy: 68.50000000000001 kWh  Critical
    Exclude after:   
    Ignored till:    
    Schedule:        [16.0,16.0,16.0,0.0,0.0,0.0,0.0,0.0,0.0,0.0,0.0,0.0,0.0,0.0,0.0,0.0,0.0,0.0,0.0,0.0,0.0,0.0,0.0,0.0]
  22030428/2
    State:           Excluded {ChargingPausedByEv}
    Target:          0 A  Last: 0 A
    Current:         (0, 0, 0) A  Smoothed: (0, 0, 0) A
    Vehicle Limits:  Min: 6 A  Max: 16 A  Known
    Phase:           L123
    Arrival:         02/24/2026 19:36:48  PlannedDeparture: 02/25/2026 00:11:23
    Required Energy: 66.79999923706056 kWh  Critical
    Exclude after:   02/24/2026 23:29:45
    Ignored till:    
    Schedule:        [16.0,16.0,16.0,0.0,0.0,0.0,0.0,0.0,0.0,0.0,0.0,0.0,0.0,0.0,0.0,0.0,0.0,0.0,0.0,0.0,0.0,0.0,0.0,0.0]
2026-02-25 00:11:26 Verb  <#65> [Scheduler] - Instant solver finished in 160.7181 ms for 1/2 connectors
2026-02-25 00:11:26 Verb  <#65> [Scheduler] - Instant update result:
Available:   (32, 32, 32) A
Surplus:     (16, 16, 16)
Cluster Max: (32, 32, 32) A
Load Guard:
    Current:     (0, 0, 0; 0) A  Smoothed: (0, 0, 0) A
    Power:       (0, 0, 0: 0) kW
    Last Update: 01/01/0001 00:00:00  Offline
Connectors:
  22030428/1
    State:           Charging {Charging}
    Target:          16 A  Last: 16 A
    Current:         (15.73, 15.306, 15.187) A  Smoothed: (15.728975, 15.305936, 15.187576) A
    Vehicle Limits:  Min: 6 A  Max: 16 A  Known
    Phase:           L123
    Arrival:         02/24/2026 20:49:51  PlannedDeparture: 02/25/2026 00:11:23
    Required Energy: 68.50000000000001 kWh  Critical
    Exclude after:   
    Ignored till:    
    Schedule:        [16.0,16.0,16.0,0.0,0.0,0.0,0.0,0.0,0.0,0.0,0.0,0.0,0.0,0.0,0.0,0.0,0.0,0.0,0.0,0.0,0.0,0.0,0.0,0.0]
  22030428/2
    State:           Excluded {ChargingPausedByEv}
    Target:          0 A  Last: 0 A
    Current:         (0, 0, 0) A  Smoothed: (0, 0, 0) A
    Vehicle Limits:  Min: 6 A  Max: 16 A  Known
    Phase:           L123
    Arrival:         02/24/2026 19:36:48  PlannedDeparture: 02/25/2026 00:11:23
    Required Energy: 66.79999923706056 kWh  Critical
    Exclude after:   02/24/2026 23:29:45
    Ignored till:    
    Schedule:        [16.0,16.0,16.0,0.0,0.0,0.0,0.0,0.0,0.0,0.0,0.0,0.0,0.0,0.0,0.0,0.0,0.0,0.0,0.0,0.0,0.0,0.0,0.0,0.0]
2026-02-25 00:11:28 Verb  <#65> [Scheduler] - Instant solver finished in 129.8666 ms for 1/2 connectors
2026-02-25 00:11:28 Verb  <#65> [Scheduler] - Instant update result:
Available:   (32, 32, 32) A
Surplus:     (16, 16, 16)
Cluster Max: (32, 32, 32) A
Load Guard:
    Current:     (0, 0, 0; 0) A  Smoothed: (0, 0, 0) A
    Power:       (0, 0, 0: 0) kW
    Last Update: 01/01/0001 00:00:00  Offline
Connectors:
  22030428/1
    State:           Charging {Charging}
    Target:          16 A  Last: 16 A
    Current:         (15.73, 15.306, 15.187) A  Smoothed: (15.729589, 15.305974, 15.187231) A
    Vehicle Limits:  Min: 6 A  Max: 16 A  Known
    Phase:           L123
    Arrival:         02/24/2026 20:49:51  PlannedDeparture: 02/25/2026 00:11:23
    Required Energy: 68.50000000000001 kWh  Critical
    Exclude after:   
    Ignored till:    
    Schedule:        [16.0,16.0,16.0,0.0,0.0,0.0,0.0,0.0,0.0,0.0,0.0,0.0,0.0,0.0,0.0,0.0,0.0,0.0,0.0,0.0,0.0,0.0,0.0,0.0]
  22030428/2
    State:           Excluded {ChargingPausedByEv}
    Target:          0 A  Last: 0 A
    Current:         (0, 0, 0) A  Smoothed: (0, 0, 0) A
    Vehicle Limits:  Min: 6 A  Max: 16 A  Known
    Phase:           L123
    Arrival:         02/24/2026 19:36:48  PlannedDeparture: 02/25/2026 00:11:23
    Required Energy: 66.79999923706056 kWh  Critical
    Exclude after:   02/24/2026 23:29:45
    Ignored till:    
    Schedule:        [16.0,16.0,16.0,0.0,0.0,0.0,0.0,0.0,0.0,0.0,0.0,0.0,0.0,0.0,0.0,0.0,0.0,0.0,0.0,0.0,0.0,0.0,0.0,0.0]
2026-02-25 00:11:30 Verb  <#65> [Scheduler] - Instant solver finished in 264.4953 ms for 1/2 connectors
2026-02-25 00:11:30 Verb  <#65> [Scheduler] - Instant update result:
Available:   (32, 32, 32) A
Surplus:     (16, 16, 16)
Cluster Max: (32, 32, 32) A
Load Guard:
    Current:     (0, 0, 0; 0) A  Smoothed: (0, 0, 0) A
    Power:       (0, 0, 0: 0) kW
    Last Update: 01/01/0001 00:00:00  Offline
Connectors:
  22030428/1
    State:           Charging {Charging}
    Target:          16 A  Last: 16 A
    Current:         (15.73, 15.306, 15.187) A  Smoothed: (15.7298355, 15.305989, 15.187093) A
    Vehicle Limits:  Min: 6 A  Max: 16 A  Known
    Phase:           L123
    Arrival:         02/24/2026 20:49:51  PlannedDeparture: 02/25/2026 00:11:23
    Required Energy: 68.50000000000001 kWh  Critical
    Exclude after:   
    Ignored till:    
    Schedule:        [16.0,16.0,16.0,0.0,0.0,0.0,0.0,0.0,0.0,0.0,0.0,0.0,0.0,0.0,0.0,0.0,0.0,0.0,0.0,0.0,0.0,0.0,0.0,0.0]
  22030428/2
    State:           Excluded {ChargingPausedByEv}
    Target:          0 A  Last: 0 A
    Current:         (0, 0, 0) A  Smoothed: (0, 0, 0) A
    Vehicle Limits:  Min: 6 A  Max: 16 A  Known
    Phase:           L123
    Arrival:         02/24/2026 19:36:48  PlannedDeparture: 02/25/2026 00:11:23
    Required Energy: 66.79999923706056 kWh  Critical
    Exclude after:   02/24/2026 23:29:45
    Ignored till:    
    Schedule:        [16.0,16.0,16.0,0.0,0.0,0.0,0.0,0.0,0.0,0.0,0.0,0.0,0.0,0.0,0.0,0.0,0.0,0.0,0.0,0.0,0.0,0.0,0.0,0.0]
2026-02-25 00:11:32 Verb  <#65> [Scheduler] - Instant solver finished in 136.8873 ms for 1/2 connectors
2026-02-25 00:11:32 Verb  <#65> [Scheduler] - Instant update result:
Available:   (32, 32, 32) A
Surplus:     (16, 16, 16)
Cluster Max: (32, 32, 32) A
Load Guard:
    Current:     (0, 0, 0; 0) A  Smoothed: (0, 0, 0) A
    Power:       (0, 0, 0: 0) kW
    Last Update: 01/01/0001 00:00:00  Offline
Connectors:
  22030428/1
    State:           Charging {Charging}
    Target:          16 A  Last: 16 A
    Current:         (15.73, 15.306, 15.187) A  Smoothed: (15.729934, 15.305996, 15.187037) A
    Vehicle Limits:  Min: 6 A  Max: 16 A  Known
    Phase:           L123
    Arrival:         02/24/2026 20:49:51  PlannedDeparture: 02/25/2026 00:11:23
    Required Energy: 68.50000000000001 kWh  Critical
    Exclude after:   
    Ignored till:    
    Schedule:        [16.0,16.0,16.0,0.0,0.0,0.0,0.0,0.0,0.0,0.0,0.0,0.0,0.0,0.0,0.0,0.0,0.0,0.0,0.0,0.0,0.0,0.0,0.0,0.0]
  22030428/2
    State:           Excluded {ChargingPausedByEv}
    Target:          0 A  Last: 0 A
    Current:         (0, 0, 0) A  Smoothed: (0, 0, 0) A
    Vehicle Limits:  Min: 6 A  Max: 16 A  Known
    Phase:           L123
    Arrival:         02/24/2026 19:36:48  PlannedDeparture: 02/25/2026 00:11:23
    Required Energy: 66.79999923706056 kWh  Critical
    Exclude after:   02/24/2026 23:29:45
    Ignored till:    
    Schedule:        [16.0,16.0,16.0,0.0,0.0,0.0,0.0,0.0,0.0,0.0,0.0,0.0,0.0,0.0,0.0,0.0,0.0,0.0,0.0,0.0,0.0,0.0,0.0,0.0]
2026-02-25 00:11:35 Verb  <#71> [Scheduler] - Instant solver finished in 100.8974 ms for 1/2 connectors
2026-02-25 00:11:35 Verb  <#71> [Scheduler] - Instant update result:
Available:   (32, 32, 32) A
Surplus:     (16, 16, 16)
Cluster Max: (32, 32, 32) A
Load Guard:
    Current:     (0, 0, 0; 0) A  Smoothed: (0, 0, 0) A
    Power:       (0, 0, 0: 0) kW
    Last Update: 01/01/0001 00:00:00  Offline
Connectors:
  22030428/1
    State:           Charging {Charging}
    Target:          16 A  Last: 16 A
    Current:         (15.73, 15.306, 15.187) A  Smoothed: (15.729973, 15.305998, 15.187016) A
    Vehicle Limits:  Min: 6 A  Max: 16 A  Known
    Phase:           L123
    Arrival:         02/24/2026 20:49:51  PlannedDeparture: 02/25/2026 00:11:23
    Required Energy: 68.50000000000001 kWh  Critical
    Exclude after:   
    Ignored till:    
    Schedule:        [16.0,16.0,16.0,0.0,0.0,0.0,0.0,0.0,0.0,0.0,0.0,0.0,0.0,0.0,0.0,0.0,0.0,0.0,0.0,0.0,0.0,0.0,0.0,0.0]
  22030428/2
    State:           Excluded {ChargingPausedByEv}
    Target:          0 A  Last: 0 A
    Current:         (0, 0, 0) A  Smoothed: (0, 0, 0) A
    Vehicle Limits:  Min: 6 A  Max: 16 A  Known
    Phase:           L123
    Arrival:         02/24/2026 19:36:48  PlannedDeparture: 02/25/2026 00:11:23
    Required Energy: 66.79999923706056 kWh  Critical
    Exclude after:   02/24/2026 23:29:45
    Ignored till:    
    Schedule:        [16.0,16.0,16.0,0.0,0.0,0.0,0.0,0.0,0.0,0.0,0.0,0.0,0.0,0.0,0.0,0.0,0.0,0.0,0.0,0.0,0.0,0.0,0.0,0.0]
2026-02-25 00:11:37 Verb  <#71> [Scheduler] - Instant solver finished in 74.7134 ms for 1/2 connectors
2026-02-25 00:11:37 Verb  <#71> [Scheduler] - Instant update result:
Available:   (32, 32, 32) A
Surplus:     (16, 16, 16)
Cluster Max: (32, 32, 32) A
Load Guard:
    Current:     (0, 0, 0; 0) A  Smoothed: (0, 0, 0) A
    Power:       (0, 0, 0: 0) kW
    Last Update: 01/01/0001 00:00:00  Offline
Connectors:
  22030428/1
    State:           Charging {Charging}
    Target:          16 A  Last: 16 A
    Current:         (15.73, 15.306, 15.187) A  Smoothed: (15.729989, 15.305999, 15.187006) A
    Vehicle Limits:  Min: 6 A  Max: 16 A  Known
    Phase:           L123
    Arrival:         02/24/2026 20:49:51  PlannedDeparture: 02/25/2026 00:11:23
    Required Energy: 68.50000000000001 kWh  Critical
    Exclude after:   
    Ignored till:    
    Schedule:        [16.0,16.0,16.0,0.0,0.0,0.0,0.0,0.0,0.0,0.0,0.0,0.0,0.0,0.0,0.0,0.0,0.0,0.0,0.0,0.0,0.0,0.0,0.0,0.0]
  22030428/2
    State:           Excluded {ChargingPausedByEv}
    Target:          0 A  Last: 0 A
    Current:         (0, 0, 0) A  Smoothed: (0, 0, 0) A
    Vehicle Limits:  Min: 6 A  Max: 16 A  Known
    Phase:           L123
    Arrival:         02/24/2026 19:36:48  PlannedDeparture: 02/25/2026 00:11:23
    Required Energy: 66.79999923706056 kWh  Critical
    Exclude after:   02/24/2026 23:29:45
    Ignored till:    
    Schedule:        [16.0,16.0,16.0,0.0,0.0,0.0,0.0,0.0,0.0,0.0,0.0,0.0,0.0,0.0,0.0,0.0,0.0,0.0,0.0,0.0,0.0,0.0,0.0,0.0]
2026-02-25 00:11:39 Verb  <#71> [Scheduler] - Instant solver finished in 81.7345 ms for 1/2 connectors
2026-02-25 00:11:39 Verb  <#71> [Scheduler] - Instant update result:
Available:   (32, 32, 32) A
Surplus:     (16, 16, 16)
Cluster Max: (32, 32, 32) A
Load Guard:
    Current:     (0, 0, 0; 0) A  Smoothed: (0, 0, 0) A
    Power:       (0, 0, 0: 0) kW
    Last Update: 01/01/0001 00:00:00  Offline
Connectors:
  22030428/1
    State:           Charging {Charging}
    Target:          16 A  Last: 16 A
    Current:         (15.73, 15.306, 15.187) A  Smoothed: (15.729996, 15.306, 15.187002) A
    Vehicle Limits:  Min: 6 A  Max: 16 A  Known
    Phase:           L123
    Arrival:         02/24/2026 20:49:51  PlannedDeparture: 02/25/2026 00:11:23
    Required Energy: 68.50000000000001 kWh  Critical
    Exclude after:   
    Ignored till:    
    Schedule:        [16.0,16.0,16.0,0.0,0.0,0.0,0.0,0.0,0.0,0.0,0.0,0.0,0.0,0.0,0.0,0.0,0.0,0.0,0.0,0.0,0.0,0.0,0.0,0.0]
  22030428/2
    State:           Excluded {ChargingPausedByEv}
    Target:          0 A  Last: 0 A
    Current:         (0, 0, 0) A  Smoothed: (0, 0, 0) A
    Vehicle Limits:  Min: 6 A  Max: 16 A  Known
    Phase:           L123
    Arrival:         02/24/2026 19:36:48  PlannedDeparture: 02/25/2026 00:11:23
    Required Energy: 66.79999923706056 kWh  Critical
    Exclude after:   02/24/2026 23:29:45
    Ignored till:    
    Schedule:        [16.0,16.0,16.0,0.0,0.0,0.0,0.0,0.0,0.0,0.0,0.0,0.0,0.0,0.0,0.0,0.0,0.0,0.0,0.0,0.0,0.0,0.0,0.0,0.0]
2026-02-25 00:11:41 Verb  <#71> [Scheduler] - Instant solver finished in 82.2771 ms for 1/2 connectors
2026-02-25 00:11:41 Verb  <#71> [Scheduler] - Instant update result:
Available:   (32, 32, 32) A
Surplus:     (16, 16, 16)
Cluster Max: (32, 32, 32) A
Load Guard:
    Current:     (0, 0, 0; 0) A  Smoothed: (0, 0, 0) A
    Power:       (0, 0, 0: 0) kW
    Last Update: 01/01/0001 00:00:00  Offline
Connectors:
  22030428/1
    State:           Charging {Charging}
    Target:          16 A  Last: 16 A
    Current:         (15.73, 15.306, 15.187) A  Smoothed: (15.729998, 15.306, 15.187001) A
    Vehicle Limits:  Min: 6 A  Max: 16 A  Known
    Phase:           L123
    Arrival:         02/24/2026 20:49:51  PlannedDeparture: 02/25/2026 00:11:23
    Required Energy: 68.50000000000001 kWh  Critical
    Exclude after:   
    Ignored till:    
    Schedule:        [16.0,16.0,16.0,0.0,0.0,0.0,0.0,0.0,0.0,0.0,0.0,0.0,0.0,0.0,0.0,0.0,0.0,0.0,0.0,0.0,0.0,0.0,0.0,0.0]
  22030428/2
    State:           Excluded {ChargingPausedByEv}
    Target:          0 A  Last: 0 A
    Current:         (0, 0, 0) A  Smoothed: (0, 0, 0) A
    Vehicle Limits:  Min: 6 A  Max: 16 A  Known
    Phase:           L123
    Arrival:         02/24/2026 19:36:48  PlannedDeparture: 02/25/2026 00:11:23
    Required Energy: 66.79999923706056 kWh  Critical
    Exclude after:   02/24/2026 23:29:45
    Ignored till:    
    Schedule:        [16.0,16.0,16.0,0.0,0.0,0.0,0.0,0.0,0.0,0.0,0.0,0.0,0.0,0.0,0.0,0.0,0.0,0.0,0.0,0.0,0.0,0.0,0.0,0.0]
2026-02-25 00:11:43 Verb  <#71> [Scheduler] - Instant solver finished in 117.9173 ms for 1/2 connectors
2026-02-25 00:11:43 Verb  <#71> [Scheduler] - Instant update result:
Available:   (32, 32, 32) A
Surplus:     (16, 16, 16)
Cluster Max: (32, 32, 32) A
Load Guard:
    Current:     (0, 0, 0; 0) A  Smoothed: (0, 0, 0) A
    Power:       (0, 0, 0: 0) kW
    Last Update: 01/01/0001 00:00:00  Offline
Connectors:
  22030428/1
    State:           Charging {Charging}
    Target:          16 A  Last: 16 A
    Current:         (15.763, 15.321, 15.134) A  Smoothed: (15.757719, 15.3186, 15.14248) A
    Vehicle Limits:  Min: 6 A  Max: 16 A  Known
    Phase:           L123
    Arrival:         02/24/2026 20:49:51  PlannedDeparture: 02/25/2026 00:11:23
    Required Energy: 68.50000000000001 kWh  Critical
    Exclude after:   
    Ignored till:    
    Schedule:        [16.0,16.0,16.0,0.0,0.0,0.0,0.0,0.0,0.0,0.0,0.0,0.0,0.0,0.0,0.0,0.0,0.0,0.0,0.0,0.0,0.0,0.0,0.0,0.0]
  22030428/2
    State:           Excluded {ChargingPausedByEv}
    Target:          0 A  Last: 0 A
    Current:         (0, 0, 0) A  Smoothed: (0, 0, 0) A
    Vehicle Limits:  Min: 6 A  Max: 16 A  Known
    Phase:           L123
    Arrival:         02/24/2026 19:36:48  PlannedDeparture: 02/25/2026 00:11:23
    Required Energy: 66.79999923706056 kWh  Critical
    Exclude after:   02/24/2026 23:29:45
    Ignored till:    
    Schedule:        [16.0,16.0,16.0,0.0,0.0,0.0,0.0,0.0,0.0,0.0,0.0,0.0,0.0,0.0,0.0,0.0,0.0,0.0,0.0,0.0,0.0,0.0,0.0,0.0]
2026-02-25 00:11:45 Verb  <#71> [Scheduler] - Instant solver finished in 153.7465 ms for 1/2 connectors
2026-02-25 00:11:45 Verb  <#71> [Scheduler] - Instant update result:
Available:   (32, 32, 32) A
Surplus:     (16, 16, 16)
Cluster Max: (32, 32, 32) A
Load Guard:
    Current:     (0, 0, 0; 0) A  Smoothed: (0, 0, 0) A
    Power:       (0, 0, 0: 0) kW
    Last Update: 01/01/0001 00:00:00  Offline
Connectors:
  22030428/1
    State:           Charging {Charging}
    Target:          16 A  Last: 16 A
    Current:         (15.763, 15.321, 15.134) A  Smoothed: (15.760887, 15.32004, 15.137392) A
    Vehicle Limits:  Min: 6 A  Max: 16 A  Known
    Phase:           L123
    Arrival:         02/24/2026 20:49:51  PlannedDeparture: 02/25/2026 00:11:23
    Required Energy: 68.50000000000001 kWh  Critical
    Exclude after:   
    Ignored till:    
    Schedule:        [16.0,16.0,16.0,0.0,0.0,0.0,0.0,0.0,0.0,0.0,0.0,0.0,0.0,0.0,0.0,0.0,0.0,0.0,0.0,0.0,0.0,0.0,0.0,0.0]
  22030428/2
    State:           Excluded {ChargingPausedByEv}
    Target:          0 A  Last: 0 A
    Current:         (0, 0, 0) A  Smoothed: (0, 0, 0) A
    Vehicle Limits:  Min: 6 A  Max: 16 A  Known
    Phase:           L123
    Arrival:         02/24/2026 19:36:48  PlannedDeparture: 02/25/2026 00:11:23
    Required Energy: 66.79999923706056 kWh  Critical
    Exclude after:   02/24/2026 23:29:45
    Ignored till:    
    Schedule:        [16.0,16.0,16.0,0.0,0.0,0.0,0.0,0.0,0.0,0.0,0.0,0.0,0.0,0.0,0.0,0.0,0.0,0.0,0.0,0.0,0.0,0.0,0.0,0.0]
2026-02-25 00:11:47 Verb  <#58> [Scheduler] - Instant solver finished in 140.3266 ms for 1/2 connectors
2026-02-25 00:11:47 Verb  <#58> [Scheduler] - Instant update result:
Available:   (32, 32, 32) A
Surplus:     (16, 16, 16)
Cluster Max: (32, 32, 32) A
Load Guard:
    Current:     (0, 0, 0; 0) A  Smoothed: (0, 0, 0) A
    Power:       (0, 0, 0: 0) kW
    Last Update: 01/01/0001 00:00:00  Offline
Connectors:
  22030428/1
    State:           Charging {Charging}
    Target:          16 A  Last: 16 A
    Current:         (15.763, 15.321, 15.134) A  Smoothed: (15.762155, 15.320616, 15.135357) A
    Vehicle Limits:  Min: 6 A  Max: 16 A  Known
    Phase:           L123
    Arrival:         02/24/2026 20:49:51  PlannedDeparture: 02/25/2026 00:11:23
    Required Energy: 68.50000000000001 kWh  Critical
    Exclude after:   
    Ignored till:    
    Schedule:        [16.0,16.0,16.0,0.0,0.0,0.0,0.0,0.0,0.0,0.0,0.0,0.0,0.0,0.0,0.0,0.0,0.0,0.0,0.0,0.0,0.0,0.0,0.0,0.0]
  22030428/2
    State:           Excluded {ChargingPausedByEv}
    Target:          0 A  Last: 0 A
    Current:         (0, 0, 0) A  Smoothed: (0, 0, 0) A
    Vehicle Limits:  Min: 6 A  Max: 16 A  Known
    Phase:           L123
    Arrival:         02/24/2026 19:36:48  PlannedDeparture: 02/25/2026 00:11:23
    Required Energy: 66.79999923706056 kWh  Critical
    Exclude after:   02/24/2026 23:29:45
    Ignored till:    
    Schedule:        [16.0,16.0,16.0,0.0,0.0,0.0,0.0,0.0,0.0,0.0,0.0,0.0,0.0,0.0,0.0,0.0,0.0,0.0,0.0,0.0,0.0,0.0,0.0,0.0]
2026-02-25 00:11:49 Verb  <#71> [Scheduler] - Instant solver finished in 123.2668 ms for 1/2 connectors
2026-02-25 00:11:49 Verb  <#71> [Scheduler] - Instant update result:
Available:   (32, 32, 32) A
Surplus:     (16, 16, 16)
Cluster Max: (32, 32, 32) A
Load Guard:
    Current:     (0, 0, 0; 0) A  Smoothed: (0, 0, 0) A
    Power:       (0, 0, 0: 0) kW
    Last Update: 01/01/0001 00:00:00  Offline
Connectors:
  22030428/1
    State:           Charging {Charging}
    Target:          16 A  Last: 16 A
    Current:         (15.763, 15.321, 15.134) A  Smoothed: (15.762662, 15.320847, 15.134542) A
    Vehicle Limits:  Min: 6 A  Max: 16 A  Known
    Phase:           L123
    Arrival:         02/24/2026 20:49:51  PlannedDeparture: 02/25/2026 00:11:23
    Required Energy: 68.50000000000001 kWh  Critical
    Exclude after:   
    Ignored till:    
    Schedule:        [16.0,16.0,16.0,0.0,0.0,0.0,0.0,0.0,0.0,0.0,0.0,0.0,0.0,0.0,0.0,0.0,0.0,0.0,0.0,0.0,0.0,0.0,0.0,0.0]
  22030428/2
    State:           Excluded {ChargingPausedByEv}
    Target:          0 A  Last: 0 A
    Current:         (0, 0, 0) A  Smoothed: (0, 0, 0) A
    Vehicle Limits:  Min: 6 A  Max: 16 A  Known
    Phase:           L123
    Arrival:         02/24/2026 19:36:48  PlannedDeparture: 02/25/2026 00:11:23
    Required Energy: 66.79999923706056 kWh  Critical
    Exclude after:   02/24/2026 23:29:45
    Ignored till:    
    Schedule:        [16.0,16.0,16.0,0.0,0.0,0.0,0.0,0.0,0.0,0.0,0.0,0.0,0.0,0.0,0.0,0.0,0.0,0.0,0.0,0.0,0.0,0.0,0.0,0.0]
2026-02-25 00:11:52 Verb  <#71> [Scheduler] - Instant solver finished in 229.596 ms for 1/2 connectors
2026-02-25 00:11:52 Loggr <#71> [FileLogWriter] - Closing log file. Reason: Estimated file size is greater than limit
